lap_id,driver_id,team,speed,sector_1,sector_2,sector_3,season,round
2,2,AlphaTauri,332.72,28.45,38.13,26.03,2022,17
8,20,AlphaTauri,320.38,33.38,44.51,30.88,2022,24
9,7,Alpine,293.12,37.32,40.35,24.4,2022,4
23,19,McLaren,288.13,33.57,37.69,23.79,2022,6
24,3,McLaren,295.39,33.33,35.16,22.82,2022,8
37,17,McLaren,298.17,28.71,43.21,26.63,2022,2
38,8,Ferrari,301.63,35.54,35.74,28.59,2022,9
40,4,Williams,297.13,33.01,44.42,26.54,2022,23
47,20,AlphaTauri,316.1,39.29,36.71,23.11,2022,16
50,14,Ferrari,287.44,39.03,40.24,26.11,2022,18
51,6,Mercedes,307.05,36.99,36.6,25.25,2022,17
54,16,RedBull,325.07,26.23,33.47,22.4,2022,20
64,7,Alpine,344.35,26.82,35.81,31.75,2022,22
67,7,Alpine,335.68,31.74,31.97,25.67,2022,9
69,5,Ferrari,324.68,30.85,35.43,22.11,2022,18
71,12,RedBull,288.93,28.56,32.5,21.81,2022,6
77,9,Ferrari,330.63,27.83,38.88,24.34,2022,7
78,3,McLaren,309.66,39.58,41.7,26.22,2022,18
81,17,McLaren,293.0,35.03,30.91,34.37,2022,12
82,19,McLaren,334.29,38.23,42.48,30.5,2022,7
95,1,RedBull,288.8,33.22,42.37,20.03,2022,17
98,16,RedBull,297.45,26.04,32.97,25.21,2022,1
100,5,Ferrari,308.01,35.82,30.8,29.64,2022,2
104,13,Mercedes,336.37,36.23,38.58,24.94,2022,13
117,5,Ferrari,334.83,31.94,30.68,28.62,2022,4
123,10,Alpine,283.32,34.54,40.75,29.94,2022,11
125,15,Alpine,309.54,37.27,40.71,27.57,2022,8
130,10,Alpine,330.4,37.13,42.07,34.29,2022,15
131,14,Ferrari,313.91,26.88,38.27,26.2,2022,14
134,11,Williams,296.69,29.5,42.95,34.21,2022,9
135,20,AlphaTauri,283.71,31.97,37.7,21.32,2022,21
138,20,AlphaTauri,311.29,38.02,40.08,25.12,2022,23
144,16,RedBull,321.71,39.21,30.99,28.34,2022,17
155,15,Alpine,281.41,31.53,37.19,32.37,2022,2
159,4,Williams,331.08,36.88,41.64,26.44,2022,15
164,20,AlphaTauri,305.01,29.22,31.04,26.38,2022,18
165,11,Williams,283.53,31.85,36.18,29.71,2022,21
170,4,Williams,325.24,26.87,41.03,33.08,2022,23
172,20,AlphaTauri,290.54,36.7,43.08,27.36,2022,11
177,8,Ferrari,295.63,39.08,43.8,22.0,2022,11
181,1,RedBull,300.94,31.21,42.43,31.67,2022,22
186,19,McLaren,317.4,33.99,34.07,23.42,2022,7
188,4,Williams,292.55,35.77,37.13,21.64,2022,13
200,17,McLaren,310.99,25.48,40.0,22.81,2022,8
207,18,Ferrari,303.18,27.65,40.49,29.82,2022,17
208,1,RedBull,297.63,39.39,30.32,32.2,2022,1
210,8,Ferrari,282.34,33.36,34.56,26.88,2022,9
227,17,McLaren,282.32,35.76,31.96,25.65,2022,15
230,17,McLaren,286.61,36.29,32.58,27.36,2022,6
236,13,Mercedes,293.61,33.15,34.62,34.23,2022,7
239,8,Ferrari,300.85,33.52,43.44,25.44,2022,12
242,11,Williams,325.0,29.92,36.6,30.89,2022,15
248,10,Alpine,333.92,38.7,43.99,23.09,2022,12
249,1,RedBull,292.08,39.25,40.86,32.31,2022,24
251,18,Ferrari,304.81,38.94,37.5,21.05,2022,4
252,17,McLaren,317.0,34.18,35.89,31.83,2022,6
253,17,McLaren,338.97,38.28,38.41,21.76,2022,23
263,14,Ferrari,284.58,37.63,43.28,28.13,2022,12
264,18,Ferrari,304.28,27.01,39.22,26.39,2022,11
275,7,Alpine,294.07,28.13,40.55,27.62,2022,17
284,3,McLaren,330.01,28.05,30.53,22.11,2022,19
285,7,Alpine,286.87,34.51,39.36,34.16,2022,11
288,5,Ferrari,311.33,29.64,35.25,20.39,2022,22
290,12,RedBull,334.43,30.12,35.19,23.56,2022,11
297,13,Mercedes,291.08,28.68,42.32,30.18,2022,1
315,1,RedBull,299.96,26.41,32.51,32.02,2022,23
316,14,Ferrari,312.74,29.79,34.59,32.37,2022,15
319,10,Alpine,303.28,37.18,44.75,26.68,2022,13
320,17,McLaren,319.33,32.91,30.92,20.09,2022,8
327,8,Ferrari,324.78,36.31,43.8,33.45,2022,16
328,19,McLaren,333.59,31.53,44.65,23.73,2022,9
334,11,Williams,290.41,33.33,36.95,30.51,2022,9
337,10,Alpine,295.54,28.11,33.8,26.49,2022,21
346,3,McLaren,298.51,30.51,42.18,34.26,2022,16
350,13,Mercedes,328.27,29.06,44.04,30.44,2022,6
351,16,RedBull,281.03,32.37,38.5,23.94,2022,4
352,9,Ferrari,300.53,26.56,38.94,20.56,2022,22
356,10,Alpine,292.39,31.59,30.21,29.68,2022,6
359,5,Ferrari,321.05,39.47,36.94,21.91,2022,19
368,15,Alpine,334.13,39.77,39.24,30.23,2022,4
370,5,Ferrari,294.64,29.36,31.78,23.04,2022,5
382,2,AlphaTauri,339.41,33.96,41.33,31.41,2022,11
383,7,Alpine,317.7,33.54,42.38,22.37,2022,5
386,14,Ferrari,318.69,34.79,37.6,30.37,2022,1
397,5,Ferrari,324.62,38.1,40.59,20.79,2022,1
400,18,Ferrari,309.2,29.75,37.73,23.6,2022,5
401,18,Ferrari,335.25,33.6,42.71,32.38,2022,11
405,8,Ferrari,295.23,31.28,43.63,22.16,2022,18
408,3,McLaren,320.1,34.58,43.19,32.31,2022,20
409,5,Ferrari,311.51,38.75,44.99,23.89,2022,2
411,11,Williams,299.56,25.63,41.26,21.09,2022,12
413,17,McLaren,294.64,27.15,37.2,20.58,2022,18
415,19,McLaren,306.75,35.15,37.18,34.98,2022,8
418,8,Ferrari,281.36,29.2,38.99,22.17,2022,7
421,8,Ferrari,336.22,29.73,33.81,31.92,2022,6
425,6,Mercedes,322.43,33.23,31.64,30.73,2022,12
428,1,RedBull,301.33,25.63,39.09,32.8,2022,2
429,8,Ferrari,314.65,28.17,39.59,33.21,2022,5
432,9,Ferrari,290.7,26.19,32.93,21.96,2022,5
435,15,Alpine,329.12,39.37,34.14,30.79,2022,20
439,16,RedBull,333.33,25.89,33.5,21.98,2022,18
442,4,Williams,316.33,33.95,34.48,30.22,2022,7
447,9,Ferrari,290.95,25.16,31.3,23.05,2022,1
460,18,Ferrari,282.44,39.22,42.14,31.85,2022,24
462,7,Alpine,339.98,38.97,35.18,21.4,2022,8
470,9,Ferrari,321.92,35.39,32.41,24.72,2022,17
471,12,RedBull,339.75,31.19,37.23,30.54,2022,3
478,15,Alpine,343.73,29.89,33.7,28.49,2022,9
479,7,Alpine,304.6,28.38,38.03,24.28,2022,4
483,11,Williams,283.97,26.5,37.15,31.61,2022,14
485,10,Alpine,336.74,28.0,32.78,23.72,2022,12
488,2,AlphaTauri,289.92,37.57,33.37,25.51,2022,6
490,7,Alpine,313.79,28.56,40.27,31.07,2022,9
491,9,Ferrari,308.32,29.13,39.99,24.51,2022,16
496,17,McLaren,321.56,37.18,32.34,31.46,2022,1
500,8,Ferrari,325.16,33.11,36.76,21.7,2022,8
504,4,Williams,331.6,25.36,41.65,28.46,2022,19
508,10,Alpine,289.07,28.87,36.75,27.11,2022,6
524,5,Ferrari,306.18,32.64,43.8,25.3,2022,19
536,5,Ferrari,343.47,32.24,39.21,20.64,2022,24
540,19,McLaren,323.35,25.31,40.55,30.21,2022,10
543,14,Ferrari,311.18,32.85,35.8,20.28,2022,18
549,16,RedBull,286.02,29.22,31.02,33.44,2022,10
554,5,Ferrari,287.24,39.7,38.24,20.9,2022,23
555,7,Alpine,308.99,29.87,37.34,29.53,2022,6
558,15,Alpine,283.47,29.13,36.05,29.06,2022,15
560,7,Alpine,328.61,38.62,35.73,23.37,2022,19
569,8,Ferrari,342.24,32.5,36.08,34.77,2022,5
570,8,Ferrari,307.95,28.12,32.08,24.58,2022,6
579,3,McLaren,286.08,37.22,37.57,25.1,2022,15
583,4,Williams,302.6,39.7,38.7,25.79,2022,10
587,1,RedBull,292.69,28.47,32.41,24.63,2022,14
593,17,McLaren,331.29,32.84,35.51,34.55,2022,23
599,6,Mercedes,298.96,35.7,41.27,29.45,2022,23
601,7,Alpine,305.25,31.29,36.24,27.48,2022,8
602,15,Alpine,308.58,35.42,37.62,24.06,2022,13
604,11,Williams,328.3,36.28,33.87,29.31,2022,3
605,20,AlphaTauri,282.94,29.0,31.94,27.17,2022,16
608,20,AlphaTauri,325.17,39.59,31.45,31.3,2022,3
611,1,RedBull,342.45,29.12,35.61,21.83,2022,3
627,1,RedBull,297.85,34.4,39.08,32.51,2022,9
636,7,Alpine,293.4,34.66,35.77,24.88,2022,23
637,11,Williams,305.71,36.98,31.09,27.27,2022,21
638,8,Ferrari,319.79,29.53,38.63,34.86,2022,24
653,6,Mercedes,326.5,25.82,42.82,29.34,2022,1
657,6,Mercedes,328.94,34.14,33.95,24.27,2022,18
664,18,Ferrari,312.31,32.02,41.61,25.85,2022,22
666,12,RedBull,291.54,31.78,31.85,25.16,2022,9
669,4,Williams,322.61,34.14,40.07,21.63,2022,22
682,5,Ferrari,292.21,26.85,41.86,20.7,2022,16
687,19,McLaren,289.95,36.3,37.63,27.53,2022,6
689,9,Ferrari,303.2,38.46,36.19,34.48,2022,23
690,1,RedBull,295.11,39.21,34.12,32.68,2022,19
699,14,Ferrari,308.08,26.47,35.23,27.58,2022,16
704,17,McLaren,302.92,36.33,34.91,22.14,2022,20
708,20,AlphaTauri,326.16,33.05,41.36,32.08,2022,21
711,12,RedBull,303.95,36.31,39.28,31.17,2022,17
712,3,McLaren,318.54,31.14,43.35,30.06,2022,16
714,10,Alpine,343.19,27.77,44.23,21.51,2022,1
716,1,RedBull,318.72,27.51,39.76,32.23,2022,18
717,16,RedBull,323.21,30.96,37.1,31.37,2022,1
722,20,AlphaTauri,342.27,31.39,38.4,31.05,2022,22
723,8,Ferrari,344.71,26.98,38.46,22.8,2022,19
729,1,RedBull,308.13,38.09,43.27,29.65,2022,5
735,10,Alpine,337.98,28.9,44.53,34.66,2022,10
742,2,AlphaTauri,321.36,39.21,34.34,23.73,2022,19
749,3,McLaren,285.29,27.02,33.48,24.22,2022,16
752,15,Alpine,289.9,38.14,42.82,26.64,2022,17
760,15,Alpine,307.72,31.14,36.19,32.39,2022,20
761,19,McLaren,296.14,25.9,38.84,28.55,2022,2
762,4,Williams,305.86,39.91,33.54,23.43,2022,23
766,7,Alpine,332.41,27.02,41.92,21.06,2022,2
767,14,Ferrari,330.56,33.68,38.94,26.88,2022,8
773,18,Ferrari,322.16,33.91,36.81,23.19,2022,17
779,2,AlphaTauri,341.74,28.09,34.55,34.54,2022,10
782,4,Williams,302.51,26.19,42.47,27.21,2022,8
783,3,McLaren,298.44,25.1,38.68,23.37,2022,2
787,3,McLaren,285.17,31.58,41.21,26.58,2022,9
789,18,Ferrari,302.78,29.99,34.81,27.28,2022,4
797,8,Ferrari,341.92,27.84,38.83,26.71,2022,16
799,9,Ferrari,317.26,30.9,40.67,27.57,2022,7
805,13,Mercedes,298.15,27.59,44.61,31.39,2022,24
807,16,RedBull,313.48,39.76,31.14,32.67,2022,12
808,7,Alpine,341.81,31.02,31.79,28.79,2022,12
816,2,AlphaTauri,308.5,32.08,43.05,24.63,2022,10
819,19,McLaren,338.42,26.54,41.33,29.05,2022,4
830,9,Ferrari,299.4,26.55,38.17,27.38,2022,16
833,5,Ferrari,282.8,25.67,38.96,22.47,2022,16
835,1,RedBull,311.1,39.96,41.02,21.1,2022,5
838,12,RedBull,287.71,36.38,42.97,29.7,2022,4
842,1,RedBull,304.95,35.29,30.27,32.53,2022,3
850,15,Alpine,313.41,36.67,31.82,28.04,2022,14
851,4,Williams,291.55,25.23,37.92,25.87,2022,20
856,14,Ferrari,304.41,34.61,41.79,31.68,2022,20
857,13,Mercedes,344.16,31.7,42.59,27.06,2022,5
858,9,Ferrari,339.6,37.42,44.66,23.87,2022,21
861,16,RedBull,327.04,39.24,35.49,28.71,2022,20
868,6,Mercedes,324.84,38.66,38.12,27.41,2022,19
872,4,Williams,315.34,38.3,37.83,31.66,2022,9
884,5,Ferrari,335.98,37.24,39.26,26.79,2022,12
887,14,Ferrari,280.78,28.33,31.24,23.04,2022,5
894,1,RedBull,314.48,37.4,39.79,33.29,2022,10
897,8,Ferrari,313.31,34.29,31.47,25.12,2022,4
901,9,Ferrari,323.8,26.86,39.39,32.9,2022,10
904,9,Ferrari,287.87,37.96,36.72,25.8,2022,22
908,20,AlphaTauri,334.82,28.27,42.94,30.07,2022,12
910,5,Ferrari,299.35,27.9,41.65,32.95,2022,5
912,4,Williams,337.32,29.81,37.69,32.21,2022,23
916,18,Ferrari,294.26,29.86,33.03,27.39,2022,16
922,11,Williams,296.0,37.72,42.36,29.87,2022,15
924,14,Ferrari,287.73,36.08,41.07,34.2,2022,9
926,4,Williams,332.71,33.67,37.63,30.35,2022,16
927,16,RedBull,322.7,34.77,43.38,23.35,2022,6
928,7,Alpine,300.17,38.87,35.08,20.39,2022,18
934,15,Alpine,320.67,29.19,41.95,26.0,2022,17
935,14,Ferrari,286.88,36.36,34.66,27.92,2022,17
940,8,Ferrari,312.42,26.39,30.45,31.2,2022,7
946,15,Alpine,285.06,29.42,32.23,27.34,2022,24
955,16,RedBull,322.65,30.36,32.12,27.33,2022,17
957,18,Ferrari,319.45,34.0,43.57,22.33,2022,20
960,12,RedBull,342.53,26.14,34.96,31.28,2022,5
962,4,Williams,283.46,25.34,41.78,30.95,2022,13
966,18,Ferrari,303.44,39.65,42.89,27.47,2022,3
967,8,Ferrari,286.89,32.19,36.5,30.83,2022,21
972,11,Williams,281.48,32.25,31.32,22.6,2022,17
976,3,McLaren,293.75,30.78,41.94,24.61,2022,8
979,4,Williams,301.87,39.39,36.47,32.41,2022,16
981,12,RedBull,297.24,26.18,40.64,33.03,2022,15
984,5,Ferrari,309.48,34.01,36.42,31.13,2022,23
988,5,Ferrari,287.79,39.4,30.84,26.61,2022,2
991,8,Ferrari,292.39,25.7,37.62,26.93,2022,3
992,16,RedBull,322.2,29.9,35.6,34.55,2022,24
994,16,RedBull,332.78,34.29,38.49,21.55,2022,22
996,11,Williams,312.45,30.08,39.46,28.4,2022,11
998,18,Ferrari,320.39,29.25,44.15,31.92,2022,9
1000,12,RedBull,305.09,29.54,30.75,21.13,2022,3
1014,4,Williams,301.08,33.49,42.94,24.29,2022,8
1016,5,Ferrari,313.29,31.62,38.64,30.61,2022,22
1024,15,Alpine,333.63,38.16,38.17,21.14,2022,3
1029,10,Alpine,295.76,28.41,36.9,30.83,2022,24
1035,12,RedBull,304.71,36.69,34.05,25.22,2022,17
1037,17,McLaren,323.81,31.33,36.43,24.23,2022,18
1038,6,Mercedes,341.81,30.63,31.12,34.12,2022,9
1039,4,Williams,284.97,26.37,44.33,28.42,2022,14
1042,6,Mercedes,285.85,27.72,33.18,34.21,2022,2
1046,3,McLaren,283.35,27.2,34.96,28.39,2022,7
1050,1,RedBull,325.68,38.23,41.71,21.83,2022,12
1051,9,Ferrari,290.41,27.53,32.72,26.54,2022,18
1052,6,Mercedes,289.8,31.04,32.3,32.82,2022,20
1056,16,RedBull,318.95,34.61,35.01,25.12,2022,1
1060,5,Ferrari,338.55,27.37,34.69,22.97,2022,23
1063,9,Ferrari,311.09,39.69,35.9,23.87,2022,18
1064,9,Ferrari,331.28,30.32,34.21,28.72,2022,11
1065,13,Mercedes,317.87,36.52,37.76,22.97,2022,3
1067,5,Ferrari,343.44,39.13,36.49,27.18,2022,9
1068,15,Alpine,331.24,29.51,41.81,32.75,2022,15
1075,10,Alpine,343.28,33.76,41.06,21.62,2022,17
1080,8,Ferrari,305.69,39.18,40.76,24.67,2022,18
1086,14,Ferrari,290.12,31.57,40.8,25.38,2022,18
1093,11,Williams,302.03,39.35,44.51,24.38,2022,11
1097,20,AlphaTauri,302.42,32.43,42.26,27.09,2022,10
1100,15,Alpine,313.76,39.47,40.25,33.31,2022,4
1105,9,Ferrari,302.17,27.01,31.63,33.17,2022,19
1108,5,Ferrari,298.77,32.18,33.69,24.82,2022,8
1117,5,Ferrari,337.98,32.8,36.15,32.93,2022,7
1128,1,RedBull,340.82,37.18,32.75,31.02,2022,19
1133,13,Mercedes,291.55,29.77,41.44,33.55,2022,3
1139,2,AlphaTauri,332.14,33.28,31.59,33.3,2022,18
1149,14,Ferrari,333.78,37.22,35.53,27.83,2022,7
1154,3,McLaren,335.38,35.85,39.92,29.75,2022,23
1158,7,Alpine,319.74,27.01,36.25,31.7,2022,6
1165,1,RedBull,282.31,38.04,37.56,24.76,2022,21
1167,2,AlphaTauri,289.94,29.09,34.59,28.54,2022,16
1168,8,Ferrari,336.92,33.68,38.0,25.16,2022,13
1171,19,McLaren,284.49,34.23,44.05,27.27,2022,12
1179,11,Williams,340.09,30.14,31.62,33.63,2022,18
1184,6,Mercedes,326.13,26.09,33.75,25.87,2022,2
1185,16,RedBull,298.71,27.14,42.57,27.12,2022,16
1188,8,Ferrari,318.57,33.24,42.21,32.62,2022,21
1190,8,Ferrari,281.53,34.6,43.93,21.8,2022,4
1193,15,Alpine,286.23,32.12,35.28,21.75,2022,16
1194,11,Williams,285.8,33.73,35.5,24.7,2022,24
1196,13,Mercedes,300.14,36.65,42.63,31.06,2022,8
1198,13,Mercedes,302.77,25.13,37.32,20.63,2022,20
1200,13,Mercedes,333.9,36.23,32.27,28.78,2022,5
1201,3,McLaren,281.51,31.91,44.51,33.92,2022,21
1205,13,Mercedes,336.19,30.2,36.92,21.33,2022,17
1209,18,Ferrari,300.79,35.9,40.23,29.0,2022,19
1213,1,RedBull,315.59,34.33,37.45,28.32,2022,7
1220,19,McLaren,332.14,27.28,33.17,32.62,2022,15
1222,15,Alpine,309.58,30.12,30.79,21.94,2022,8
1225,8,Ferrari,339.63,33.52,35.74,33.77,2022,1
1230,15,Alpine,305.44,25.95,31.21,20.08,2022,23
1235,10,Alpine,282.08,31.59,40.85,32.64,2022,23
1240,6,Mercedes,307.36,28.59,40.65,34.25,2022,5
1242,17,McLaren,323.23,35.14,33.02,22.12,2022,6
1246,8,Ferrari,331.33,30.73,30.11,30.86,2022,4
1249,11,Williams,325.78,31.46,30.03,21.26,2022,13
1259,17,McLaren,298.74,39.39,41.43,24.84,2022,17
1263,8,Ferrari,319.71,36.0,38.2,27.47,2022,10
1268,9,Ferrari,331.95,38.48,42.74,20.65,2022,1
1271,7,Alpine,304.61,30.28,40.68,33.01,2022,1
1279,20,AlphaTauri,340.6,37.25,33.06,29.74,2022,13
1280,5,Ferrari,291.57,30.04,41.17,30.52,2022,19
1286,17,McLaren,339.04,30.32,39.43,26.29,2022,19
1293,17,McLaren,325.7,27.8,38.08,26.33,2022,18
1297,12,RedBull,281.93,31.84,33.56,27.57,2022,17
1298,8,Ferrari,333.7,28.14,43.82,26.15,2022,11
1302,18,Ferrari,317.36,27.59,35.46,25.92,2022,23
1303,5,Ferrari,330.26,25.33,40.93,34.73,2022,4
1306,1,RedBull,343.42,34.05,40.39,25.14,2022,15
1309,7,Alpine,344.77,31.83,32.96,34.18,2022,2
1311,8,Ferrari,319.56,25.42,41.41,25.32,2022,4
1314,9,Ferrari,334.21,25.99,44.94,21.61,2022,10
1317,16,RedBull,316.32,34.13,33.02,29.07,2022,23
1324,14,Ferrari,308.41,36.96,30.06,21.73,2022,14
1325,1,RedBull,303.08,30.05,42.77,22.37,2022,16
1329,12,RedBull,320.22,37.57,43.58,34.72,2022,8
1330,3,McLaren,305.65,34.13,36.14,21.07,2022,21
1331,15,Alpine,310.22,37.22,37.67,24.8,2022,11
1343,8,Ferrari,343.78,33.69,31.68,21.66,2022,3
1347,3,McLaren,304.73,34.7,30.1,30.93,2022,5
1349,17,McLaren,326.15,26.21,31.27,22.66,2022,2
1360,2,AlphaTauri,302.78,38.99,30.05,32.0,2022,5
1361,13,Mercedes,330.2,34.85,31.23,32.8,2022,8
1372,20,AlphaTauri,323.13,32.59,44.89,34.33,2022,21
1386,8,Ferrari,336.24,37.7,42.66,22.49,2022,10
1387,9,Ferrari,337.9,35.04,44.07,33.13,2022,12
1391,6,Mercedes,328.69,32.66,39.87,31.53,2022,19
1393,9,Ferrari,285.87,32.32,35.93,21.76,2022,14
1394,19,McLaren,307.94,31.72,32.93,34.3,2022,12
1403,14,Ferrari,324.6,32.03,39.36,29.05,2022,4
1420,8,Ferrari,344.32,37.72,42.08,22.33,2022,1
1423,2,AlphaTauri,284.88,27.86,36.33,26.34,2022,9
1425,2,AlphaTauri,336.5,25.31,35.72,26.44,2022,11
1427,16,RedBull,335.22,30.79,34.54,30.96,2022,8
1429,16,RedBull,288.68,26.11,31.96,23.16,2022,11
1431,16,RedBull,340.78,25.52,38.34,28.18,2022,10
1435,13,Mercedes,293.11,33.29,30.34,26.09,2022,6
1438,13,Mercedes,292.89,28.19,31.23,34.2,2022,19
1439,3,McLaren,322.67,33.46,32.48,26.22,2022,7
1440,20,AlphaTauri,323.86,29.96,36.1,34.76,2022,11
1443,20,AlphaTauri,315.15,35.65,35.5,24.65,2022,20
1454,4,Williams,337.49,34.19,43.89,25.25,2022,10
1460,20,AlphaTauri,334.9,38.27,30.76,28.3,2022,4
1462,1,RedBull,312.43,28.81,40.24,25.57,2022,24
1463,10,Alpine,304.42,37.38,36.47,28.61,2022,22
1464,4,Williams,319.54,25.78,37.55,30.26,2022,10
1465,15,Alpine,308.36,26.47,39.17,25.53,2022,5
1473,8,Ferrari,280.79,25.85,41.4,22.71,2022,23
1476,5,Ferrari,287.9,34.63,42.1,25.62,2022,5
1479,17,McLaren,344.65,28.87,37.1,32.76,2022,13
1481,14,Ferrari,299.83,37.8,31.19,31.92,2022,24
1491,5,Ferrari,313.19,33.28,42.81,22.84,2022,3
1494,9,Ferrari,292.77,34.99,32.45,24.54,2022,18
1498,13,Mercedes,301.06,29.01,33.92,20.33,2022,6
1512,1,RedBull,300.73,37.87,38.99,27.5,2022,14
1527,18,Ferrari,337.61,33.84,33.82,20.99,2022,21
1535,15,Alpine,285.05,36.35,40.7,20.96,2022,22
1539,3,McLaren,300.16,37.08,34.24,20.75,2022,8
1545,13,Mercedes,310.82,36.14,43.67,21.17,2022,16
1547,3,McLaren,338.9,31.88,40.64,33.87,2022,4
1549,6,Mercedes,340.82,34.0,41.28,24.66,2022,22
1550,5,Ferrari,338.2,31.01,39.41,28.03,2022,3
1553,6,Mercedes,302.86,31.15,31.31,30.54,2022,16
1560,6,Mercedes,335.91,27.07,44.91,33.74,2022,21
1561,16,RedBull,328.55,31.29,36.43,24.4,2022,11
1562,9,Ferrari,338.14,31.59,43.69,24.09,2022,11
1566,19,McLaren,325.84,35.15,31.99,21.48,2022,21
1569,12,RedBull,304.15,30.91,36.19,26.34,2022,10
1574,5,Ferrari,307.91,33.33,31.63,29.13,2022,11
1582,19,McLaren,280.5,35.22,41.09,22.17,2022,24
1588,6,Mercedes,303.69,32.21,37.27,20.09,2022,8
1594,3,McLaren,294.17,34.57,42.18,25.44,2022,21
1597,17,McLaren,286.97,26.79,38.83,29.47,2022,20
1605,5,Ferrari,296.18,39.6,30.91,33.49,2022,22
1609,2,AlphaTauri,309.06,29.75,44.4,29.6,2022,17
1622,8,Ferrari,317.45,28.81,33.37,30.95,2022,16
1624,8,Ferrari,315.03,35.88,32.34,21.01,2022,1
1628,15,Alpine,282.05,27.79,42.56,30.29,2022,1
1635,20,AlphaTauri,335.48,36.56,40.4,22.31,2022,7
1636,18,Ferrari,310.55,38.38,41.38,33.06,2022,11
1639,15,Alpine,340.3,27.79,35.17,28.53,2022,6
1641,2,AlphaTauri,300.01,37.15,38.51,25.09,2022,10
1648,19,McLaren,291.0,26.06,35.09,25.95,2022,23
1657,9,Ferrari,332.55,33.79,31.08,31.02,2022,11
1659,17,McLaren,326.71,26.65,43.81,25.45,2022,1
1660,8,Ferrari,324.95,27.46,43.7,31.41,2022,13
1663,15,Alpine,321.36,35.33,31.29,27.1,2022,18
1667,1,RedBull,317.02,28.01,37.33,27.89,2022,13
1668,12,RedBull,330.31,25.3,30.21,28.44,2022,3
1670,18,Ferrari,292.98,37.09,35.15,27.54,2022,9
1682,19,McLaren,332.25,27.84,35.49,25.23,2022,12
1690,11,Williams,294.01,30.35,33.51,24.95,2022,22
1696,20,AlphaTauri,288.95,30.12,41.15,33.25,2022,2
1700,3,McLaren,304.53,29.66,43.69,30.5,2022,24
1703,15,Alpine,344.21,25.23,41.87,30.27,2022,11
1711,10,Alpine,317.49,33.06,42.59,24.61,2022,14
1719,8,Ferrari,334.32,35.47,42.05,30.25,2022,3
1720,14,Ferrari,312.7,25.07,43.12,29.53,2022,10
1722,12,RedBull,309.22,29.59,35.46,24.17,2022,24
1723,2,AlphaTauri,286.27,39.11,32.98,32.93,2022,4
1726,20,AlphaTauri,343.56,31.44,30.22,31.56,2022,19
1727,14,Ferrari,322.11,38.43,33.77,34.68,2022,10
1733,20,AlphaTauri,335.28,34.66,30.47,34.78,2022,6
1741,16,RedBull,316.02,34.43,35.31,21.83,2022,13
1745,10,Alpine,314.25,31.73,42.06,23.84,2022,3
1746,13,Mercedes,324.85,31.82,41.76,34.54,2022,5
1750,15,Alpine,286.79,36.86,44.72,33.64,2022,17
1753,5,Ferrari,303.5,31.46,30.55,26.47,2022,7
1757,4,Williams,280.91,28.73,37.67,24.83,2022,15
1760,20,AlphaTauri,302.59,30.47,44.79,29.51,2022,22
1765,20,AlphaTauri,286.86,37.53,42.19,22.75,2022,8
1782,16,RedBull,310.73,26.72,41.17,27.47,2022,6
1783,1,RedBull,312.53,32.18,44.36,22.15,2022,8
1788,17,McLaren,314.08,28.34,37.56,23.45,2022,6
1795,17,McLaren,299.14,36.57,34.79,34.25,2022,14
1796,16,RedBull,297.31,30.09,36.57,20.91,2022,19
1798,17,McLaren,282.93,39.78,41.81,20.67,2022,3
1800,5,Ferrari,296.74,36.34,34.7,21.01,2022,12
1805,7,Alpine,292.07,37.94,36.16,34.16,2022,1
1815,5,Ferrari,290.63,38.85,43.11,30.9,2022,14
1819,19,McLaren,322.58,28.21,44.07,32.71,2022,10
1828,10,Alpine,283.82,36.32,36.6,31.42,2022,20
1830,13,Mercedes,338.42,38.81,39.67,28.01,2022,3
1836,20,AlphaTauri,282.6,31.22,44.56,25.76,2022,20
1837,3,McLaren,339.43,34.49,32.47,27.23,2022,21
1860,12,RedBull,324.45,39.41,37.36,21.55,2022,15
1866,13,Mercedes,332.09,29.15,40.39,31.76,2022,2
1880,1,RedBull,303.04,25.72,33.51,33.52,2022,24
1882,5,Ferrari,313.63,36.06,43.68,28.84,2022,6
1887,4,Williams,300.71,32.48,44.55,26.19,2022,13
1889,17,McLaren,312.78,38.56,31.79,23.57,2022,5
1892,1,RedBull,282.65,28.13,43.17,33.06,2022,23
1894,5,Ferrari,324.97,25.82,35.63,29.9,2022,5
1900,15,Alpine,344.05,27.42,44.61,26.22,2022,17
1901,16,RedBull,296.39,38.05,34.55,21.95,2022,18
1911,13,Mercedes,341.61,26.25,41.64,30.33,2022,6
1914,5,Ferrari,324.07,34.2,44.91,34.16,2022,4
1915,1,RedBull,316.15,32.76,44.58,27.59,2022,19
1917,6,Mercedes,321.29,25.19,40.91,24.59,2022,12
1918,16,RedBull,293.27,30.27,44.81,27.51,2022,24
1920,13,Mercedes,323.28,28.64,43.96,26.75,2022,17
1927,20,AlphaTauri,319.28,25.91,41.28,32.38,2022,12
1930,4,Williams,309.01,34.13,38.06,26.26,2022,5
1934,7,Alpine,332.64,33.72,42.42,26.01,2022,4
1942,9,Ferrari,283.44,31.35,41.27,26.2,2022,1
1943,18,Ferrari,337.53,26.32,44.54,24.15,2022,11
1945,16,RedBull,285.2,30.64,30.97,29.52,2022,2
1947,2,AlphaTauri,316.06,27.97,43.29,31.37,2022,20
1950,11,Williams,305.07,32.86,44.41,30.47,2022,14
1951,6,Mercedes,308.73,32.43,36.72,34.2,2022,15
1962,11,Williams,297.72,29.49,35.95,34.2,2022,22
1963,10,Alpine,331.18,35.16,43.79,20.06,2022,8
1966,18,Ferrari,301.48,30.68,33.51,34.81,2022,13
1970,8,Ferrari,316.44,31.9,33.36,32.38,2022,2
1973,15,Alpine,307.81,37.44,30.69,34.83,2022,22
1979,13,Mercedes,295.76,27.15,36.96,31.96,2022,20
1980,16,RedBull,297.15,25.21,34.61,27.24,2022,4
1983,15,Alpine,286.08,37.55,41.95,33.76,2022,10
1984,5,Ferrari,303.85,28.93,35.97,20.28,2022,3
1987,6,Mercedes,330.98,30.46,40.5,33.55,2022,8
1989,8,Ferrari,306.98,30.53,43.64,26.62,2022,14
2000,10,Alpine,292.85,39.64,38.38,20.84,2022,13
2018,3,McLaren,337.8,37.59,37.12,31.77,2022,6
2022,18,Ferrari,317.4,33.63,36.82,24.71,2022,5
2023,8,Ferrari,318.69,28.45,36.58,24.11,2022,8
2025,16,RedBull,308.99,33.02,36.42,31.22,2022,19
2030,17,McLaren,299.23,25.13,43.0,20.31,2022,9
2032,18,Ferrari,333.17,33.92,38.59,27.31,2022,10
2033,18,Ferrari,294.55,34.53,40.17,33.49,2022,2
2035,14,Ferrari,344.7,34.7,43.91,28.04,2022,8
2036,8,Ferrari,325.55,39.42,42.46,23.51,2022,10
2043,17,McLaren,290.84,26.42,44.04,32.17,2022,22
2046,1,RedBull,332.97,31.71,31.15,22.98,2022,10
2049,18,Ferrari,288.43,31.51,34.6,30.25,2022,17
2050,18,Ferrari,286.11,34.62,30.89,34.85,2022,18
2052,8,Ferrari,287.14,35.17,37.5,28.82,2022,23
2054,3,McLaren,299.79,26.82,41.25,24.85,2022,21
2058,20,AlphaTauri,314.73,28.6,40.52,32.77,2022,14
2066,11,Williams,304.66,29.36,30.84,28.25,2022,4
2069,8,Ferrari,336.56,32.12,37.02,24.02,2022,21
2071,7,Alpine,334.42,37.47,31.88,26.84,2022,20
2072,5,Ferrari,300.47,36.96,43.06,29.78,2022,19
2074,5,Ferrari,342.22,33.76,43.98,22.59,2022,8
2078,18,Ferrari,287.46,39.5,42.4,24.07,2022,22
2084,19,McLaren,316.04,38.63,43.22,33.84,2022,2
2095,17,McLaren,314.85,38.64,42.84,27.69,2022,21
2105,15,Alpine,300.52,32.06,31.95,22.19,2022,17
2110,15,Alpine,298.06,31.44,41.61,25.37,2022,5
2118,5,Ferrari,304.55,35.98,33.7,27.35,2022,15
2123,1,RedBull,306.86,37.72,39.55,29.83,2022,14
2125,2,AlphaTauri,322.61,38.27,44.7,32.78,2022,16
2127,3,McLaren,338.67,25.76,41.9,33.79,2022,5
2129,6,Mercedes,309.78,37.45,39.95,34.45,2022,20
2131,7,Alpine,291.36,35.23,35.07,31.01,2022,7
2150,19,McLaren,298.14,29.62,31.56,31.28,2022,20
2167,20,AlphaTauri,316.68,38.02,30.84,27.7,2022,17
2169,16,RedBull,291.14,33.73,35.01,31.5,2022,18
2170,16,RedBull,296.05,27.53,42.35,29.04,2022,12
2171,15,Alpine,332.29,30.92,33.59,32.65,2022,18
2177,11,Williams,295.34,28.41,31.19,27.67,2022,14
2178,14,Ferrari,340.82,34.16,42.81,31.52,2022,3
2180,1,RedBull,323.07,25.5,34.61,29.6,2022,11
2183,14,Ferrari,282.05,38.45,38.62,33.65,2022,15
2196,4,Williams,323.77,37.53,35.9,22.15,2022,19
2197,7,Alpine,280.44,27.98,36.59,32.63,2022,22
2199,16,RedBull,288.93,39.92,30.17,27.29,2022,16
2201,3,McLaren,326.34,39.16,33.39,23.54,2022,5
2205,10,Alpine,305.93,39.47,35.79,22.72,2022,9
2207,9,Ferrari,310.42,28.59,35.64,34.33,2022,18
2211,19,McLaren,328.57,34.91,38.26,21.2,2022,6
2212,7,Alpine,320.66,28.54,42.08,20.15,2022,13
2214,19,McLaren,282.51,27.87,43.85,27.58,2022,12
2221,7,Alpine,332.83,35.78,36.51,26.23,2022,16
2226,16,RedBull,288.75,28.21,37.78,29.65,2022,4
2240,3,McLaren,320.67,38.93,35.7,29.74,2022,8
2249,18,Ferrari,319.66,29.03,42.58,21.2,2022,12
2257,3,McLaren,317.95,36.17,36.68,29.8,2022,5
2259,1,RedBull,291.88,34.97,32.5,27.05,2022,13
2263,15,Alpine,286.26,37.83,30.24,20.57,2022,14
2269,7,Alpine,339.18,25.04,35.5,29.68,2022,14
2272,3,McLaren,337.99,32.73,44.46,34.77,2022,23
2273,4,Williams,296.77,39.0,34.98,22.9,2022,21
2274,14,Ferrari,292.8,28.98,37.08,31.81,2022,3
2277,19,McLaren,307.94,34.58,40.95,33.43,2022,14
2278,2,AlphaTauri,322.4,28.14,36.66,30.76,2022,1
2283,16,RedBull,295.01,27.7,38.51,26.5,2022,17
2287,3,McLaren,315.74,33.11,32.11,25.36,2022,4
2288,11,Williams,335.64,38.24,35.95,30.36,2022,10
2293,18,Ferrari,314.47,37.15,38.42,27.59,2022,3
2294,7,Alpine,304.43,35.58,40.63,29.97,2022,12
2297,10,Alpine,315.1,27.87,31.92,27.81,2022,15
2298,1,RedBull,303.19,33.73,30.09,26.08,2022,24
2300,1,RedBull,328.81,38.33,31.87,34.82,2022,3
2307,10,Alpine,287.49,37.72,44.51,22.43,2022,5
2316,3,McLaren,310.33,37.39,44.42,24.03,2022,10
2317,12,RedBull,303.4,35.7,32.87,31.64,2022,7
2319,13,Mercedes,317.59,30.48,36.28,27.42,2022,21
2321,1,RedBull,340.64,32.45,32.49,27.55,2022,11
2323,14,Ferrari,333.1,39.36,42.01,25.39,2022,15
2324,3,McLaren,325.37,35.44,34.76,32.68,2022,21
2325,1,RedBull,342.89,36.21,40.26,24.78,2022,20
2329,5,Ferrari,292.51,35.49,38.98,32.2,2022,4
2331,9,Ferrari,319.69,27.1,42.43,22.53,2022,6
2337,17,McLaren,295.22,35.17,30.53,23.53,2022,19
2342,12,RedBull,318.07,31.66,30.68,26.67,2022,7
2346,8,Ferrari,307.88,30.0,34.15,25.35,2022,20
2349,9,Ferrari,326.31,28.98,39.65,20.56,2022,19
2351,4,Williams,340.94,39.75,31.06,22.52,2022,6
2352,2,AlphaTauri,285.93,34.02,43.59,33.33,2022,11
2360,20,AlphaTauri,303.42,27.56,40.68,20.74,2022,21
2369,15,Alpine,330.96,29.83,40.0,26.96,2022,16
2379,10,Alpine,331.91,37.8,44.93,28.51,2022,16
2380,11,Williams,300.93,34.1,31.23,34.39,2022,1
2388,2,AlphaTauri,341.41,36.12,36.67,23.31,2022,7
2390,19,McLaren,319.31,34.47,43.63,28.0,2022,15
2394,13,Mercedes,309.81,31.2,34.87,22.65,2022,1
2397,2,AlphaTauri,318.7,33.14,30.55,27.32,2022,6
2399,4,Williams,334.42,28.41,35.68,24.94,2022,6
2400,2,AlphaTauri,290.18,35.04,32.84,26.84,2022,8
2401,3,McLaren,344.23,39.53,33.22,29.75,2022,13
2414,12,RedBull,312.14,38.53,38.1,28.69,2022,18
2417,6,Mercedes,298.3,31.64,31.52,23.92,2022,10
2418,19,McLaren,302.13,25.33,31.93,21.96,2022,19
2421,1,RedBull,324.07,37.86,43.14,28.14,2022,9
2428,13,Mercedes,306.86,28.6,42.22,25.93,2022,22
2439,17,McLaren,320.51,31.73,32.25,31.81,2022,22
2442,4,Williams,338.01,28.99,39.38,20.21,2022,1
2467,10,Alpine,327.32,36.11,41.58,25.85,2022,16
2469,14,Ferrari,313.95,30.77,35.45,29.94,2022,6
2473,1,RedBull,298.13,29.31,31.95,31.52,2022,15
2478,14,Ferrari,304.88,30.51,32.99,32.66,2022,11
2497,14,Ferrari,320.16,34.35,43.42,31.77,2022,14
2501,8,Ferrari,335.33,36.6,30.08,25.81,2022,23
2503,13,Mercedes,285.79,32.75,38.96,31.67,2022,10
2504,5,Ferrari,339.6,36.35,35.56,33.39,2022,13
2510,19,McLaren,307.47,34.29,35.86,31.22,2022,2
2517,1,RedBull,325.06,35.56,33.51,31.01,2022,8
2518,11,Williams,318.33,26.0,31.16,26.2,2022,8
2519,10,Alpine,328.28,36.08,31.56,26.9,2022,13
2520,9,Ferrari,341.74,26.74,39.92,34.94,2022,11
2522,4,Williams,290.24,34.43,36.41,34.34,2022,24
2530,14,Ferrari,299.51,30.32,33.85,28.94,2022,10
2531,11,Williams,343.31,30.88,44.95,32.13,2022,1
2532,2,AlphaTauri,323.69,30.17,37.51,30.33,2022,16
2539,7,Alpine,290.0,27.48,34.35,22.76,2022,9
2543,20,AlphaTauri,284.53,35.18,35.83,20.72,2022,23
2546,6,Mercedes,294.5,31.2,31.17,32.67,2022,2
2552,5,Ferrari,296.21,38.1,44.36,33.63,2022,4
2554,15,Alpine,291.45,28.86,36.64,26.9,2022,15
2556,7,Alpine,294.51,26.51,35.53,34.6,2022,15
2562,14,Ferrari,305.55,39.9,40.31,20.88,2022,5
2565,5,Ferrari,337.37,35.01,37.37,22.68,2022,7
2567,1,RedBull,340.31,25.54,34.19,24.96,2022,9
2568,13,Mercedes,315.27,32.8,32.95,23.82,2022,14
2570,5,Ferrari,324.56,38.52,38.92,24.31,2022,8
2573,4,Williams,315.21,38.17,40.5,29.77,2022,12
2578,20,AlphaTauri,335.77,36.14,30.6,21.01,2022,5
2579,5,Ferrari,314.73,38.15,37.53,23.3,2022,23
2580,20,AlphaTauri,321.9,37.24,37.61,21.94,2022,10
2583,19,McLaren,339.8,35.86,42.89,20.69,2022,23
2596,12,RedBull,327.03,32.67,32.0,32.1,2022,12
2599,16,RedBull,295.06,27.73,40.6,29.97,2022,4
2601,1,RedBull,314.45,33.43,30.84,26.94,2022,3
2603,6,Mercedes,343.92,39.34,39.93,22.3,2022,23
2605,6,Mercedes,342.47,34.36,36.76,29.46,2022,11
2606,6,Mercedes,332.26,34.04,32.26,28.32,2022,4
2614,7,Alpine,317.04,33.67,35.1,30.57,2022,16
2626,16,RedBull,281.19,36.04,33.74,33.2,2022,6
2628,17,McLaren,319.47,28.25,37.46,24.89,2022,22
2629,15,Alpine,319.22,26.24,36.68,30.49,2022,6
2632,10,Alpine,340.64,33.82,40.32,20.15,2022,2
2635,5,Ferrari,280.26,34.06,35.08,22.45,2022,20
2643,1,RedBull,318.96,39.19,39.23,31.85,2022,22
2647,8,Ferrari,334.27,36.77,44.39,28.08,2022,5
2651,14,Ferrari,321.12,31.58,40.24,24.82,2022,2
2653,6,Mercedes,291.9,38.97,31.76,33.27,2022,10
2656,4,Williams,307.77,38.07,35.9,22.16,2022,19
2659,8,Ferrari,305.06,33.68,37.91,22.47,2022,21
2661,17,McLaren,303.35,36.61,36.07,30.43,2022,17
2665,20,AlphaTauri,289.32,38.6,34.82,26.0,2022,4
2669,9,Ferrari,299.28,29.17,33.29,31.73,2022,19
2672,6,Mercedes,302.8,32.96,35.34,20.88,2022,8
2674,11,Williams,303.13,33.16,35.91,28.24,2022,14
2679,20,AlphaTauri,286.22,34.29,40.57,33.76,2022,19
2683,4,Williams,314.37,30.65,31.11,20.94,2022,14
2688,3,McLaren,307.48,25.11,35.03,26.97,2022,3
2689,12,RedBull,309.78,25.31,42.56,22.48,2022,20
2698,11,Williams,316.63,38.95,37.68,22.35,2022,24
2699,12,RedBull,319.73,38.45,39.54,26.38,2022,8
2704,19,McLaren,313.86,29.33,41.03,22.4,2022,6
2710,1,RedBull,318.94,31.29,31.13,30.26,2022,13
2731,2,AlphaTauri,330.46,37.78,40.86,31.28,2022,7
2733,15,Alpine,295.5,30.75,44.57,33.92,2022,11
2736,6,Mercedes,333.55,35.73,33.3,20.35,2022,9
2737,16,RedBull,337.05,39.4,41.59,24.93,2022,15
2738,7,Alpine,298.22,36.08,40.73,21.94,2022,4
2741,19,McLaren,331.18,37.61,31.03,25.22,2022,12
2743,18,Ferrari,338.3,33.65,35.86,25.77,2022,17
2745,3,McLaren,339.27,33.57,31.32,31.35,2022,1
2746,20,AlphaTauri,292.55,36.54,42.55,32.66,2022,22
2758,13,Mercedes,336.42,26.29,34.51,31.0,2022,3
2759,2,AlphaTauri,306.06,35.49,30.45,28.82,2022,21
2769,5,Ferrari,299.83,25.19,39.14,23.11,2022,5
2770,17,McLaren,341.25,33.62,37.26,26.33,2022,22
2773,6,Mercedes,280.82,29.27,44.61,33.69,2022,5
2774,1,RedBull,281.17,31.02,38.24,23.47,2022,10
2776,2,AlphaTauri,299.0,25.89,39.48,33.17,2022,23
2789,20,AlphaTauri,295.5,30.23,31.5,34.65,2022,6
2791,20,AlphaTauri,302.04,36.84,40.84,29.05,2022,18
2801,7,Alpine,292.42,36.83,37.46,24.56,2022,24
2811,11,Williams,311.85,28.19,41.71,34.23,2022,6
2812,19,McLaren,341.7,36.9,41.41,22.53,2022,22
2815,13,Mercedes,341.16,26.19,31.21,23.75,2022,19
2816,8,Ferrari,283.63,26.39,32.26,20.88,2022,11
2817,15,Alpine,323.79,32.06,43.02,24.02,2022,3
2818,15,Alpine,305.68,36.77,43.21,32.77,2022,6
2822,14,Ferrari,297.81,32.44,34.88,25.37,2022,16
2824,6,Mercedes,288.91,29.67,30.28,31.0,2022,9
2825,3,McLaren,334.02,36.13,38.45,30.35,2022,19
2826,1,RedBull,323.92,36.08,36.84,34.2,2022,13
2827,2,AlphaTauri,320.25,26.81,34.01,34.87,2022,17
2829,9,Ferrari,312.81,33.95,40.18,34.11,2022,1
2834,16,RedBull,298.31,26.97,39.71,27.78,2022,12
2836,8,Ferrari,295.59,25.42,32.42,34.14,2022,15
2837,13,Mercedes,332.63,32.1,31.07,30.72,2022,7
2838,5,Ferrari,301.92,25.22,34.34,30.67,2022,21
2842,9,Ferrari,332.9,27.48,37.78,21.51,2022,3
2846,15,Alpine,324.56,26.11,44.35,34.45,2022,21
2847,3,McLaren,337.13,31.33,39.59,21.17,2022,24
2849,13,Mercedes,303.51,39.67,36.52,29.85,2022,1
2850,4,Williams,289.91,36.31,37.34,33.98,2022,13
2856,12,RedBull,301.36,27.5,41.43,23.53,2022,24
2858,17,McLaren,331.81,32.26,39.59,32.07,2022,12
2859,15,Alpine,328.37,39.16,32.47,31.51,2022,22
2862,20,AlphaTauri,343.3,32.67,37.9,33.19,2022,14
2866,16,RedBull,341.39,28.99,41.36,25.79,2022,19
2871,5,Ferrari,319.45,38.58,43.96,27.22,2022,23
2872,3,McLaren,332.29,29.24,43.74,33.28,2022,12
2873,9,Ferrari,280.7,27.48,32.62,20.86,2022,3
2874,4,Williams,324.96,26.15,38.03,30.53,2022,14
2883,6,Mercedes,317.3,37.97,32.52,31.46,2022,2
2885,19,McLaren,327.11,35.56,31.22,33.87,2022,21
2886,17,McLaren,283.31,30.76,41.79,33.69,2022,19
2887,2,AlphaTauri,340.54,39.17,40.85,23.24,2022,4
2888,3,McLaren,298.28,38.81,32.59,23.39,2022,21
2891,11,Williams,323.38,32.06,41.39,33.81,2022,10
2893,9,Ferrari,310.81,35.67,32.34,30.69,2022,11
2894,9,Ferrari,336.72,29.55,30.17,28.69,2022,11
2910,5,Ferrari,309.62,28.59,36.53,29.48,2022,3
2912,5,Ferrari,281.88,31.09,32.29,23.37,2022,4
2925,15,Alpine,315.87,35.1,34.88,29.11,2022,21
2926,5,Ferrari,315.77,27.11,32.11,30.62,2022,10
2927,15,Alpine,317.24,31.41,37.35,21.37,2022,8
2928,8,Ferrari,316.84,38.87,37.56,34.57,2022,12
2936,18,Ferrari,330.5,29.92,44.94,20.45,2022,10
2945,7,Alpine,287.83,25.51,39.58,27.65,2022,19
2947,20,AlphaTauri,339.62,36.53,36.13,31.79,2022,20
2952,13,Mercedes,321.24,36.2,41.27,32.68,2022,10
2958,14,Ferrari,319.79,34.14,37.56,26.49,2022,17
2960,4,Williams,338.25,28.17,33.53,33.98,2022,17
2961,7,Alpine,331.38,35.64,40.88,23.63,2022,13
2967,6,Mercedes,326.5,38.18,40.5,31.45,2022,20
2972,19,McLaren,327.04,39.1,37.62,28.39,2022,22
2973,10,Alpine,287.7,35.02,33.58,26.59,2022,24
2976,8,Ferrari,301.86,35.89,36.9,30.93,2022,24
2977,11,Williams,325.84,26.88,41.68,34.52,2022,11
2978,14,Ferrari,300.5,34.99,30.57,29.26,2022,15
2980,10,Alpine,319.19,29.66,30.78,23.28,2022,23
2986,10,Alpine,315.47,26.76,38.74,24.64,2022,1
2987,1,RedBull,298.05,34.12,35.89,32.88,2022,10
2988,15,Alpine,311.52,25.65,44.24,23.74,2022,16
3000,15,Alpine,288.93,39.47,32.79,23.83,2022,24
3001,19,McLaren,294.6,26.98,31.0,29.0,2022,20
3014,1,RedBull,326.38,36.09,38.33,26.38,2022,21
3018,1,RedBull,308.1,30.42,40.22,31.48,2022,21
3027,12,RedBull,332.37,36.22,35.99,21.19,2022,23
3033,10,Alpine,329.51,33.57,35.3,22.04,2022,19
3042,16,RedBull,302.19,34.72,40.17,22.43,2022,7
3046,10,Alpine,314.35,37.41,44.89,29.97,2022,2
3048,6,Mercedes,341.59,36.54,44.42,23.93,2022,8
3050,14,Ferrari,327.67,29.72,32.43,22.95,2022,21
3051,7,Alpine,322.54,35.97,37.03,24.53,2022,4
3056,4,Williams,326.26,30.97,43.62,30.69,2022,17
3057,16,RedBull,313.35,29.15,42.52,32.33,2022,1
3065,8,Ferrari,306.29,28.91,30.94,27.35,2022,24
3074,8,Ferrari,310.63,29.42,44.23,33.03,2022,3
3075,2,AlphaTauri,300.61,37.46,38.35,27.01,2022,1
3077,20,AlphaTauri,285.05,33.97,40.14,21.63,2022,9
3080,13,Mercedes,319.76,31.51,44.56,23.1,2022,13
3083,16,RedBull,314.2,35.93,43.01,34.2,2022,17
3085,5,Ferrari,308.61,34.38,39.58,22.14,2022,10
3089,6,Mercedes,297.14,35.57,43.45,25.21,2022,16
3090,7,Alpine,284.68,29.2,30.88,24.0,2022,14
3093,14,Ferrari,297.32,36.24,38.3,20.56,2022,1
3102,14,Ferrari,293.73,39.68,31.11,27.6,2022,11
3105,20,AlphaTauri,291.68,29.6,42.72,31.46,2022,7
3106,7,Alpine,323.39,31.34,32.43,26.52,2022,24
3110,19,McLaren,316.59,29.95,42.54,34.92,2022,15
3116,9,Ferrari,309.4,34.86,41.98,33.3,2022,2
3117,8,Ferrari,314.36,34.78,39.98,26.99,2022,20
3125,2,AlphaTauri,341.1,26.22,31.83,23.58,2022,9
3132,11,Williams,312.36,26.36,40.56,26.74,2022,7
3133,20,AlphaTauri,290.04,30.62,38.71,31.73,2022,9
3134,7,Alpine,298.67,32.12,36.21,33.23,2022,4
3143,19,McLaren,305.97,32.8,38.71,29.77,2022,15
3150,10,Alpine,326.69,29.52,41.93,25.12,2022,6
3152,4,Williams,303.35,28.95,30.56,22.88,2022,22
3153,11,Williams,300.66,29.59,41.1,23.33,2022,24
3154,12,RedBull,339.15,36.89,30.53,29.67,2022,16
3155,20,AlphaTauri,309.47,30.61,35.12,25.28,2022,8
3158,12,RedBull,289.72,30.6,42.84,23.15,2022,17
3163,2,AlphaTauri,331.97,25.66,36.54,24.06,2022,19
3165,12,RedBull,308.87,36.31,32.59,31.01,2022,10
3176,10,Alpine,311.47,29.48,43.47,29.14,2022,8
3178,11,Williams,320.41,32.45,44.82,33.63,2022,8
3179,18,Ferrari,292.92,39.17,39.43,33.94,2022,2
3182,9,Ferrari,303.15,37.66,31.56,31.31,2022,7
3189,18,Ferrari,299.39,30.11,44.19,34.02,2022,8
3192,16,RedBull,330.06,37.44,30.43,26.26,2022,24
3201,7,Alpine,293.32,38.47,32.96,21.07,2022,4
3205,14,Ferrari,333.23,30.25,34.39,26.05,2022,24
3208,17,McLaren,329.11,36.51,43.7,22.13,2022,6
3213,20,AlphaTauri,304.57,38.01,38.49,32.16,2022,13
3214,19,McLaren,338.91,35.99,32.37,22.31,2022,18
3216,18,Ferrari,288.58,39.87,40.8,33.3,2022,17
3221,14,Ferrari,282.44,32.15,35.77,30.35,2022,9
3222,2,AlphaTauri,281.14,31.36,42.36,34.2,2022,2
3239,3,McLaren,332.74,28.8,30.85,26.31,2022,4
3242,8,Ferrari,343.76,28.54,43.44,25.42,2022,16
3246,2,AlphaTauri,282.25,33.67,44.49,25.58,2022,23
3256,16,RedBull,329.21,25.69,31.24,27.42,2022,7
3257,2,AlphaTauri,301.37,26.08,30.54,23.35,2022,23
3264,8,Ferrari,311.81,32.57,40.3,23.9,2022,20
3265,14,Ferrari,284.73,32.18,37.08,23.68,2022,24
3272,14,Ferrari,336.54,29.87,42.78,23.95,2022,21
3278,3,McLaren,294.39,31.92,43.03,30.97,2022,17
3283,5,Ferrari,292.57,31.15,40.39,23.96,2022,3
3284,5,Ferrari,337.08,38.52,43.36,34.08,2022,12
3285,14,Ferrari,287.71,26.09,38.04,24.0,2022,18
3288,2,AlphaTauri,289.54,26.16,41.16,23.24,2022,21
3290,11,Williams,291.73,25.24,40.31,31.79,2022,6
3291,16,RedBull,328.66,34.4,43.54,23.19,2022,20
3294,1,RedBull,280.75,33.54,36.62,21.69,2022,9
3295,4,Williams,337.53,39.55,42.9,33.04,2022,21
3298,11,Williams,339.85,37.27,41.86,33.32,2022,5
3304,20,AlphaTauri,319.3,33.29,39.08,28.3,2022,21
3305,10,Alpine,292.87,32.26,41.06,24.15,2022,8
3307,6,Mercedes,339.97,39.87,35.37,32.05,2022,5
3310,7,Alpine,303.53,35.16,36.47,20.83,2022,9
3317,10,Alpine,293.96,34.34,33.37,21.74,2022,1
3318,8,Ferrari,301.6,27.93,43.55,25.05,2022,20
3329,14,Ferrari,311.72,32.19,42.43,30.11,2022,7
3332,8,Ferrari,329.63,32.24,33.54,23.26,2022,2
3333,12,RedBull,314.43,30.78,31.89,22.33,2022,10
3339,14,Ferrari,327.74,29.68,38.42,27.19,2022,24
3340,14,Ferrari,344.51,38.73,40.65,24.71,2022,21
3343,10,Alpine,296.6,35.68,34.95,20.07,2022,9
3345,2,AlphaTauri,314.9,35.47,31.94,26.18,2022,16
3346,19,McLaren,305.43,26.61,43.19,20.64,2022,2
3348,6,Mercedes,283.57,26.29,42.28,21.02,2022,13
3349,12,RedBull,305.74,27.55,39.36,24.03,2022,11
3351,19,McLaren,291.63,27.78,35.4,28.76,2022,11
3353,8,Ferrari,325.21,37.02,43.29,25.05,2022,1
3357,10,Alpine,308.12,39.41,42.57,23.19,2022,5
3364,7,Alpine,284.33,30.32,39.76,25.26,2022,18
3372,15,Alpine,282.44,28.68,38.2,34.48,2022,19
3375,19,McLaren,331.11,29.89,39.63,23.25,2022,16
3379,7,Alpine,302.73,25.44,41.34,27.51,2022,2
3381,16,RedBull,343.04,36.07,31.26,21.14,2022,14
3383,14,Ferrari,282.47,32.4,39.91,33.23,2022,5
3384,7,Alpine,291.83,39.51,30.54,21.71,2022,11
3392,19,McLaren,333.23,39.97,32.52,34.52,2022,2
3393,17,McLaren,307.77,25.49,43.75,21.61,2022,1
3402,10,Alpine,309.12,28.27,40.88,20.42,2022,1
3405,17,McLaren,286.15,28.89,37.04,34.31,2022,20
3407,14,Ferrari,313.5,34.45,38.68,26.22,2022,10
3411,14,Ferrari,281.31,38.09,36.18,22.58,2022,6
3421,5,Ferrari,305.54,37.44,32.16,33.53,2022,9
3427,14,Ferrari,284.73,39.58,30.46,25.23,2022,8
3431,18,Ferrari,284.03,35.58,33.88,26.25,2022,21
3432,16,RedBull,343.29,29.13,42.35,24.22,2022,11
3436,18,Ferrari,290.38,36.73,32.95,24.84,2022,11
3441,17,McLaren,299.75,33.09,41.97,34.05,2022,17
3444,17,McLaren,318.63,32.9,38.87,21.41,2022,3
3451,10,Alpine,331.66,38.95,37.97,26.52,2022,21
3453,9,Ferrari,320.24,26.92,43.18,34.14,2022,5
3458,9,Ferrari,320.41,37.35,40.2,34.62,2022,13
3459,10,Alpine,282.51,39.91,39.04,21.47,2022,15
3461,12,RedBull,311.52,37.06,40.32,33.31,2022,14
3468,18,Ferrari,298.67,36.95,36.31,23.52,2022,5
3476,9,Ferrari,301.64,34.13,44.02,22.37,2022,23
3478,8,Ferrari,307.7,36.68,39.74,30.3,2022,2
3481,19,McLaren,322.16,33.27,42.3,25.37,2022,12
3484,11,Williams,292.01,26.55,34.96,30.25,2022,8
3486,15,Alpine,308.73,28.81,44.94,20.79,2022,9
3494,9,Ferrari,342.36,25.73,33.38,25.7,2022,7
3499,10,Alpine,334.25,27.7,40.42,22.3,2022,13
3501,3,McLaren,295.18,37.36,42.42,33.26,2022,15
3505,15,Alpine,299.16,37.87,33.52,30.84,2022,6
3510,12,RedBull,308.63,30.54,40.38,22.9,2022,4
3514,4,Williams,292.41,27.69,31.57,29.82,2022,4
3524,14,Ferrari,286.22,36.32,41.68,23.83,2022,8
3526,3,McLaren,325.86,30.75,43.32,24.69,2022,12
3532,17,McLaren,308.6,33.23,33.98,29.62,2022,18
3535,14,Ferrari,304.88,38.5,34.77,23.07,2022,1
3537,6,Mercedes,323.08,34.28,33.76,20.37,2022,15
3542,19,McLaren,336.24,30.05,36.28,32.33,2022,16
3546,9,Ferrari,284.44,30.13,39.17,29.86,2022,21
3552,2,AlphaTauri,304.83,34.31,38.31,33.99,2022,6
3558,5,Ferrari,331.59,38.27,36.9,23.75,2022,9
3561,9,Ferrari,341.06,36.9,39.74,21.13,2022,12
3562,2,AlphaTauri,331.32,31.08,39.42,20.44,2022,23
3568,4,Williams,305.58,35.66,32.99,34.81,2022,19
3572,7,Alpine,317.39,30.1,36.15,21.07,2022,2
3573,16,RedBull,311.78,25.3,43.93,20.45,2022,16
3580,2,AlphaTauri,311.84,31.61,33.42,29.61,2022,5
3581,12,RedBull,284.9,27.32,42.32,25.73,2022,12
3582,13,Mercedes,300.28,39.68,36.76,25.42,2022,18
3589,20,AlphaTauri,301.63,25.81,36.26,21.2,2022,21
3594,13,Mercedes,295.16,32.75,35.63,29.1,2022,5
3597,11,Williams,296.37,36.41,41.01,24.92,2022,6
3598,4,Williams,336.8,34.6,39.85,22.25,2022,20
3605,8,Ferrari,318.39,39.78,40.95,27.61,2022,21
3628,1,RedBull,289.29,25.29,32.35,32.74,2022,7
3630,1,RedBull,324.28,34.96,35.16,29.05,2022,18
3634,14,Ferrari,306.56,26.49,35.59,22.05,2022,9
3635,11,Williams,321.8,30.24,32.31,21.29,2022,11
3642,4,Williams,308.62,30.35,33.92,25.41,2022,22
3644,16,RedBull,311.3,26.07,34.86,28.01,2022,10
3647,12,RedBull,335.79,30.82,37.0,24.41,2022,8
3649,2,AlphaTauri,301.86,39.83,35.76,32.0,2022,18
3650,6,Mercedes,317.81,30.68,35.86,24.57,2022,17
3654,12,RedBull,295.07,34.89,38.98,34.08,2022,23
3659,2,AlphaTauri,323.72,27.66,42.24,34.41,2022,22
3663,7,Alpine,317.91,35.58,36.08,30.54,2022,21
3664,1,RedBull,310.25,34.31,32.99,28.87,2022,5
3667,5,Ferrari,290.69,27.09,38.37,27.06,2022,11
3669,5,Ferrari,315.61,31.24,35.41,23.1,2022,9
3675,4,Williams,290.67,39.17,36.78,21.95,2022,4
3676,9,Ferrari,337.14,39.52,44.8,31.7,2022,15
3693,2,AlphaTauri,339.68,37.51,37.07,21.36,2022,13
3695,10,Alpine,334.47,39.35,43.17,27.66,2022,15
3696,10,Alpine,309.46,31.73,37.95,26.18,2022,18
3700,20,AlphaTauri,335.45,39.51,31.1,21.63,2022,2
3704,8,Ferrari,334.8,27.63,34.69,33.05,2022,9
3705,1,RedBull,315.72,39.31,33.38,28.81,2022,5
3710,3,McLaren,325.92,29.96,40.02,26.44,2022,17
3712,2,AlphaTauri,281.35,35.02,36.68,22.7,2022,18
3715,10,Alpine,325.91,35.61,44.56,33.61,2022,22
3716,13,Mercedes,324.06,25.86,33.91,31.09,2022,22
3723,16,RedBull,320.71,30.2,33.67,23.41,2022,10
3727,7,Alpine,286.29,32.04,40.51,24.89,2022,16
3731,16,RedBull,290.17,33.45,31.74,24.76,2022,1
3732,15,Alpine,330.21,29.46,32.77,31.84,2022,7
3733,15,Alpine,313.39,36.11,43.51,22.52,2022,24
3741,5,Ferrari,296.46,28.66,34.45,28.3,2022,14
3748,10,Alpine,314.99,37.57,33.52,34.94,2022,22
3751,12,RedBull,337.5,25.63,40.93,33.14,2022,4
3753,20,AlphaTauri,342.32,37.15,32.69,21.82,2022,1
3761,18,Ferrari,320.12,39.98,36.75,24.37,2022,18
3762,15,Alpine,302.18,39.31,37.45,25.89,2022,15
3765,13,Mercedes,284.84,26.54,38.85,32.75,2022,22
3768,14,Ferrari,286.64,34.04,38.63,23.87,2022,22
3770,9,Ferrari,338.84,37.73,37.38,29.48,2022,11
3776,7,Alpine,331.38,25.12,35.13,32.79,2022,21
3781,8,Ferrari,295.63,34.97,37.92,27.21,2022,24
3784,20,AlphaTauri,306.99,33.32,43.26,30.68,2022,23
3788,19,McLaren,314.21,36.27,35.66,31.84,2022,10
3792,10,Alpine,329.79,28.86,35.77,21.22,2022,18
3795,17,McLaren,316.42,34.66,32.04,33.56,2022,19
3797,19,McLaren,289.97,27.12,37.64,34.31,2022,21
3806,15,Alpine,285.89,25.12,36.43,32.66,2022,21
3808,15,Alpine,335.97,30.7,41.11,22.89,2022,10
3810,15,Alpine,296.89,33.59,42.2,20.63,2022,24
3811,12,RedBull,328.45,35.28,38.39,33.87,2022,3
3812,15,Alpine,318.99,34.2,40.34,32.38,2022,5
3814,14,Ferrari,340.35,38.86,33.65,20.21,2022,10
3818,14,Ferrari,344.81,38.27,39.81,23.02,2022,12
3820,8,Ferrari,328.79,34.73,30.33,26.86,2022,20
3821,10,Alpine,318.85,32.35,40.36,20.75,2022,24
3825,6,Mercedes,304.17,38.34,30.64,25.55,2022,20
3827,18,Ferrari,331.41,35.01,34.09,29.3,2022,9
3834,14,Ferrari,309.39,34.04,38.74,33.88,2022,9
3843,12,RedBull,344.18,35.39,32.15,33.7,2022,21
3846,18,Ferrari,305.82,30.87,32.65,34.72,2022,11
3849,6,Mercedes,314.24,35.57,37.46,26.18,2022,18
3850,7,Alpine,307.35,36.44,36.27,21.74,2022,22
3855,12,RedBull,321.8,33.95,43.1,29.49,2022,8
3856,2,AlphaTauri,313.28,34.97,35.11,20.79,2022,7
3875,10,Alpine,282.96,29.86,37.4,28.81,2022,2
3884,6,Mercedes,339.91,29.19,31.83,33.57,2022,4
3886,7,Alpine,292.51,39.8,44.87,32.72,2022,5
3892,15,Alpine,284.42,28.49,41.63,21.25,2022,16
3899,15,Alpine,288.42,25.29,32.01,23.62,2022,9
3912,3,McLaren,304.78,32.05,32.84,20.48,2022,10
3915,13,Mercedes,305.58,31.55,37.04,25.11,2022,18
3919,10,Alpine,296.6,28.16,44.13,31.3,2022,16
3920,5,Ferrari,326.06,31.55,32.77,33.17,2022,21
3925,13,Mercedes,328.32,38.73,34.47,20.27,2022,15
3936,7,Alpine,331.42,28.69,43.55,24.96,2022,1
3942,11,Williams,312.37,34.31,30.81,29.14,2022,1
3945,17,McLaren,323.88,38.52,33.73,28.0,2022,20
3946,9,Ferrari,281.94,35.29,38.43,33.92,2022,24
3947,2,AlphaTauri,306.75,26.4,35.99,28.45,2022,1
3954,1,RedBull,339.41,39.09,37.98,33.99,2022,8
3960,17,McLaren,330.31,25.55,41.56,31.54,2022,7
3967,6,Mercedes,328.07,35.62,44.05,34.1,2022,4
3970,6,Mercedes,291.42,32.66,41.01,32.17,2022,13
3974,8,Ferrari,324.77,34.62,38.72,28.2,2022,24
3983,20,AlphaTauri,340.38,38.3,43.93,30.51,2022,14
3984,7,Alpine,333.54,38.0,37.25,23.42,2022,6
3986,5,Ferrari,310.84,30.1,34.39,23.56,2022,6
3992,1,RedBull,340.16,33.71,35.87,23.57,2022,17
3995,5,Ferrari,318.11,31.66,42.31,20.46,2022,12
3999,18,Ferrari,319.92,37.93,33.59,32.37,2022,17
4003,12,RedBull,337.29,29.85,38.95,32.98,2022,7
4004,10,Alpine,310.38,25.97,37.92,34.05,2022,15
4007,15,Alpine,307.66,25.81,43.53,32.14,2022,22
4014,4,Williams,340.37,28.64,44.16,31.21,2022,5
4016,8,Ferrari,290.54,30.09,42.87,26.5,2022,24
4029,14,Ferrari,309.5,28.07,31.57,24.09,2022,21
4031,10,Alpine,342.13,34.08,35.07,25.22,2022,11
4043,7,Alpine,297.88,34.42,40.34,34.88,2022,8
4054,11,Williams,324.33,35.77,42.8,26.6,2022,20
4055,17,McLaren,302.13,33.61,30.72,22.03,2022,6
4056,18,Ferrari,337.72,33.71,30.54,33.57,2022,3
4057,10,Alpine,320.25,26.13,39.29,31.08,2022,13
4070,15,Alpine,299.05,32.05,38.49,29.61,2022,22
4071,16,RedBull,298.37,26.92,40.38,23.82,2022,10
4079,14,Ferrari,319.14,27.67,40.23,23.67,2022,22
4080,20,AlphaTauri,315.24,29.45,31.1,21.61,2022,23
4087,9,Ferrari,343.9,34.99,39.69,33.12,2022,17
4095,4,Williams,322.79,26.12,30.37,33.67,2022,9
4099,17,McLaren,338.25,27.49,35.85,21.34,2022,23
4100,12,RedBull,297.87,30.96,31.49,20.53,2022,5
4104,15,Alpine,329.95,38.33,40.01,31.87,2022,14
4105,2,AlphaTauri,342.42,30.96,44.08,31.82,2022,22
4107,5,Ferrari,282.31,34.02,38.22,24.99,2022,6
4108,16,RedBull,313.56,29.99,40.85,27.22,2022,5
4109,4,Williams,318.06,37.92,33.65,21.21,2022,11
4112,18,Ferrari,289.86,32.26,31.12,31.13,2022,17
4115,2,AlphaTauri,286.04,27.0,43.53,34.78,2022,3
4117,3,McLaren,312.48,30.91,39.14,34.83,2022,16
4120,11,Williams,285.93,27.78,31.87,25.23,2022,5
4122,10,Alpine,291.85,27.79,43.13,33.71,2022,1
4123,18,Ferrari,319.87,25.48,33.0,26.06,2022,12
4133,20,AlphaTauri,334.28,37.08,37.39,28.33,2022,5
4136,3,McLaren,283.31,39.58,34.1,30.94,2022,24
4145,10,Alpine,344.55,30.56,42.21,27.76,2022,20
4146,4,Williams,315.04,38.97,43.86,25.99,2022,15
4150,8,Ferrari,322.11,25.84,42.92,30.69,2022,24
4153,4,Williams,317.18,38.22,44.43,34.14,2022,24
4156,4,Williams,302.62,35.88,31.88,33.85,2022,18
4157,5,Ferrari,320.81,26.53,38.33,30.53,2022,16
4158,8,Ferrari,323.39,39.14,31.4,30.73,2022,23
4161,19,McLaren,344.03,36.54,41.5,26.61,2022,1
4169,19,McLaren,303.04,31.47,34.33,33.58,2022,19
4170,9,Ferrari,294.61,27.67,31.19,29.78,2022,5
4172,9,Ferrari,341.87,36.93,38.46,32.12,2022,22
4174,7,Alpine,309.93,32.12,44.9,21.1,2022,17
4177,13,Mercedes,282.19,27.46,43.78,33.02,2022,21
4179,6,Mercedes,340.15,38.2,38.62,21.64,2022,19
4181,18,Ferrari,340.8,30.87,40.96,34.87,2022,20
4182,3,McLaren,334.28,33.22,43.02,28.35,2022,22
4185,9,Ferrari,289.84,38.53,42.2,27.51,2022,16
4188,11,Williams,306.9,32.86,33.17,34.8,2022,3
4190,15,Alpine,306.76,31.42,30.85,30.81,2022,5
4192,17,McLaren,337.97,35.88,32.19,26.7,2022,18
4194,6,Mercedes,296.89,36.8,38.89,33.22,2022,21
4200,3,McLaren,324.89,35.33,32.28,21.18,2022,19
4202,4,Williams,341.9,32.61,40.61,24.59,2022,11
4205,10,Alpine,297.21,33.71,42.52,20.37,2022,22
4206,14,Ferrari,314.66,26.03,41.05,34.62,2022,14
4219,18,Ferrari,322.35,35.06,36.39,24.43,2022,15
4220,13,Mercedes,302.23,39.9,44.1,30.51,2022,18
4224,2,AlphaTauri,296.83,30.29,31.87,32.74,2022,9
4228,8,Ferrari,290.71,38.26,39.62,32.58,2022,24
4230,3,McLaren,324.72,25.86,32.66,28.26,2022,6
4234,14,Ferrari,328.45,35.95,40.48,29.21,2022,13
4235,3,McLaren,299.24,38.27,33.37,25.9,2022,6
4239,13,Mercedes,287.57,31.1,42.29,33.21,2022,15
4242,14,Ferrari,330.06,39.11,35.65,25.4,2022,3
4247,12,RedBull,324.0,39.96,41.08,25.7,2022,18
4260,4,Williams,298.19,39.89,35.65,30.52,2022,20
4262,4,Williams,321.46,31.3,30.77,30.68,2022,4
4263,5,Ferrari,308.55,34.99,39.01,24.97,2022,9
4271,12,RedBull,311.06,32.4,30.4,26.85,2022,14
4282,17,McLaren,286.46,29.07,35.92,20.37,2022,17
4294,1,RedBull,281.74,33.59,30.07,29.36,2022,1
4295,3,McLaren,327.56,26.75,33.76,34.75,2022,7
4297,13,Mercedes,313.17,35.15,40.01,24.13,2022,12
4302,6,Mercedes,303.85,30.01,44.43,28.92,2022,10
4306,6,Mercedes,292.29,30.91,36.12,20.38,2022,24
4307,14,Ferrari,297.0,36.49,35.46,20.65,2022,17
4308,3,McLaren,340.4,28.18,43.2,32.03,2022,22
4310,4,Williams,284.03,33.83,35.28,33.14,2022,4
4311,17,McLaren,309.53,29.54,38.43,29.51,2022,8
4316,18,Ferrari,339.09,33.93,32.14,32.16,2022,24
4317,4,Williams,293.26,37.6,34.72,26.32,2022,11
4318,18,Ferrari,291.16,30.96,41.88,31.34,2022,7
4324,18,Ferrari,283.96,33.8,42.81,21.27,2022,1
4325,18,Ferrari,342.55,26.76,36.19,30.99,2022,4
4327,1,RedBull,300.85,32.9,32.48,28.43,2022,19
4328,1,RedBull,317.47,29.85,30.17,28.74,2022,15
4329,8,Ferrari,333.99,30.41,37.84,34.53,2022,5
4334,11,Williams,288.5,38.61,44.01,30.91,2022,3
4338,2,AlphaTauri,299.97,30.45,41.28,20.18,2022,6
4339,7,Alpine,283.51,31.64,36.84,26.19,2022,12
4340,3,McLaren,339.68,30.72,43.54,25.99,2022,9
4343,14,Ferrari,284.19,34.24,34.87,22.98,2022,22
4347,13,Mercedes,343.89,25.14,34.35,24.35,2022,15
4348,17,McLaren,308.16,26.95,30.55,34.78,2022,21
4350,3,McLaren,299.67,35.34,35.72,32.26,2022,10
4356,4,Williams,327.49,29.55,32.79,32.61,2022,21
4358,19,McLaren,336.71,38.47,37.56,34.87,2022,16
4359,3,McLaren,306.01,26.35,37.8,24.48,2022,13
4361,6,Mercedes,330.61,39.27,44.27,31.26,2022,3
4375,12,RedBull,319.65,37.36,32.84,28.36,2022,9
4387,4,Williams,321.13,35.01,38.62,25.43,2022,15
4407,7,Alpine,306.74,36.15,39.21,34.38,2022,8
4410,6,Mercedes,289.22,33.26,41.39,20.89,2022,20
4411,13,Mercedes,344.37,36.07,35.0,28.96,2022,10
4431,2,AlphaTauri,305.49,38.06,43.49,25.45,2022,2
4434,15,Alpine,312.53,35.44,36.45,21.34,2022,8
4438,1,RedBull,302.12,37.05,41.63,30.92,2022,20
4444,6,Mercedes,312.24,32.2,43.73,32.83,2022,3
4454,14,Ferrari,284.79,36.84,34.15,32.82,2022,17
4471,10,Alpine,331.94,38.15,44.44,26.92,2022,9
4473,7,Alpine,339.23,28.32,36.53,27.66,2022,11
4474,6,Mercedes,299.03,29.08,33.92,29.83,2022,13
4475,9,Ferrari,297.91,27.34,36.21,29.5,2022,12
4478,18,Ferrari,339.0,37.88,30.34,21.5,2022,2
4480,18,Ferrari,328.85,30.92,42.31,30.71,2022,22
4485,11,Williams,314.31,32.5,34.67,26.72,2022,4
4489,17,McLaren,298.24,26.05,32.69,34.08,2022,21
4505,2,AlphaTauri,304.99,36.93,33.94,33.11,2022,9
4508,4,Williams,309.28,29.88,44.05,20.22,2022,4
4509,5,Ferrari,344.64,39.77,30.28,32.69,2022,12
4510,7,Alpine,341.2,27.65,44.53,30.19,2022,5
4512,13,Mercedes,329.55,27.88,38.69,26.35,2022,8
4514,13,Mercedes,311.47,28.86,35.77,24.61,2022,17
4516,14,Ferrari,286.16,29.71,45.0,34.93,2022,8
4517,5,Ferrari,344.71,34.01,43.36,21.79,2022,14
4520,3,McLaren,319.84,26.3,39.58,23.2,2022,7
4531,5,Ferrari,308.23,36.29,39.68,23.05,2022,9
4532,19,McLaren,340.9,25.98,43.31,30.9,2022,20
4550,20,AlphaTauri,333.87,39.95,32.58,23.74,2022,12
4558,13,Mercedes,327.54,30.27,30.66,32.67,2022,9
4564,15,Alpine,305.5,32.73,38.82,34.92,2022,7
4575,12,RedBull,343.45,26.75,35.9,26.5,2022,24
4591,14,Ferrari,332.3,31.99,30.87,24.74,2022,6
4594,18,Ferrari,314.15,40.0,37.97,22.0,2022,2
4600,10,Alpine,296.66,32.23,37.0,26.74,2022,14
4602,2,AlphaTauri,288.0,26.68,32.67,23.18,2022,8
4605,8,Ferrari,318.77,32.65,38.74,25.53,2022,7
4615,13,Mercedes,285.33,36.24,44.94,30.24,2022,14
4632,2,AlphaTauri,295.41,35.37,38.84,26.12,2022,10
4635,15,Alpine,293.18,33.51,43.91,24.23,2022,14
4646,13,Mercedes,315.29,35.36,37.02,32.54,2022,3
4658,12,RedBull,312.32,39.33,41.9,28.6,2022,7
4660,20,AlphaTauri,307.02,35.55,41.99,30.98,2022,3
4662,5,Ferrari,309.63,28.36,35.73,20.97,2022,3
4663,7,Alpine,333.2,32.69,34.74,33.43,2022,6
4664,8,Ferrari,332.24,26.1,39.51,26.1,2022,6
4667,8,Ferrari,284.96,27.09,36.59,22.14,2022,23
4668,11,Williams,300.64,38.53,33.7,20.38,2022,4
4674,16,RedBull,316.36,35.38,35.81,22.0,2022,5
4676,20,AlphaTauri,291.75,30.56,38.82,34.61,2022,10
4677,16,RedBull,287.51,36.92,34.35,32.61,2022,3
4685,20,AlphaTauri,323.63,34.85,31.64,21.53,2022,9
4686,17,McLaren,314.2,30.43,35.57,24.03,2022,22
4688,20,AlphaTauri,299.87,35.64,32.78,29.99,2022,3
4690,12,RedBull,287.83,38.64,37.74,20.23,2022,4
4691,2,AlphaTauri,334.12,33.23,35.95,20.75,2022,18
4696,3,McLaren,284.73,39.02,34.86,20.67,2022,18
4699,18,Ferrari,288.46,26.37,31.74,27.15,2022,18
4707,11,Williams,287.1,30.34,32.27,29.23,2022,11
4711,10,Alpine,321.94,25.91,32.42,24.84,2022,6
4716,7,Alpine,342.8,36.67,36.96,22.35,2022,1
4718,18,Ferrari,306.07,39.6,39.12,21.29,2022,13
4722,16,RedBull,331.89,35.65,41.91,30.85,2022,2
4727,19,McLaren,344.45,32.94,30.15,27.72,2022,22
4737,7,Alpine,332.26,36.86,32.9,26.11,2022,2
4748,8,Ferrari,291.09,29.57,41.01,25.36,2022,18
4750,19,McLaren,331.39,39.14,34.68,31.43,2022,22
4751,9,Ferrari,292.59,29.01,43.52,31.32,2022,16
4761,15,Alpine,305.18,32.39,41.78,29.16,2022,3
4766,11,Williams,340.15,27.24,35.81,32.88,2022,6
4776,8,Ferrari,311.52,33.27,39.16,27.12,2022,24
4779,2,AlphaTauri,319.29,30.06,30.74,31.01,2022,9
4797,8,Ferrari,334.92,32.68,39.1,31.8,2022,2
4800,8,Ferrari,312.85,34.04,42.53,27.56,2022,8
4805,17,McLaren,282.31,32.84,41.34,30.05,2022,17
4806,12,RedBull,313.42,34.89,39.34,33.24,2022,13
4809,7,Alpine,284.66,30.72,44.45,25.44,2022,23
4811,9,Ferrari,316.08,33.78,37.35,33.2,2022,19
4822,18,Ferrari,328.95,36.29,31.48,25.62,2022,23
4823,15,Alpine,342.07,29.44,44.05,22.97,2022,2
4830,1,RedBull,324.69,32.84,43.8,34.18,2022,22
4831,7,Alpine,316.84,31.31,32.49,30.27,2022,10
4833,3,McLaren,341.57,32.75,32.46,32.08,2022,13
4837,9,Ferrari,290.7,36.47,43.2,26.93,2022,16
4848,13,Mercedes,312.74,37.03,44.19,25.69,2022,1
4856,8,Ferrari,314.97,30.85,40.4,24.72,2022,19
4857,17,McLaren,302.13,37.22,39.38,28.54,2022,16
4864,14,Ferrari,336.16,38.54,36.56,22.34,2022,13
4869,12,RedBull,327.04,36.83,43.16,31.85,2022,22
4878,12,RedBull,300.22,34.87,40.54,33.54,2022,3
4879,15,Alpine,326.36,25.8,37.79,30.05,2022,5
4882,5,Ferrari,332.62,38.54,36.66,23.59,2022,1
4885,1,RedBull,302.24,35.88,40.13,34.42,2022,21
4887,6,Mercedes,326.6,25.1,30.1,26.36,2022,24
4891,17,McLaren,331.73,34.3,33.94,20.74,2022,14
4904,15,Alpine,336.99,36.18,32.22,21.33,2022,21
4910,17,McLaren,292.48,26.79,35.41,31.32,2022,9
4913,2,AlphaTauri,328.17,29.26,40.6,24.99,2022,14
4914,14,Ferrari,343.86,34.83,30.35,23.13,2022,4
4916,3,McLaren,292.88,36.67,39.86,30.45,2022,18
4923,7,Alpine,316.8,28.8,39.0,32.49,2022,6
4925,13,Mercedes,331.79,25.47,37.66,29.64,2022,1
4927,7,Alpine,291.33,32.09,31.02,30.82,2022,14
4931,6,Mercedes,290.43,29.97,33.09,27.98,2022,24
4933,18,Ferrari,289.64,31.83,43.35,20.35,2022,5
4946,14,Ferrari,334.61,31.75,44.48,20.1,2022,2
4949,3,McLaren,309.75,36.95,37.9,27.59,2022,5
4954,9,Ferrari,309.36,25.62,41.4,26.38,2022,7
4955,3,McLaren,292.95,36.58,38.93,23.92,2022,5
4957,16,RedBull,290.91,39.88,38.16,34.22,2022,14
4963,15,Alpine,343.93,37.01,38.6,24.98,2022,22
4964,5,Ferrari,304.94,25.66,35.88,20.57,2022,17
4965,5,Ferrari,322.41,36.66,44.43,34.54,2022,16
4971,2,AlphaTauri,343.46,32.33,40.95,30.99,2022,24
4989,9,Ferrari,338.08,27.9,33.73,24.97,2022,3
4990,9,Ferrari,303.07,32.56,31.94,25.69,2022,12
4996,9,Ferrari,297.36,35.9,34.52,26.08,2022,22
5004,7,Alpine,324.82,30.42,44.7,33.57,2022,11
5006,6,Mercedes,342.33,30.24,43.28,30.58,2022,18
5007,11,Williams,339.71,39.31,44.05,33.67,2022,17
5010,19,McLaren,305.56,28.64,35.98,32.67,2022,11
5013,3,McLaren,291.39,31.27,35.32,26.51,2022,9
5036,13,Mercedes,316.46,35.67,32.66,22.61,2022,15
5049,4,Williams,312.67,33.93,39.81,20.25,2022,10
5059,1,RedBull,329.58,26.75,42.89,26.59,2022,2
5060,2,AlphaTauri,340.87,26.39,42.86,21.07,2022,3
5061,10,Alpine,311.17,32.8,30.85,24.9,2022,4
5064,14,Ferrari,306.02,39.1,35.05,25.41,2022,15
5066,20,AlphaTauri,284.64,33.27,33.86,23.32,2022,23
5067,3,McLaren,292.2,36.46,33.43,22.73,2022,17
5074,5,Ferrari,327.03,38.23,42.63,21.43,2022,1
5076,15,Alpine,320.01,27.69,42.6,27.59,2022,22
5080,10,Alpine,297.61,25.54,33.44,28.61,2022,14
5081,14,Ferrari,328.75,38.15,30.9,32.43,2022,22
5082,10,Alpine,318.39,34.09,30.69,25.15,2022,3
5086,6,Mercedes,331.53,32.17,37.08,22.83,2022,15
5088,6,Mercedes,328.54,29.16,42.42,33.1,2022,8
5091,12,RedBull,298.32,31.9,42.61,24.46,2022,9
5094,3,McLaren,312.23,25.4,31.91,25.26,2022,1
5111,4,Williams,329.69,33.7,35.25,31.42,2022,20
5112,16,RedBull,329.28,26.22,31.47,33.64,2022,23
5113,11,Williams,294.79,26.06,38.02,26.16,2022,9
5118,4,Williams,282.95,27.25,33.33,26.66,2022,1
5121,15,Alpine,303.32,28.29,42.82,24.41,2022,5
5143,12,RedBull,314.41,35.52,44.7,27.89,2022,13
5144,2,AlphaTauri,325.24,37.35,30.2,30.51,2022,16
5145,15,Alpine,337.15,39.89,43.55,32.59,2022,12
5149,20,AlphaTauri,315.16,31.01,33.57,23.24,2022,12
5150,4,Williams,280.52,27.85,44.61,20.04,2022,15
5151,14,Ferrari,327.62,36.14,32.75,30.14,2022,1
5161,6,Mercedes,310.56,35.1,42.89,23.84,2022,15
5162,20,AlphaTauri,338.67,32.63,36.36,34.65,2022,14
5163,6,Mercedes,343.15,34.25,33.24,23.51,2022,12
5166,13,Mercedes,298.02,35.98,44.91,22.16,2022,6
5168,13,Mercedes,313.5,36.96,41.87,22.19,2022,13
5172,4,Williams,284.83,37.11,36.68,31.88,2022,5
5173,15,Alpine,329.52,27.81,32.17,30.6,2022,21
5174,4,Williams,285.39,37.61,35.69,23.23,2022,10
5202,11,Williams,336.41,34.11,39.06,29.68,2022,17
5203,13,Mercedes,291.65,26.85,34.71,24.74,2022,4
5205,10,Alpine,292.96,37.03,37.48,34.85,2022,12
5206,14,Ferrari,305.76,34.06,31.12,21.51,2022,9
5218,2,AlphaTauri,312.9,33.39,42.05,26.56,2022,23
5220,1,RedBull,314.68,31.44,31.71,29.33,2022,21
5221,2,AlphaTauri,320.34,34.01,32.61,26.5,2022,11
5222,20,AlphaTauri,286.31,27.99,40.52,30.72,2022,8
5224,14,Ferrari,285.37,25.89,32.3,28.54,2022,13
5225,4,Williams,333.44,33.44,40.47,22.0,2022,8
5227,11,Williams,325.22,36.5,35.69,30.3,2022,24
5232,2,AlphaTauri,317.83,35.83,42.05,22.02,2022,15
5233,1,RedBull,293.03,26.21,33.03,32.74,2022,22
5234,7,Alpine,286.17,37.98,39.0,33.1,2022,20
5235,13,Mercedes,318.37,37.99,42.0,24.49,2022,23
5254,2,AlphaTauri,323.52,34.09,43.98,33.72,2022,16
5255,15,Alpine,284.83,25.64,31.59,25.7,2022,20
5259,11,Williams,321.41,25.53,38.76,34.37,2022,3
5263,1,RedBull,304.16,32.77,35.58,34.3,2022,14
5266,3,McLaren,341.48,29.41,42.69,23.52,2022,24
5270,3,McLaren,332.76,25.31,38.83,25.97,2022,8
5272,2,AlphaTauri,306.77,27.25,40.81,30.45,2022,17
5278,4,Williams,316.01,38.13,37.68,32.48,2022,24
5281,8,Ferrari,313.34,32.02,43.62,27.31,2022,11
5285,1,RedBull,304.47,29.79,32.98,31.62,2022,19
5290,3,McLaren,327.15,25.76,44.0,23.54,2022,19
5294,14,Ferrari,293.35,32.84,37.8,28.97,2022,14
5296,2,AlphaTauri,294.28,32.38,32.25,26.17,2022,5
5302,10,Alpine,310.85,34.74,39.91,24.82,2022,22
5304,19,McLaren,338.42,30.19,32.6,24.28,2022,19
5305,18,Ferrari,323.51,32.96,41.69,26.89,2022,1
5308,10,Alpine,289.17,34.62,35.93,30.83,2022,17
5309,6,Mercedes,316.7,39.09,36.61,33.29,2022,7
5311,15,Alpine,335.81,33.3,42.56,30.95,2022,15
5319,13,Mercedes,325.74,38.3,35.55,34.71,2022,24
5321,8,Ferrari,344.22,35.59,36.7,30.28,2022,13
5322,15,Alpine,296.58,32.46,35.84,24.48,2022,22
5328,7,Alpine,288.02,27.31,36.24,20.26,2022,6
5329,2,AlphaTauri,322.95,35.16,39.48,34.58,2022,3
5331,20,AlphaTauri,323.29,38.38,37.28,26.03,2022,5
5332,7,Alpine,330.15,33.21,31.93,20.66,2022,17
5337,6,Mercedes,337.16,25.71,40.38,26.64,2022,18
5342,9,Ferrari,313.7,33.12,34.01,22.52,2022,12
5350,7,Alpine,337.16,39.12,35.04,28.85,2022,13
5355,7,Alpine,298.26,28.11,39.77,27.29,2022,4
5358,10,Alpine,313.53,29.61,42.38,33.25,2022,15
5361,19,McLaren,332.15,28.58,43.05,31.5,2022,22
5366,15,Alpine,301.37,38.62,31.87,34.47,2022,21
5368,10,Alpine,297.04,29.2,33.72,25.94,2022,6
5369,4,Williams,319.34,39.42,43.35,33.19,2022,17
5370,19,McLaren,311.75,30.91,43.89,24.92,2022,2
5371,19,McLaren,282.51,28.04,35.61,26.6,2022,2
5376,5,Ferrari,319.07,31.45,35.28,24.56,2022,2
5379,11,Williams,342.05,31.76,43.58,28.31,2022,22
5382,17,McLaren,318.32,30.86,30.18,25.61,2022,22
5386,4,Williams,287.17,25.78,31.87,29.79,2022,19
5390,20,AlphaTauri,316.55,26.95,36.28,30.48,2022,2
5394,10,Alpine,313.77,31.21,38.44,33.0,2022,20
5403,5,Ferrari,302.79,39.76,34.45,25.29,2022,24
5404,12,RedBull,322.05,30.41,39.3,33.6,2022,3
5407,11,Williams,312.41,37.01,34.88,22.07,2022,2
5419,11,Williams,301.78,29.61,31.72,25.99,2022,23
5423,8,Ferrari,318.8,27.38,31.21,32.6,2022,2
5428,8,Ferrari,306.98,35.11,39.26,33.89,2022,21
5429,13,Mercedes,297.41,31.45,36.5,33.53,2022,23
5441,2,AlphaTauri,287.62,26.75,40.82,25.4,2022,5
5443,7,Alpine,287.49,34.22,39.91,34.72,2022,23
5450,19,McLaren,310.77,28.52,44.28,25.57,2022,3
5455,4,Williams,286.22,38.49,43.79,29.04,2022,11
5465,1,RedBull,313.09,35.17,42.89,31.47,2022,17
5467,15,Alpine,343.32,28.04,40.22,25.0,2022,10
5469,15,Alpine,335.03,32.06,38.78,26.43,2022,4
5474,19,McLaren,322.1,32.94,42.87,32.28,2022,18
5480,4,Williams,312.69,27.74,39.96,22.31,2022,5
5484,5,Ferrari,329.19,25.93,37.91,27.02,2022,9
5489,12,RedBull,282.98,33.28,38.69,23.8,2022,14
5491,4,Williams,331.76,30.67,37.59,28.84,2022,16
5497,2,AlphaTauri,329.58,31.91,42.28,21.49,2022,16
5501,5,Ferrari,303.54,35.91,32.88,32.49,2022,14
5502,16,RedBull,319.42,31.81,33.22,32.71,2022,4
5508,11,Williams,324.32,27.46,32.47,24.68,2022,1
5514,5,Ferrari,338.07,38.05,36.01,29.15,2022,24
5516,19,McLaren,292.53,33.01,41.27,30.34,2022,9
5519,7,Alpine,326.73,37.51,34.54,31.37,2022,7
5525,4,Williams,310.65,35.0,36.05,26.35,2022,3
5529,10,Alpine,296.16,37.99,32.4,25.71,2022,12
5530,1,RedBull,319.79,29.24,42.01,27.72,2022,6
5532,7,Alpine,344.4,27.55,38.67,29.76,2022,13
5534,6,Mercedes,337.75,29.82,32.37,30.37,2022,18
5535,8,Ferrari,331.9,33.24,32.47,27.53,2022,13
5537,9,Ferrari,336.03,30.84,38.2,28.83,2022,8
5543,19,McLaren,334.12,36.08,41.86,23.01,2022,8
5554,12,RedBull,316.86,33.26,31.56,29.27,2022,22
5561,20,AlphaTauri,294.06,35.51,35.4,25.63,2022,9
5563,7,Alpine,304.96,29.75,38.95,23.22,2022,17
5565,10,Alpine,320.79,38.97,39.99,31.61,2022,4
5566,2,AlphaTauri,332.72,33.78,40.98,26.8,2022,23
5569,20,AlphaTauri,283.08,32.3,36.44,28.87,2022,21
5570,18,Ferrari,283.71,25.07,33.22,34.39,2022,2
5586,19,McLaren,282.12,34.87,31.18,32.23,2022,17
5592,4,Williams,344.39,35.28,34.09,24.94,2022,3
5596,10,Alpine,340.54,36.65,36.96,25.22,2022,3
5598,6,Mercedes,281.97,37.54,35.46,31.12,2022,8
5602,14,Ferrari,302.83,33.29,38.38,28.18,2022,19
5603,5,Ferrari,293.94,33.87,36.21,33.16,2022,24
5605,19,McLaren,301.71,38.76,44.28,28.97,2022,11
5615,4,Williams,341.08,31.09,40.9,21.08,2022,14
5617,10,Alpine,337.58,25.13,39.28,32.75,2022,21
5622,8,Ferrari,321.82,32.2,44.31,29.05,2022,15
5627,2,AlphaTauri,317.11,26.95,35.27,33.63,2022,21
5632,10,Alpine,280.54,30.47,38.44,34.49,2022,7
5633,9,Ferrari,325.05,25.76,42.94,22.65,2022,11
5636,15,Alpine,294.24,38.44,36.08,29.04,2022,21
5641,6,Mercedes,327.62,37.13,32.32,20.49,2022,10
5645,6,Mercedes,323.0,29.84,39.12,27.63,2022,14
5650,5,Ferrari,281.14,26.97,31.75,29.54,2022,2
5669,19,McLaren,317.41,30.31,42.99,20.78,2022,23
5670,16,RedBull,313.64,29.68,38.94,34.63,2022,12
5674,5,Ferrari,285.45,36.05,42.93,22.45,2022,4
5678,7,Alpine,280.47,26.64,39.81,33.56,2022,14
5696,12,RedBull,321.23,25.6,36.88,23.23,2022,16
5704,13,Mercedes,283.34,37.84,31.25,24.8,2022,23
5717,11,Williams,331.25,32.45,30.97,27.05,2022,15
5718,11,Williams,308.37,34.33,44.27,29.64,2022,15
5719,11,Williams,283.1,30.98,31.06,26.05,2022,4
5720,14,Ferrari,344.51,30.35,33.0,23.55,2022,2
5722,11,Williams,327.1,31.86,44.6,29.86,2022,10
5726,17,McLaren,309.67,26.9,42.47,31.06,2022,17
5727,9,Ferrari,343.74,34.33,41.69,29.41,2022,1
5732,6,Mercedes,340.3,37.14,34.4,23.81,2022,19
5733,19,McLaren,284.02,27.26,38.11,21.64,2022,7
5738,11,Williams,296.89,30.41,35.51,33.53,2022,15
5739,6,Mercedes,281.57,26.73,34.18,33.28,2022,6
5742,4,Williams,336.31,38.05,42.22,34.81,2022,1
5743,19,McLaren,286.08,25.45,43.33,30.89,2022,8
5744,4,Williams,308.27,33.51,43.71,22.32,2022,15
5754,20,AlphaTauri,283.67,30.31,44.32,21.81,2022,13
5755,11,Williams,344.56,33.57,43.2,26.35,2022,14
5757,8,Ferrari,290.62,37.98,31.52,34.79,2022,18
5759,13,Mercedes,325.71,39.84,42.98,21.65,2022,22
5764,9,Ferrari,294.95,33.21,33.79,33.71,2022,17
5765,8,Ferrari,296.25,37.31,39.32,28.91,2022,14
5770,2,AlphaTauri,291.0,31.56,36.76,26.38,2022,8
5771,19,McLaren,321.91,32.57,41.07,34.02,2022,12
5772,3,McLaren,341.55,34.25,32.67,27.52,2022,24
5775,12,RedBull,320.37,28.68,42.09,30.76,2022,2
5777,20,AlphaTauri,321.27,30.71,35.02,29.79,2022,16
5779,10,Alpine,314.29,34.64,39.13,24.37,2022,11
5780,6,Mercedes,302.59,31.19,39.78,30.63,2022,19
5793,8,Ferrari,337.14,39.0,39.43,32.59,2022,23
5797,12,RedBull,286.3,29.52,38.8,34.85,2022,8
5806,5,Ferrari,342.35,38.05,38.54,25.38,2022,19
5814,15,Alpine,324.9,29.19,41.02,22.06,2022,3
5818,13,Mercedes,332.26,38.65,33.99,25.36,2022,16
5819,1,RedBull,290.5,29.21,40.68,24.4,2022,21
5822,15,Alpine,342.53,33.05,36.24,29.09,2022,17
5826,1,RedBull,322.38,30.33,44.44,24.85,2022,7
5828,4,Williams,285.95,28.48,42.79,21.47,2022,6
5836,1,RedBull,341.11,32.73,33.48,26.15,2022,15
5841,16,RedBull,344.45,33.22,42.68,29.73,2022,5
5842,19,McLaren,332.71,35.67,30.79,31.94,2022,18
5843,10,Alpine,297.69,32.39,42.57,33.27,2022,22
5844,15,Alpine,305.71,27.21,34.32,22.28,2022,18
5845,3,McLaren,312.3,29.18,30.04,34.68,2022,21
5846,15,Alpine,319.46,28.5,37.2,26.14,2022,11
5853,1,RedBull,316.02,32.29,39.16,31.91,2022,24
5855,10,Alpine,285.68,34.72,33.17,28.72,2022,22
5863,6,Mercedes,326.21,33.85,40.63,33.95,2022,12
5864,5,Ferrari,298.24,35.79,42.85,24.07,2022,17
5866,4,Williams,327.74,37.57,36.48,23.72,2022,12
5869,9,Ferrari,291.07,39.97,30.18,32.39,2022,8
5870,7,Alpine,331.38,29.14,39.75,27.95,2022,24
5880,5,Ferrari,280.36,26.53,43.25,31.56,2022,8
5885,14,Ferrari,335.2,37.93,32.7,27.82,2022,8
5894,6,Mercedes,284.73,39.88,33.16,25.94,2022,2
5899,6,Mercedes,327.59,33.14,40.76,30.25,2022,22
5905,13,Mercedes,321.52,32.59,38.78,34.71,2022,3
5910,1,RedBull,332.56,38.12,44.33,32.06,2022,4
5912,16,RedBull,334.56,32.39,41.99,27.03,2022,24
5914,14,Ferrari,305.27,36.25,38.98,32.6,2022,19
5915,20,AlphaTauri,283.48,39.02,43.1,27.08,2022,21
5916,16,RedBull,281.77,28.35,32.21,32.29,2022,3
5917,5,Ferrari,316.07,32.71,42.96,33.05,2022,15
5920,10,Alpine,280.51,31.56,35.88,30.12,2022,7
5925,16,RedBull,295.64,37.48,44.19,34.86,2022,24
5927,20,AlphaTauri,312.64,38.37,34.59,34.95,2022,5
5929,16,RedBull,341.89,32.38,39.16,34.85,2022,5
5936,18,Ferrari,290.9,29.66,37.08,33.17,2022,11
5939,5,Ferrari,335.55,39.74,36.05,23.02,2022,22
5940,1,RedBull,315.31,25.65,36.96,21.32,2022,2
5944,12,RedBull,327.58,27.49,30.6,33.27,2022,13
5947,9,Ferrari,302.51,31.36,33.52,27.11,2022,23
5952,16,RedBull,297.82,38.54,41.28,27.21,2022,17
5953,12,RedBull,285.15,28.03,37.66,34.65,2022,7
5954,15,Alpine,338.19,31.48,40.3,22.25,2022,8
5955,12,RedBull,282.87,36.21,43.01,33.39,2022,18
5961,17,McLaren,286.26,33.32,33.07,21.1,2022,8
5969,11,Williams,306.22,34.59,32.42,29.78,2022,24
5970,9,Ferrari,326.45,32.45,32.18,22.12,2022,14
5971,2,AlphaTauri,332.85,34.07,36.58,24.91,2022,5
5972,14,Ferrari,344.88,25.19,32.86,26.52,2022,18
5979,10,Alpine,291.71,26.77,31.75,25.43,2022,4
5980,17,McLaren,336.24,32.3,37.74,25.25,2022,10
5982,8,Ferrari,336.06,31.17,39.71,23.28,2022,23
5985,3,McLaren,296.85,38.61,44.94,21.89,2022,9
5996,1,RedBull,284.38,30.57,41.28,23.44,2022,12
5998,20,AlphaTauri,303.99,39.93,44.3,27.88,2022,7
6000,20,AlphaTauri,336.36,26.79,32.28,27.8,2022,20
6003,4,Williams,285.71,37.76,40.55,34.2,2022,6
6006,6,Mercedes,307.55,36.55,40.16,24.88,2022,16
6008,14,Ferrari,344.2,36.19,33.29,33.52,2022,20
6009,4,Williams,315.45,30.01,30.67,22.78,2022,6
6012,7,Alpine,329.98,31.4,33.06,34.84,2022,13
6014,2,AlphaTauri,310.45,25.34,43.62,32.99,2022,18
6019,6,Mercedes,296.37,35.87,41.16,31.75,2022,5
6023,6,Mercedes,317.25,26.64,39.15,28.11,2022,7
6027,3,McLaren,318.04,31.76,42.19,26.36,2022,2
6030,15,Alpine,281.49,28.85,34.99,22.55,2022,7
6033,17,McLaren,321.29,38.89,38.01,29.03,2022,21
6035,18,Ferrari,319.82,35.33,35.58,29.85,2022,9
6038,7,Alpine,337.65,30.27,32.54,30.04,2022,1
6042,6,Mercedes,293.91,38.01,36.08,25.08,2022,13
6043,5,Ferrari,323.56,39.73,40.5,28.88,2022,15
6044,9,Ferrari,302.0,39.06,33.93,22.28,2022,21
6045,18,Ferrari,344.98,28.25,33.57,25.2,2022,5
6048,2,AlphaTauri,283.09,36.59,42.81,26.09,2022,14
6049,15,Alpine,325.96,33.25,35.17,29.19,2022,4
6053,19,McLaren,291.34,30.93,37.22,23.95,2022,4
6062,9,Ferrari,292.95,33.38,33.49,30.11,2022,12
6064,19,McLaren,312.94,25.28,33.01,25.89,2022,18
6068,18,Ferrari,339.98,36.5,38.76,30.36,2022,19
6070,6,Mercedes,310.28,36.35,40.42,29.03,2022,6
6071,10,Alpine,338.7,28.51,32.12,28.76,2022,24
6072,15,Alpine,332.39,33.14,30.97,32.81,2022,10
6076,8,Ferrari,327.11,37.41,34.69,31.05,2022,14
6084,5,Ferrari,341.28,27.07,38.18,23.97,2022,18
6092,16,RedBull,337.12,26.23,43.68,31.69,2022,14
6094,2,AlphaTauri,295.37,28.58,39.72,21.81,2022,5
6103,15,Alpine,307.9,33.96,42.72,34.39,2022,18
6116,2,AlphaTauri,315.61,34.35,35.21,31.5,2022,9
6118,10,Alpine,316.66,39.41,40.4,22.24,2022,5
6119,14,Ferrari,283.71,25.91,31.16,23.2,2022,1
6120,12,RedBull,299.47,39.97,38.09,26.48,2022,7
6135,14,Ferrari,299.95,32.53,43.41,31.33,2022,5
6137,12,RedBull,326.07,26.15,32.39,21.53,2022,22
6139,15,Alpine,335.89,29.38,33.16,29.69,2022,21
6143,18,Ferrari,304.1,36.76,44.16,26.06,2022,19
6145,9,Ferrari,313.57,36.87,30.04,28.07,2022,16
6146,14,Ferrari,344.15,36.63,44.88,20.75,2022,23
6147,3,McLaren,309.79,36.34,34.82,22.83,2022,8
6152,11,Williams,295.53,33.56,35.34,29.8,2022,23
6153,8,Ferrari,319.44,38.61,41.44,23.17,2022,5
6154,10,Alpine,322.41,37.54,44.86,25.48,2022,20
6158,6,Mercedes,334.57,34.32,35.21,23.69,2022,21
6159,4,Williams,284.47,39.2,32.02,25.91,2022,20
6160,4,Williams,315.59,31.2,39.84,28.92,2022,12
6161,19,McLaren,322.24,35.02,43.56,32.49,2022,11
6162,8,Ferrari,288.96,25.63,35.99,24.74,2022,7
6167,5,Ferrari,282.64,28.94,31.67,34.26,2022,9
6175,12,RedBull,309.47,28.96,33.41,29.86,2022,23
6179,13,Mercedes,305.01,35.42,44.97,24.32,2022,11
6183,4,Williams,339.97,33.37,40.61,27.75,2022,13
6184,14,Ferrari,308.39,38.77,30.19,28.47,2022,6
6185,7,Alpine,324.86,33.0,32.43,28.76,2022,16
6186,11,Williams,329.02,28.43,36.97,34.37,2022,2
6188,6,Mercedes,336.91,32.46,31.45,22.16,2022,23
6190,20,AlphaTauri,338.69,25.21,32.21,34.07,2022,17
6196,5,Ferrari,321.23,25.9,43.27,25.38,2022,20
6207,4,Williams,303.44,37.42,41.84,29.12,2022,12
6208,5,Ferrari,329.44,28.62,30.26,33.51,2022,8
6214,19,McLaren,313.84,30.22,37.18,33.69,2022,3
6215,7,Alpine,299.94,28.06,44.08,22.25,2022,2
6216,17,McLaren,291.43,39.7,33.72,27.15,2022,6
6217,3,McLaren,304.27,38.07,36.62,20.35,2022,9
6219,8,Ferrari,319.87,30.94,41.11,33.15,2022,15
6224,11,Williams,333.55,38.11,32.32,21.95,2022,8
6231,7,Alpine,336.0,39.72,30.37,25.56,2022,5
6240,14,Ferrari,311.37,37.73,31.53,27.9,2022,6
6241,9,Ferrari,341.31,33.28,41.69,21.14,2022,10
6243,1,RedBull,318.69,29.56,41.08,26.94,2022,18
6244,11,Williams,327.87,31.36,33.8,29.92,2022,12
6249,19,McLaren,336.98,39.39,43.82,34.46,2022,21
6256,4,Williams,320.97,28.27,35.44,21.89,2022,24
6258,1,RedBull,289.82,28.2,32.95,21.86,2022,20
6260,9,Ferrari,286.03,30.57,30.39,23.88,2022,24
6264,19,McLaren,335.04,30.0,42.29,32.34,2022,24
6265,19,McLaren,314.02,31.07,35.37,33.44,2022,8
6266,18,Ferrari,318.5,33.55,43.61,24.9,2022,10
6269,14,Ferrari,299.08,29.74,39.1,28.17,2022,19
6270,18,Ferrari,291.19,27.61,34.55,22.8,2022,18
6275,3,McLaren,286.13,27.81,43.54,33.33,2022,15
6276,18,Ferrari,301.5,28.43,31.62,25.78,2022,13
6283,12,RedBull,284.73,32.04,41.43,33.76,2022,20
6287,20,AlphaTauri,310.03,34.86,44.68,29.24,2022,8
6306,4,Williams,341.07,26.7,33.82,27.37,2022,5
6308,10,Alpine,337.04,38.41,33.62,27.81,2022,13
6311,11,Williams,307.55,26.7,36.13,22.42,2022,21
6312,9,Ferrari,309.59,27.91,44.67,24.68,2022,15
6313,2,AlphaTauri,300.94,30.4,44.47,32.14,2022,17
6315,2,AlphaTauri,295.4,38.18,30.75,25.49,2022,8
6321,15,Alpine,284.82,30.41,32.97,24.06,2022,13
6324,17,McLaren,307.35,28.15,40.6,27.16,2022,3
6326,6,Mercedes,309.24,25.08,34.96,32.07,2022,24
6334,12,RedBull,324.62,29.68,33.97,33.4,2022,13
6335,2,AlphaTauri,317.7,35.79,32.44,31.76,2022,19
6339,18,Ferrari,344.63,30.31,35.64,24.18,2022,15
6344,14,Ferrari,296.79,35.97,31.87,21.58,2022,22
6358,2,AlphaTauri,311.22,39.39,33.49,22.57,2022,18
6359,12,RedBull,327.56,35.92,40.2,28.64,2022,10
6363,18,Ferrari,341.61,31.62,37.18,24.04,2022,14
6365,14,Ferrari,299.67,36.82,33.48,31.35,2022,20
6366,20,AlphaTauri,305.93,33.12,40.59,29.22,2022,21
6367,9,Ferrari,308.0,35.48,37.37,24.77,2022,8
6372,7,Alpine,286.79,34.34,43.15,29.24,2022,2
6373,8,Ferrari,312.91,37.57,40.67,24.39,2022,4
6379,20,AlphaTauri,331.13,36.09,37.79,22.12,2022,18
6381,3,McLaren,329.88,29.83,33.24,26.54,2022,15
6383,15,Alpine,296.38,29.67,32.93,27.91,2022,24
6391,5,Ferrari,338.91,37.24,44.0,22.13,2022,3
6393,11,Williams,298.11,36.34,39.74,31.21,2022,1
6395,16,RedBull,302.03,32.32,37.53,26.76,2022,11
6396,16,RedBull,286.44,36.25,44.1,29.53,2022,6
6402,14,Ferrari,309.56,29.07,31.76,27.84,2022,11
6406,17,McLaren,308.82,39.08,37.66,30.43,2022,21
6410,14,Ferrari,326.8,33.45,41.73,27.49,2022,20
6412,5,Ferrari,284.82,25.06,41.41,25.53,2022,14
6415,12,RedBull,329.21,26.52,30.63,22.0,2022,14
6419,20,AlphaTauri,336.37,26.3,40.37,20.1,2022,3
6422,11,Williams,286.26,35.36,43.52,31.96,2022,3
6425,12,RedBull,282.57,38.6,30.96,28.84,2022,13
6434,10,Alpine,295.56,26.37,36.79,24.84,2022,15
6444,6,Mercedes,303.16,34.16,37.73,21.28,2022,4
6447,6,Mercedes,299.44,29.53,37.77,30.82,2022,2
6459,7,Alpine,287.84,39.58,42.72,24.15,2022,11
6460,4,Williams,280.03,25.27,31.33,30.79,2022,2
6461,15,Alpine,328.19,30.37,40.04,30.11,2022,23
6464,15,Alpine,339.45,26.93,37.85,28.24,2022,16
6465,4,Williams,287.41,25.98,42.29,30.11,2022,10
6466,18,Ferrari,337.11,29.8,34.66,32.47,2022,7
6470,11,Williams,287.79,26.14,34.66,30.28,2022,21
6490,16,RedBull,282.3,29.37,37.12,34.97,2022,3
6500,18,Ferrari,302.69,31.55,30.45,25.46,2022,11
6503,6,Mercedes,332.9,31.4,43.44,22.26,2022,8
6509,16,RedBull,314.6,37.62,42.1,27.39,2022,14
6516,16,RedBull,327.49,25.59,34.84,27.4,2022,8
6518,17,McLaren,294.03,37.62,43.03,32.39,2022,20
6523,11,Williams,338.15,38.8,42.72,27.77,2022,3
6526,2,AlphaTauri,287.03,38.86,37.46,29.62,2022,2
6536,10,Alpine,307.48,36.86,34.99,31.92,2022,15
6541,15,Alpine,305.8,27.96,39.82,32.83,2022,22
6542,19,McLaren,290.01,28.85,41.95,24.61,2022,20
6543,5,Ferrari,344.53,28.1,39.83,33.99,2022,19
6546,14,Ferrari,311.21,26.83,33.36,25.32,2022,17
6547,16,RedBull,335.22,30.4,44.05,22.09,2022,17
6549,20,AlphaTauri,338.09,29.27,35.95,30.45,2022,20
6554,12,RedBull,329.28,34.89,33.75,22.55,2022,12
6556,9,Ferrari,334.87,26.54,43.04,28.39,2022,22
6559,1,RedBull,328.98,33.04,35.88,24.25,2022,23
6562,17,McLaren,330.34,33.35,31.45,33.56,2022,23
6573,7,Alpine,291.29,31.96,41.48,34.86,2022,21
6575,14,Ferrari,339.62,32.97,38.84,30.39,2022,4
6586,19,McLaren,285.97,30.25,40.69,34.85,2022,3
6587,14,Ferrari,287.38,28.33,43.38,23.73,2022,22
6589,2,AlphaTauri,310.44,29.21,44.65,21.29,2022,8
6599,18,Ferrari,329.6,35.77,30.25,26.54,2022,18
6600,18,Ferrari,312.86,36.82,34.61,23.92,2022,2
6603,11,Williams,304.65,33.98,31.3,29.71,2022,17
6605,5,Ferrari,326.81,30.07,36.86,33.32,2022,15
6612,17,McLaren,308.75,27.16,44.67,34.92,2022,20
6625,17,McLaren,309.41,36.46,30.2,21.1,2022,3
6626,10,Alpine,322.85,31.8,32.7,33.66,2022,3
6641,20,AlphaTauri,292.31,25.34,35.08,26.38,2022,2
6656,18,Ferrari,331.69,35.72,42.4,29.16,2022,4
6659,18,Ferrari,309.96,32.28,33.02,31.42,2022,20
6661,11,Williams,289.3,37.14,41.93,25.33,2022,2
6663,8,Ferrari,308.46,31.27,36.98,31.21,2022,18
6669,13,Mercedes,316.04,39.73,40.99,29.66,2022,12
6675,20,AlphaTauri,321.2,29.96,34.87,29.7,2022,8
6676,20,AlphaTauri,283.73,28.16,34.21,34.77,2022,9
6685,18,Ferrari,293.62,38.44,40.4,24.57,2022,5
6686,10,Alpine,299.22,35.42,35.14,23.89,2022,2
6691,3,McLaren,295.46,27.2,38.21,32.5,2022,6
6696,4,Williams,321.57,39.71,30.14,20.13,2022,23
6705,14,Ferrari,280.52,32.69,32.16,24.55,2022,13
6714,5,Ferrari,298.98,39.69,31.26,34.91,2022,6
6716,7,Alpine,292.26,39.01,33.24,24.32,2022,21
6720,10,Alpine,314.32,32.71,36.87,30.55,2022,14
6722,10,Alpine,320.74,38.04,43.91,30.02,2022,13
6726,15,Alpine,334.83,25.55,37.67,33.3,2022,16
6728,16,RedBull,323.58,38.1,37.14,31.44,2022,20
6729,14,Ferrari,305.61,37.95,43.02,28.02,2022,12
6739,18,Ferrari,318.79,27.2,40.32,29.62,2022,1
6751,20,AlphaTauri,317.51,38.72,37.03,34.92,2022,15
6753,20,AlphaTauri,307.98,35.86,39.42,29.78,2022,21
6755,2,AlphaTauri,338.5,35.04,40.79,20.56,2022,16
6768,3,McLaren,291.76,34.46,40.66,29.15,2022,17
6769,8,Ferrari,338.33,31.3,35.69,29.71,2022,22
6772,8,Ferrari,323.77,26.88,44.35,21.71,2022,18
6775,14,Ferrari,312.49,38.69,41.41,23.11,2022,12
6777,8,Ferrari,304.98,36.53,43.14,20.7,2022,4
6781,13,Mercedes,328.78,30.64,39.63,22.62,2022,7
6787,12,RedBull,313.79,27.69,35.02,29.34,2022,14
6792,12,RedBull,324.17,35.57,35.88,25.26,2022,24
6793,18,Ferrari,313.98,37.48,43.61,26.22,2022,15
6797,7,Alpine,286.97,27.41,40.68,30.37,2022,8
6798,1,RedBull,311.89,34.11,30.47,27.61,2022,24
6804,16,RedBull,309.38,31.29,35.46,20.73,2022,21
6805,20,AlphaTauri,325.31,30.1,34.57,32.88,2022,13
6810,3,McLaren,317.63,31.08,31.47,32.99,2022,6
6812,13,Mercedes,283.23,33.94,36.17,23.28,2022,19
6813,2,AlphaTauri,291.29,28.88,38.48,33.52,2022,16
6814,4,Williams,308.63,25.73,41.66,33.04,2022,22
6820,9,Ferrari,286.35,38.24,43.34,33.02,2022,19
6832,11,Williams,330.78,33.51,32.31,31.84,2022,13
6837,20,AlphaTauri,312.36,26.63,34.46,31.23,2022,19
6838,6,Mercedes,309.52,34.88,41.1,28.66,2022,6
6841,12,RedBull,284.94,37.52,37.42,23.08,2022,7
6847,5,Ferrari,291.97,34.06,37.02,20.88,2022,17
6851,3,McLaren,330.55,30.24,40.22,34.79,2022,18
6865,19,McLaren,315.84,27.93,34.37,21.08,2022,7
6872,8,Ferrari,292.3,38.88,42.88,20.86,2022,14
6875,18,Ferrari,292.49,36.73,33.53,25.15,2022,12
6879,3,McLaren,304.67,26.56,44.54,26.26,2022,19
6880,1,RedBull,291.64,33.54,32.83,33.97,2022,24
6881,4,Williams,327.01,35.06,35.79,20.72,2022,14
6882,10,Alpine,322.92,36.7,31.97,31.57,2022,20
6887,4,Williams,310.8,34.93,34.12,34.19,2022,8
6890,10,Alpine,341.77,26.24,41.75,32.9,2022,10
6895,12,RedBull,300.85,30.01,30.54,32.19,2022,22
6902,17,McLaren,319.39,30.25,40.53,29.07,2022,23
6907,16,RedBull,288.03,33.69,38.47,23.31,2022,7
6908,9,Ferrari,342.19,38.11,30.05,31.88,2022,18
6909,14,Ferrari,326.02,35.57,37.26,33.61,2022,7
6910,20,AlphaTauri,291.94,32.12,39.21,27.04,2022,10
6913,18,Ferrari,294.87,33.82,34.62,32.36,2022,23
6918,5,Ferrari,309.72,31.98,43.67,27.57,2022,14
6926,14,Ferrari,322.58,38.5,35.3,29.43,2022,8
6930,11,Williams,283.82,26.47,41.68,27.11,2022,20
6932,1,RedBull,320.1,26.51,42.6,27.1,2022,2
6933,10,Alpine,318.65,38.46,43.84,34.25,2022,18
6934,8,Ferrari,341.46,31.93,34.19,23.59,2022,2
6935,8,Ferrari,303.86,25.67,44.07,20.79,2022,19
6940,12,RedBull,282.62,36.39,31.66,30.83,2022,19
6948,2,AlphaTauri,301.04,39.92,43.07,24.18,2022,17
6953,19,McLaren,337.54,27.12,41.93,31.72,2022,17
6955,8,Ferrari,308.4,31.58,33.59,21.62,2022,10
6959,19,McLaren,318.07,27.93,31.83,21.78,2022,22
6963,10,Alpine,330.35,26.83,37.14,33.79,2022,23
6964,3,McLaren,319.68,39.81,35.0,32.61,2022,6
6968,17,McLaren,286.34,33.51,30.73,30.85,2022,4
6971,2,AlphaTauri,305.31,39.55,35.57,28.96,2022,1
6975,15,Alpine,344.57,28.4,39.71,21.02,2022,12
6977,11,Williams,323.58,25.18,30.76,20.2,2022,6
6978,20,AlphaTauri,322.89,30.77,38.81,29.18,2022,7
6980,10,Alpine,311.66,30.51,30.9,24.1,2022,15
6985,10,Alpine,303.66,28.26,41.87,28.21,2022,3
6988,3,McLaren,285.14,28.95,39.42,32.45,2022,4
6994,3,McLaren,283.95,32.81,40.83,31.0,2022,5
7000,6,Mercedes,344.75,32.4,44.47,33.66,2022,16
7001,10,Alpine,291.54,29.08,34.68,22.01,2022,8
7003,19,McLaren,340.88,31.89,39.92,26.88,2022,2
7008,18,Ferrari,302.95,33.14,38.28,33.77,2022,6
7015,12,RedBull,301.15,35.82,30.4,31.22,2022,9
7022,6,Mercedes,308.88,34.76,37.58,31.11,2022,6
7030,1,RedBull,285.98,39.79,44.71,26.94,2022,21
7031,9,Ferrari,323.58,36.06,32.3,32.03,2022,4
7051,8,Ferrari,321.53,34.57,37.13,27.29,2022,15
7055,4,Williams,343.27,38.47,38.93,23.7,2022,21
7056,11,Williams,281.72,39.02,34.43,25.31,2022,16
7065,10,Alpine,330.99,25.33,32.97,21.64,2022,10
7082,9,Ferrari,280.42,37.81,41.35,34.99,2022,21
7089,12,RedBull,287.79,35.89,35.7,21.53,2022,17
7093,13,Mercedes,332.91,27.67,35.11,27.55,2022,17
7103,7,Alpine,287.03,27.84,35.15,26.27,2022,18
7104,15,Alpine,329.79,36.75,39.0,27.48,2022,7
7105,15,Alpine,320.82,30.56,35.13,33.71,2022,6
7111,9,Ferrari,323.98,25.14,37.43,26.61,2022,7
7114,20,AlphaTauri,325.33,32.27,38.3,23.59,2022,4
7120,20,AlphaTauri,342.92,37.96,42.36,24.22,2022,1
7124,6,Mercedes,295.12,33.77,38.38,25.0,2022,22
7129,8,Ferrari,326.46,29.49,38.61,30.73,2022,1
7130,11,Williams,292.96,39.84,35.87,30.14,2022,3
7133,17,McLaren,303.02,37.75,30.75,34.98,2022,12
7135,13,Mercedes,296.76,39.77,39.25,25.2,2022,20
7146,13,Mercedes,335.8,29.3,30.2,34.74,2022,9
7153,3,McLaren,335.06,28.7,38.86,28.91,2022,5
7155,18,Ferrari,304.53,28.58,43.38,33.79,2022,10
7158,17,McLaren,326.95,38.48,41.08,25.92,2022,7
7160,7,Alpine,342.74,36.22,43.37,24.87,2022,19
7171,18,Ferrari,296.83,36.02,33.93,32.55,2022,18
7173,8,Ferrari,297.74,29.53,40.36,34.25,2022,3
7175,15,Alpine,316.82,33.15,30.55,24.69,2022,6
7178,16,RedBull,282.84,26.97,38.92,30.18,2022,23
7180,4,Williams,293.8,26.51,37.27,23.16,2022,24
7183,5,Ferrari,291.39,29.59,38.98,22.24,2022,1
7184,14,Ferrari,342.71,32.3,44.48,34.36,2022,11
7189,16,RedBull,280.55,39.43,32.98,31.04,2022,12
7193,5,Ferrari,336.55,33.18,42.98,32.04,2022,12
7194,1,RedBull,286.27,31.77,43.93,34.96,2022,24
7200,16,RedBull,341.0,28.16,33.51,25.38,2022,20
7201,11,Williams,343.1,31.04,37.37,30.85,2022,23
7203,12,RedBull,317.93,27.93,35.08,25.71,2022,21
7207,18,Ferrari,285.78,35.92,38.63,31.56,2022,3
7208,2,AlphaTauri,328.1,25.21,39.36,23.38,2022,23
7218,10,Alpine,307.17,37.63,38.15,25.29,2022,16
7224,12,RedBull,342.4,32.39,40.0,27.66,2022,21
7225,15,Alpine,309.8,39.92,31.01,32.35,2022,18
7229,5,Ferrari,293.72,33.55,32.56,21.38,2022,19
7230,2,AlphaTauri,291.55,39.52,32.92,21.93,2022,11
7236,18,Ferrari,306.14,27.68,43.46,22.12,2022,7
7239,17,McLaren,319.64,28.36,35.68,26.56,2022,21
7240,2,AlphaTauri,305.02,32.8,43.47,25.34,2022,9
7250,13,Mercedes,290.71,27.88,36.26,31.79,2022,3
7252,15,Alpine,327.13,35.11,38.86,33.77,2022,20
7253,2,AlphaTauri,328.01,33.19,38.85,29.09,2022,4
7254,8,Ferrari,326.32,33.72,42.37,26.44,2022,24
7256,10,Alpine,328.42,33.71,38.08,20.74,2022,20
7264,15,Alpine,335.16,31.25,44.82,33.45,2022,6
7268,19,McLaren,303.86,37.76,43.0,32.45,2022,13
7270,11,Williams,299.29,35.9,40.0,26.31,2022,4
7277,17,McLaren,321.89,38.39,40.14,30.42,2022,10
7279,8,Ferrari,323.82,28.4,33.53,23.46,2022,9
7282,9,Ferrari,300.91,36.8,42.0,22.71,2022,16
7285,11,Williams,329.32,37.66,37.55,23.18,2022,5
7286,17,McLaren,303.56,32.35,39.99,29.15,2022,15
7292,20,AlphaTauri,312.43,29.29,43.97,30.09,2022,11
7294,19,McLaren,309.77,27.44,33.79,23.71,2022,11
7299,12,RedBull,285.14,39.61,39.0,27.97,2022,12
7300,1,RedBull,293.06,27.94,34.88,32.46,2022,16
7301,14,Ferrari,287.14,39.85,44.49,34.63,2022,24
7307,19,McLaren,340.1,34.54,36.64,31.89,2022,19
7308,20,AlphaTauri,287.09,39.0,34.19,26.84,2022,20
7311,18,Ferrari,292.02,32.51,30.54,34.54,2022,24
7312,12,RedBull,292.13,39.95,38.76,28.59,2022,19
7313,17,McLaren,300.72,36.04,34.74,28.36,2022,4
7322,15,Alpine,326.78,28.12,32.67,26.13,2022,6
7328,17,McLaren,310.22,34.02,37.86,25.04,2022,19
7329,9,Ferrari,312.09,26.14,43.13,23.11,2022,17
7337,9,Ferrari,344.13,35.11,37.66,30.26,2022,7
7342,12,RedBull,320.01,29.63,31.66,26.98,2022,17
7348,3,McLaren,288.91,37.73,36.31,22.87,2022,18
7354,11,Williams,299.5,25.14,43.88,30.16,2022,19
7358,14,Ferrari,307.4,29.32,35.18,20.55,2022,18
7365,19,McLaren,297.35,29.38,41.56,23.36,2022,20
7375,3,McLaren,297.32,33.64,36.32,26.04,2022,14
7376,8,Ferrari,334.87,27.71,34.03,30.01,2022,6
7381,13,Mercedes,336.54,30.81,34.75,30.37,2022,2
7382,11,Williams,280.57,30.08,31.42,34.96,2022,16
7384,8,Ferrari,280.14,31.62,35.76,24.95,2022,3
7389,13,Mercedes,324.7,35.89,32.05,29.27,2022,5
7392,15,Alpine,304.04,36.74,36.34,29.54,2022,5
7393,9,Ferrari,280.79,28.52,43.61,23.44,2022,9
7394,14,Ferrari,314.51,31.86,44.12,34.7,2022,23
7398,13,Mercedes,284.36,30.03,39.77,24.41,2022,20
7405,13,Mercedes,324.68,33.03,44.28,25.77,2022,8
7407,8,Ferrari,292.64,27.8,33.52,28.92,2022,1
7415,7,Alpine,310.85,27.99,41.55,24.56,2022,2
7419,6,Mercedes,287.98,37.44,42.12,32.75,2022,20
7423,18,Ferrari,330.08,35.73,42.98,23.44,2022,6
7427,18,Ferrari,307.87,29.12,44.42,20.37,2022,11
7431,15,Alpine,334.5,27.09,31.16,22.27,2022,14
7435,8,Ferrari,332.19,35.3,30.5,21.2,2022,12
7438,14,Ferrari,338.73,39.71,40.99,23.4,2022,22
7445,20,AlphaTauri,310.58,38.27,32.77,30.74,2022,2
7446,12,RedBull,320.98,33.97,42.74,33.19,2022,21
7455,18,Ferrari,284.53,37.18,32.82,28.72,2022,9
7468,2,AlphaTauri,290.17,26.83,39.93,23.12,2022,9
7470,6,Mercedes,314.97,37.82,30.89,26.77,2022,13
7476,12,RedBull,325.5,26.22,37.74,20.4,2022,16
7478,15,Alpine,343.75,32.82,39.78,33.18,2022,21
7484,4,Williams,339.99,27.05,42.63,26.32,2022,24
7493,5,Ferrari,344.56,36.69,37.09,31.35,2022,11
7498,16,RedBull,337.4,31.42,42.33,34.42,2022,20
7508,4,Williams,299.14,33.72,34.5,20.61,2022,11
7513,13,Mercedes,327.1,26.19,42.88,21.4,2022,3
7514,7,Alpine,341.64,32.6,36.76,26.9,2022,22
7516,17,McLaren,314.65,29.85,42.46,29.75,2022,4
7517,13,Mercedes,286.91,29.72,31.64,28.59,2022,4
7519,19,McLaren,298.77,27.52,31.42,31.18,2022,9
7522,17,McLaren,303.75,26.99,43.15,26.49,2022,18
7527,17,McLaren,341.65,35.53,30.36,22.57,2022,21
7530,6,Mercedes,289.17,39.74,35.7,27.59,2022,8
7534,8,Ferrari,286.41,34.77,40.48,21.87,2022,15
7536,19,McLaren,322.13,32.12,43.48,29.65,2022,7
7539,9,Ferrari,296.4,29.73,38.73,20.18,2022,17
7541,4,Williams,288.84,25.8,37.76,33.73,2022,2
7547,9,Ferrari,306.82,31.87,41.77,33.77,2022,17
7551,6,Mercedes,289.69,39.59,31.04,23.09,2022,5
7552,8,Ferrari,323.05,26.52,42.65,31.82,2022,1
7554,11,Williams,312.45,26.35,42.93,26.15,2022,12
7559,1,RedBull,290.38,35.24,30.78,28.44,2022,22
7561,20,AlphaTauri,299.61,37.1,44.96,22.52,2022,8
7565,18,Ferrari,305.91,26.43,42.24,31.52,2022,22
7566,15,Alpine,303.32,29.7,32.44,20.97,2022,20
7568,4,Williams,325.88,38.48,37.43,32.87,2022,22
7572,20,AlphaTauri,333.33,39.06,41.83,30.49,2022,6
7575,11,Williams,313.28,32.51,39.29,22.36,2022,18
7576,16,RedBull,337.63,34.97,35.41,27.95,2022,17
7580,8,Ferrari,318.07,39.46,40.59,33.69,2022,13
7581,6,Mercedes,328.34,39.52,36.82,28.73,2022,21
7582,14,Ferrari,294.75,27.25,35.32,28.04,2022,3
7585,17,McLaren,330.67,31.66,32.59,21.19,2022,21
7587,3,McLaren,328.22,37.44,32.42,30.51,2022,8
7592,7,Alpine,299.68,25.63,33.23,34.62,2022,6
7598,4,Williams,314.5,34.62,40.05,33.0,2022,16
7612,3,McLaren,282.26,32.71,37.87,29.94,2022,7
7613,10,Alpine,283.51,39.68,42.94,21.63,2022,13
7614,16,RedBull,308.09,37.68,36.19,34.74,2022,16
7616,4,Williams,311.16,32.72,43.19,22.16,2022,21
7617,11,Williams,306.22,25.5,41.51,31.77,2022,10
7624,10,Alpine,296.73,26.46,39.69,29.68,2022,6
7628,4,Williams,313.42,34.11,42.38,28.48,2022,13
7629,7,Alpine,335.94,38.32,36.8,27.78,2022,12
7634,3,McLaren,330.57,26.37,36.69,24.55,2022,13
7639,14,Ferrari,283.35,36.77,31.12,30.78,2022,9
7643,2,AlphaTauri,316.88,39.61,41.19,28.23,2022,15
7652,7,Alpine,297.79,35.75,33.46,27.95,2022,19
7654,6,Mercedes,326.41,28.3,30.06,25.76,2022,1
7659,2,AlphaTauri,308.78,39.91,39.33,34.05,2022,8
7662,13,Mercedes,281.51,39.35,41.05,24.99,2022,8
7663,8,Ferrari,282.54,30.22,42.34,31.12,2022,7
7666,17,McLaren,285.25,28.5,43.06,34.36,2022,21
7680,20,AlphaTauri,311.27,27.71,41.93,30.88,2022,23
7691,18,Ferrari,292.33,33.58,44.71,31.77,2022,21
7696,2,AlphaTauri,285.19,27.16,42.56,28.13,2022,5
7697,10,Alpine,308.52,31.51,42.68,23.54,2022,21
7699,7,Alpine,330.72,29.52,37.23,30.9,2022,24
7700,3,McLaren,318.77,32.34,42.96,24.6,2022,9
7705,6,Mercedes,285.25,25.46,31.88,20.19,2022,1
7712,5,Ferrari,307.42,34.48,33.51,30.43,2022,17
7714,10,Alpine,322.15,27.07,34.42,29.64,2022,18
7723,2,AlphaTauri,335.29,35.31,38.1,28.66,2022,12
7724,5,Ferrari,303.58,38.79,43.44,23.71,2022,16
7729,15,Alpine,320.05,31.08,34.38,32.01,2022,24
7730,13,Mercedes,295.23,26.35,41.47,34.12,2022,7
7732,12,RedBull,301.35,27.59,39.37,29.2,2022,6
7733,13,Mercedes,286.07,29.51,35.32,28.24,2022,19
7734,3,McLaren,291.06,35.72,43.16,25.86,2022,11
7735,17,McLaren,295.41,33.95,44.82,27.6,2022,4
7743,18,Ferrari,302.49,34.41,38.94,24.38,2022,24
7748,7,Alpine,325.99,36.12,36.26,21.56,2022,21
7756,16,RedBull,280.65,39.48,37.59,29.77,2022,23
7758,14,Ferrari,319.55,36.27,36.13,31.81,2022,2
7772,4,Williams,329.89,31.85,44.25,22.87,2022,20
7778,15,Alpine,290.18,36.94,30.73,27.63,2022,22
7780,11,Williams,340.64,37.33,31.23,23.85,2022,13
7787,20,AlphaTauri,304.06,37.21,37.36,25.17,2022,17
7789,17,McLaren,330.97,33.44,30.21,33.72,2022,19
7793,15,Alpine,341.88,30.68,38.63,30.5,2022,23
7794,7,Alpine,312.52,35.47,43.62,28.77,2022,3
7795,18,Ferrari,319.26,29.87,32.86,22.57,2022,22
7800,1,RedBull,331.66,31.49,43.54,20.68,2022,17
7801,8,Ferrari,325.33,27.41,35.2,26.49,2022,23
7807,14,Ferrari,304.84,31.52,36.19,25.05,2022,3
7808,17,McLaren,283.79,38.55,42.56,22.23,2022,6
7812,5,Ferrari,333.17,29.91,44.65,34.19,2022,7
7818,18,Ferrari,321.25,28.1,36.26,23.39,2022,8
7820,17,McLaren,293.28,36.39,36.73,25.95,2022,13
7822,6,Mercedes,341.2,30.17,37.42,25.45,2022,3
7825,10,Alpine,290.15,27.37,39.08,23.43,2022,24
7826,11,Williams,301.95,29.62,32.15,34.99,2022,12
7827,20,AlphaTauri,340.08,38.06,36.08,22.6,2022,5
7831,17,McLaren,305.97,36.8,33.42,25.03,2022,15
7838,14,Ferrari,333.93,36.69,44.88,24.37,2022,7
7839,15,Alpine,309.18,33.16,37.61,30.45,2022,18
7842,6,Mercedes,336.93,39.85,33.43,25.91,2022,4
7845,12,RedBull,281.94,28.81,38.19,24.1,2022,17
7848,4,Williams,341.1,38.6,39.02,28.47,2022,2
7850,7,Alpine,336.37,37.32,33.97,27.76,2022,8
7854,16,RedBull,344.04,30.85,38.56,28.61,2022,6
7856,17,McLaren,326.95,39.41,33.02,23.68,2022,18
7857,4,Williams,314.98,38.37,43.39,28.96,2022,24
7860,15,Alpine,286.16,39.19,41.1,34.78,2022,21
7862,20,AlphaTauri,313.75,33.24,37.37,25.62,2022,7
7873,9,Ferrari,310.48,27.25,39.67,26.62,2022,4
7875,7,Alpine,340.52,38.1,37.19,23.13,2022,6
7887,6,Mercedes,342.48,39.14,44.71,31.44,2022,13
7899,8,Ferrari,326.83,38.45,44.43,32.31,2022,6
7900,6,Mercedes,310.18,28.51,35.67,27.32,2022,22
7906,4,Williams,332.77,39.6,41.33,29.47,2022,16
7909,15,Alpine,286.38,35.8,41.82,28.48,2022,12
7916,16,RedBull,318.35,27.25,39.19,20.84,2022,7
7917,4,Williams,285.46,30.78,43.62,29.64,2022,2
7919,18,Ferrari,280.58,30.84,37.88,24.53,2022,3
7924,2,AlphaTauri,344.41,33.78,36.4,21.37,2022,4
7933,16,RedBull,295.08,27.4,33.08,31.58,2022,24
7936,7,Alpine,322.09,33.98,35.71,27.9,2022,4
7941,9,Ferrari,289.62,38.89,42.57,28.41,2022,5
7943,2,AlphaTauri,298.18,36.55,42.08,32.41,2022,2
7944,15,Alpine,337.41,36.26,30.2,26.35,2022,21
7955,4,Williams,339.28,39.56,38.82,34.98,2022,18
7961,15,Alpine,308.97,36.65,39.13,31.73,2022,4
7962,19,McLaren,317.29,27.83,30.76,25.87,2022,13
7966,14,Ferrari,311.1,25.55,34.47,27.54,2022,7
7968,5,Ferrari,288.59,34.4,42.79,22.22,2022,5
7969,15,Alpine,308.64,36.85,44.46,31.07,2022,19
7970,2,AlphaTauri,302.54,28.87,37.07,25.63,2022,23
7971,9,Ferrari,308.88,26.03,39.08,32.46,2022,18
7977,12,RedBull,333.56,38.66,36.34,29.47,2022,20
7983,13,Mercedes,335.71,35.87,44.02,24.7,2022,16
7984,2,AlphaTauri,289.13,28.01,36.66,34.98,2022,14
7985,7,Alpine,334.39,32.74,39.92,30.46,2022,14
7988,13,Mercedes,300.33,32.93,35.42,30.87,2022,13
7990,6,Mercedes,316.38,38.06,32.49,29.87,2022,13
7997,9,Ferrari,317.14,32.02,42.17,25.18,2022,1
8001,9,Ferrari,334.5,34.83,33.24,34.61,2022,14
8002,4,Williams,334.13,33.97,39.11,34.31,2022,16
8003,15,Alpine,309.87,27.84,37.06,34.37,2022,22
8004,10,Alpine,301.24,30.72,39.03,34.28,2022,9
8005,6,Mercedes,342.9,25.81,35.38,22.37,2022,19
8010,14,Ferrari,305.56,27.78,42.5,27.46,2022,6
8011,10,Alpine,314.71,29.16,35.94,25.75,2022,9
8013,12,RedBull,342.46,28.84,31.35,34.46,2022,1
8014,13,Mercedes,282.91,25.46,34.17,22.4,2022,15
8020,14,Ferrari,285.39,39.29,34.13,29.0,2022,19
8029,7,Alpine,295.92,37.44,38.41,20.2,2022,5
8032,18,Ferrari,298.72,27.24,35.29,32.48,2022,15
8042,16,RedBull,320.72,25.85,40.59,32.77,2022,5
8045,9,Ferrari,321.31,27.26,31.95,33.99,2022,19
8051,14,Ferrari,316.04,37.46,34.98,24.57,2022,16
8060,5,Ferrari,302.47,28.72,41.7,21.26,2022,22
8061,20,AlphaTauri,332.12,31.96,37.24,33.03,2022,19
8062,16,RedBull,343.93,38.49,35.69,20.93,2022,24
8064,9,Ferrari,313.09,34.03,40.01,24.51,2022,13
8067,2,AlphaTauri,335.46,34.27,36.51,25.9,2022,21
8068,6,Mercedes,305.57,27.65,35.03,31.34,2022,21
8076,11,Williams,292.54,25.89,32.83,25.23,2022,7
8077,16,RedBull,321.64,38.71,32.48,20.06,2022,17
8085,5,Ferrari,343.91,31.6,40.06,20.44,2022,22
8091,18,Ferrari,299.95,26.45,36.74,31.96,2022,16
8093,17,McLaren,333.04,34.54,31.37,29.23,2022,7
8100,6,Mercedes,312.9,33.81,44.47,26.61,2022,8
8102,9,Ferrari,326.72,30.47,36.29,32.14,2022,23
8105,12,RedBull,321.92,28.85,30.82,20.15,2022,7
8110,10,Alpine,338.51,28.99,44.4,22.81,2022,18
8112,16,RedBull,338.63,26.93,31.9,23.29,2022,16
8113,17,McLaren,334.13,39.07,38.11,21.88,2022,17
8117,20,AlphaTauri,318.76,28.76,32.91,32.53,2022,16
8118,3,McLaren,286.55,29.94,31.89,23.01,2022,15
8124,15,Alpine,314.9,38.08,35.01,32.14,2022,14
8126,20,AlphaTauri,311.44,37.17,31.08,24.12,2022,13
8127,16,RedBull,292.68,26.27,42.74,21.24,2022,22
8128,11,Williams,336.5,25.08,31.51,25.44,2022,17
8132,11,Williams,290.29,35.26,41.23,31.9,2022,5
8145,3,McLaren,295.29,34.26,43.5,20.23,2022,7
8150,13,Mercedes,291.09,36.31,37.41,28.84,2022,21
8151,13,Mercedes,290.92,37.44,31.53,26.1,2022,7
8158,20,AlphaTauri,282.66,29.22,43.55,34.49,2022,7
8164,10,Alpine,300.58,37.04,44.69,23.92,2022,24
8165,18,Ferrari,300.93,34.21,31.07,30.47,2022,18
8168,11,Williams,344.98,32.97,35.23,33.05,2022,21
8173,6,Mercedes,337.89,39.7,38.16,28.38,2022,14
8180,10,Alpine,321.5,25.89,42.94,27.74,2022,3
8183,6,Mercedes,340.24,32.14,35.66,20.54,2022,10
8185,17,McLaren,326.38,35.45,30.49,32.94,2022,2
8186,11,Williams,296.87,33.38,39.82,20.36,2022,15
8191,6,Mercedes,293.73,36.16,40.42,24.05,2022,24
8196,11,Williams,307.89,27.81,44.38,27.84,2022,21
8200,14,Ferrari,330.59,28.84,33.47,32.47,2022,8
8202,7,Alpine,289.76,29.68,33.58,23.32,2022,5
8204,19,McLaren,316.18,35.99,39.87,21.21,2022,22
8207,18,Ferrari,297.94,26.22,44.03,31.13,2022,14
8212,13,Mercedes,344.26,37.35,34.04,30.66,2022,7
8215,10,Alpine,299.93,38.83,39.56,30.13,2022,11
8229,10,Alpine,288.4,32.76,32.89,33.38,2022,6
8237,16,RedBull,314.05,26.42,44.7,27.71,2022,6
8244,7,Alpine,305.58,39.02,35.33,34.53,2022,21
8248,13,Mercedes,291.0,33.02,43.23,34.02,2022,21
8251,11,Williams,339.77,25.91,31.79,26.51,2022,5
8252,17,McLaren,303.62,36.14,30.72,28.33,2022,11
8255,19,McLaren,284.25,29.15,31.31,31.5,2022,17
8256,3,McLaren,301.82,31.01,35.33,24.07,2022,13
8262,12,RedBull,290.64,39.68,38.96,24.07,2022,9
8267,19,McLaren,331.82,31.07,30.65,27.04,2022,2
8269,8,Ferrari,314.62,39.49,33.45,26.0,2022,19
8271,6,Mercedes,282.7,35.56,44.44,24.77,2022,16
8275,12,RedBull,302.4,26.04,30.53,22.18,2022,3
8281,1,RedBull,283.18,25.96,39.51,23.85,2022,16
8285,1,RedBull,322.36,34.44,31.36,23.83,2022,24
8290,20,AlphaTauri,288.49,34.74,41.85,29.95,2022,8
8292,2,AlphaTauri,315.26,38.53,35.09,28.18,2022,15
8294,7,Alpine,336.7,25.12,44.28,34.92,2022,15
8296,2,AlphaTauri,283.67,31.93,43.63,27.41,2022,14
8298,13,Mercedes,310.71,38.43,40.55,23.79,2022,9
8301,13,Mercedes,285.95,36.16,36.5,26.77,2022,21
8307,12,RedBull,343.12,33.82,31.87,26.07,2022,2
8309,18,Ferrari,289.87,38.15,44.61,23.92,2022,5
8314,14,Ferrari,319.71,31.23,44.17,20.2,2022,9
8318,6,Mercedes,283.4,38.02,32.13,29.1,2022,1
8322,11,Williams,324.9,36.99,34.73,30.46,2022,3
8325,3,McLaren,292.88,37.9,40.17,33.86,2022,21
8328,14,Ferrari,307.22,39.01,40.11,33.44,2022,21
8339,11,Williams,295.14,39.06,35.47,32.14,2022,3
8341,3,McLaren,312.47,35.68,42.64,34.1,2022,13
8345,19,McLaren,302.34,35.66,30.42,29.14,2022,22
8347,17,McLaren,309.85,32.85,42.37,23.79,2022,20
8349,17,McLaren,313.66,26.79,42.32,23.35,2022,5
8350,8,Ferrari,296.19,28.19,44.38,26.44,2022,12
8351,3,McLaren,302.29,32.12,30.93,29.2,2022,1
8352,10,Alpine,332.5,25.84,37.99,28.79,2022,20
8354,9,Ferrari,316.13,34.57,33.48,27.94,2022,3
8355,3,McLaren,286.49,38.61,40.06,24.52,2022,7
8357,14,Ferrari,284.69,27.59,38.19,25.99,2022,19
8358,13,Mercedes,330.3,27.8,30.3,24.99,2022,12
8364,8,Ferrari,336.25,35.5,40.27,27.32,2022,12
8370,20,AlphaTauri,317.38,38.05,41.21,25.61,2022,7
8375,20,AlphaTauri,338.21,27.64,30.67,21.66,2022,17
8378,3,McLaren,333.37,28.4,35.26,34.38,2022,18
8388,18,Ferrari,294.45,34.46,39.16,26.29,2022,21
8392,7,Alpine,292.32,35.14,41.23,24.71,2022,23
8407,9,Ferrari,337.41,29.35,35.33,29.24,2022,6
8408,5,Ferrari,296.62,37.84,40.86,22.82,2022,15
8409,9,Ferrari,285.59,26.08,32.28,29.87,2022,15
8413,10,Alpine,281.34,26.35,41.27,29.05,2022,20
8417,12,RedBull,327.0,38.24,32.15,25.55,2022,2
8419,16,RedBull,334.48,29.99,35.6,27.89,2022,24
8420,8,Ferrari,328.98,39.65,30.54,32.86,2022,20
8423,18,Ferrari,307.25,25.31,43.71,28.15,2022,11
8425,3,McLaren,313.36,30.92,42.69,30.61,2022,3
8428,15,Alpine,295.98,27.34,42.3,31.55,2022,14
8430,1,RedBull,320.51,33.71,39.83,33.48,2022,13
8435,13,Mercedes,301.96,26.49,41.83,25.84,2022,19
8436,19,McLaren,290.69,26.03,41.85,23.61,2022,13
8444,18,Ferrari,282.06,30.18,37.24,34.93,2022,24
8445,2,AlphaTauri,304.89,26.77,37.08,22.73,2022,9
8451,14,Ferrari,309.73,26.49,40.1,31.19,2022,14
8452,10,Alpine,318.8,27.21,43.75,24.21,2022,16
8456,18,Ferrari,298.13,39.13,43.19,28.56,2022,10
8464,19,McLaren,317.11,25.88,37.01,32.34,2022,23
8465,17,McLaren,310.41,28.73,40.31,26.86,2022,22
8473,19,McLaren,316.77,25.89,35.5,29.93,2022,8
8474,3,McLaren,344.97,34.18,31.26,32.39,2022,6
8476,9,Ferrari,315.68,25.89,36.52,34.92,2022,19
8481,2,AlphaTauri,281.96,25.07,36.31,21.15,2022,7
8487,9,Ferrari,302.32,37.96,33.2,30.9,2022,18
8491,3,McLaren,292.62,25.87,38.32,22.04,2022,22
8492,13,Mercedes,288.83,32.13,43.3,32.06,2022,2
8493,18,Ferrari,317.3,33.82,34.58,22.42,2022,21
8502,19,McLaren,304.36,28.37,32.55,25.52,2022,7
8505,14,Ferrari,301.42,31.39,36.77,21.44,2022,19
8507,4,Williams,342.6,34.57,43.51,22.49,2022,9
8512,14,Ferrari,319.02,30.43,37.47,29.95,2022,22
8513,1,RedBull,302.62,36.91,32.45,20.01,2022,11
8515,3,McLaren,334.44,36.79,41.48,34.98,2022,1
8516,4,Williams,341.03,39.18,34.04,28.78,2022,22
8518,17,McLaren,322.69,30.8,37.18,32.3,2022,12
8525,18,Ferrari,333.48,27.36,32.1,22.55,2022,21
8526,2,AlphaTauri,307.89,28.74,30.54,22.33,2022,3
8532,11,Williams,284.41,33.12,43.57,28.45,2022,18
8535,16,RedBull,309.6,25.31,40.37,24.02,2022,4
8542,16,RedBull,291.02,26.13,36.32,28.36,2022,23
8544,6,Mercedes,284.63,33.38,32.23,32.03,2022,8
8564,14,Ferrari,306.5,30.84,30.15,30.06,2022,14
8565,4,Williams,317.2,27.95,34.03,24.21,2022,1
8567,7,Alpine,318.24,38.43,41.05,34.79,2022,9
8570,10,Alpine,314.21,34.08,37.62,26.17,2022,18
8577,16,RedBull,284.76,30.36,43.77,26.81,2022,19
8578,2,AlphaTauri,290.59,37.53,43.1,21.83,2022,14
8580,20,AlphaTauri,301.11,28.33,33.51,26.03,2022,12
8582,19,McLaren,334.38,30.69,40.12,23.73,2022,7
8583,17,McLaren,297.63,38.99,36.47,26.77,2022,19
8587,11,Williams,321.24,37.93,35.26,22.74,2022,3
8592,9,Ferrari,336.68,36.01,40.03,29.34,2022,20
8593,16,RedBull,320.1,37.59,43.57,21.89,2022,22
8594,5,Ferrari,315.06,39.14,42.92,30.04,2022,16
8595,15,Alpine,314.51,39.31,33.67,32.71,2022,20
8596,12,RedBull,298.63,31.04,31.24,22.65,2022,17
8598,5,Ferrari,302.86,26.41,33.02,33.82,2022,5
8602,17,McLaren,287.07,30.96,37.84,23.25,2022,20
8605,7,Alpine,289.62,33.28,31.28,29.72,2022,24
8610,19,McLaren,314.98,30.3,41.95,27.81,2022,8
8614,5,Ferrari,339.82,36.72,33.47,30.84,2022,17
8621,7,Alpine,287.16,36.3,41.04,25.96,2022,23
8628,11,Williams,288.94,35.09,31.57,20.03,2022,16
8634,19,McLaren,293.0,26.32,44.28,27.17,2022,14
8637,14,Ferrari,308.43,35.72,41.44,26.89,2022,7
8640,5,Ferrari,283.92,28.07,30.94,24.87,2022,10
8641,20,AlphaTauri,321.65,25.42,42.54,20.02,2022,4
8649,20,AlphaTauri,323.45,32.49,31.8,24.44,2022,19
8650,12,RedBull,298.54,27.8,36.17,20.16,2022,23
8651,18,Ferrari,297.13,30.57,33.54,24.31,2022,23
8652,2,AlphaTauri,322.34,26.09,38.99,20.75,2022,4
8662,11,Williams,318.75,34.77,38.07,22.5,2022,24
8667,3,McLaren,294.32,25.92,30.73,34.54,2022,9
8672,15,Alpine,314.03,29.55,32.01,22.69,2022,20
8676,20,AlphaTauri,326.98,26.14,32.44,32.43,2022,21
8679,2,AlphaTauri,316.08,34.67,39.87,28.04,2022,3
8680,10,Alpine,306.63,35.68,36.51,29.48,2022,6
8696,10,Alpine,315.07,28.16,39.41,22.15,2022,21
8702,3,McLaren,333.71,26.03,37.17,31.53,2022,24
8708,5,Ferrari,335.39,38.78,40.29,27.39,2022,13
8710,3,McLaren,324.39,36.1,33.82,24.94,2022,6
8712,19,McLaren,294.19,39.41,31.1,29.62,2022,6
8714,5,Ferrari,315.78,30.06,43.11,20.76,2022,8
8716,12,RedBull,316.75,27.37,40.4,32.82,2022,15
8718,17,McLaren,334.8,32.61,41.12,30.63,2022,19
8719,9,Ferrari,332.24,31.17,32.39,27.54,2022,22
8721,12,RedBull,341.56,25.74,35.01,32.48,2022,13
8723,11,Williams,297.09,27.19,36.2,27.71,2022,13
8724,19,McLaren,291.83,38.22,36.95,27.11,2022,9
8726,5,Ferrari,333.89,37.84,31.42,31.62,2022,20
8733,18,Ferrari,313.33,33.22,39.46,30.1,2022,3
8735,6,Mercedes,328.15,35.39,30.3,23.98,2022,13
8737,7,Alpine,331.88,28.2,31.26,27.41,2022,11
8742,8,Ferrari,294.18,39.47,43.2,25.38,2022,11
8743,2,AlphaTauri,337.44,39.02,43.59,23.12,2022,5
8744,20,AlphaTauri,281.84,39.76,36.02,29.76,2022,1
8752,1,RedBull,332.06,38.57,40.33,22.8,2022,8
8755,17,McLaren,294.11,32.87,33.45,30.43,2022,12
8757,7,Alpine,319.58,30.25,32.17,23.37,2022,14
8760,10,Alpine,342.96,26.08,39.68,27.26,2022,6
8765,8,Ferrari,310.74,30.7,38.93,31.34,2022,15
8767,12,RedBull,305.46,34.48,43.26,21.92,2022,14
8770,8,Ferrari,342.37,35.57,35.96,21.15,2022,19
8771,6,Mercedes,300.39,35.79,34.23,21.68,2022,8
8772,18,Ferrari,335.04,27.43,35.89,22.48,2022,21
8775,4,Williams,289.28,39.16,40.27,25.28,2022,2
8779,5,Ferrari,333.3,38.72,32.26,20.92,2022,24
8782,4,Williams,307.77,29.01,31.63,24.99,2022,24
8787,15,Alpine,302.11,27.59,39.99,26.0,2022,24
8794,19,McLaren,305.54,35.02,37.68,24.04,2022,21
8798,14,Ferrari,303.21,37.34,31.71,30.8,2022,5
8800,19,McLaren,308.18,28.5,34.88,27.62,2022,16
8804,12,RedBull,289.27,39.81,44.06,27.19,2022,5
8805,20,AlphaTauri,341.31,30.1,43.04,24.36,2022,3
8812,12,RedBull,294.76,36.03,31.22,31.79,2022,14
8817,17,McLaren,294.01,37.5,39.93,27.06,2022,16
8819,16,RedBull,280.82,27.7,33.36,23.95,2022,20
8822,1,RedBull,318.52,26.32,43.91,29.52,2022,12
8827,19,McLaren,313.35,32.61,31.31,33.53,2022,3
8828,20,AlphaTauri,294.22,37.36,43.35,27.24,2022,8
8832,6,Mercedes,323.33,35.25,30.31,28.1,2022,21
8845,11,Williams,305.85,37.91,37.53,27.84,2022,5
8850,18,Ferrari,335.71,39.07,36.36,20.7,2022,18
8852,9,Ferrari,285.9,39.97,32.23,33.5,2022,10
8855,1,RedBull,318.98,35.92,36.6,33.78,2022,12
8857,9,Ferrari,284.65,28.35,41.28,34.13,2022,14
8859,7,Alpine,311.84,25.98,31.43,25.69,2022,24
8867,13,Mercedes,297.06,27.39,31.47,31.64,2022,9
8874,7,Alpine,338.27,32.51,32.09,30.24,2022,14
8877,2,AlphaTauri,333.1,33.39,33.45,23.97,2022,14
8883,14,Ferrari,334.63,26.67,40.27,29.09,2022,23
8885,20,AlphaTauri,285.18,29.13,41.57,21.84,2022,15
8889,8,Ferrari,331.27,25.97,32.08,31.52,2022,19
8890,19,McLaren,309.02,32.96,42.13,22.55,2022,7
8895,7,Alpine,322.6,35.24,33.85,26.36,2022,5
8899,7,Alpine,342.95,28.29,38.92,28.82,2022,13
8900,7,Alpine,281.53,26.83,35.68,20.79,2022,23
8909,4,Williams,289.04,32.78,36.13,23.87,2022,5
8915,4,Williams,304.26,26.43,37.66,28.49,2022,8
8917,6,Mercedes,317.18,39.44,41.22,31.0,2022,14
8927,10,Alpine,301.75,28.07,39.65,29.95,2022,22
8936,15,Alpine,338.46,31.52,41.47,32.68,2022,22
8942,2,AlphaTauri,333.76,27.46,33.34,24.06,2022,3
8948,7,Alpine,342.22,33.43,36.92,34.14,2022,17
8950,9,Ferrari,285.01,37.41,32.28,25.1,2022,15
8951,17,McLaren,284.61,31.31,31.62,20.76,2022,14
8952,17,McLaren,290.28,26.66,38.2,31.07,2022,2
8954,3,McLaren,340.1,34.21,33.85,31.61,2022,11
8959,7,Alpine,293.74,28.29,31.98,24.72,2022,11
8961,7,Alpine,315.97,27.04,33.07,23.36,2022,4
8965,20,AlphaTauri,314.82,32.17,38.66,26.09,2022,7
8966,14,Ferrari,287.6,31.05,30.67,26.87,2022,19
8974,1,RedBull,342.35,35.02,36.25,26.83,2022,13
8978,8,Ferrari,307.61,34.34,39.23,23.78,2022,16
8980,4,Williams,325.6,34.01,31.26,28.5,2022,20
8981,10,Alpine,322.12,38.79,37.11,32.26,2022,2
8983,10,Alpine,285.32,36.68,33.92,24.09,2022,18
8988,12,RedBull,288.37,38.95,35.05,24.32,2022,11
8989,12,RedBull,303.86,39.35,44.58,26.56,2022,10
8991,9,Ferrari,343.08,25.88,30.05,28.03,2022,8
8993,2,AlphaTauri,324.83,36.33,32.6,25.94,2022,20
8996,12,RedBull,282.5,29.56,38.25,27.81,2022,21
9003,18,Ferrari,341.64,25.6,42.15,33.79,2022,11
9005,4,Williams,289.83,35.82,38.91,31.55,2022,6
9007,18,Ferrari,331.86,33.17,33.9,28.09,2022,6
9009,19,McLaren,321.36,30.37,44.52,34.26,2022,8
9013,1,RedBull,325.81,38.94,32.46,32.31,2022,7
9019,4,Williams,299.0,32.0,30.85,34.36,2022,10
9024,4,Williams,309.32,36.54,34.63,24.44,2022,13
9031,12,RedBull,287.25,33.68,32.37,34.15,2022,21
9032,15,Alpine,329.73,32.94,34.25,26.28,2022,18
9035,13,Mercedes,335.5,30.9,37.81,31.89,2022,9
9037,11,Williams,333.71,38.89,31.58,32.2,2022,17
9040,8,Ferrari,284.61,30.34,41.13,20.14,2022,14
9044,10,Alpine,293.4,36.76,30.17,30.49,2022,10
9060,13,Mercedes,285.59,30.96,36.37,24.8,2022,9
9063,19,McLaren,329.49,30.78,31.81,31.33,2022,24
9064,14,Ferrari,288.66,28.13,39.24,21.74,2022,4
9065,7,Alpine,303.15,31.16,43.67,34.38,2022,8
9074,11,Williams,301.76,38.33,37.25,24.43,2022,8
9082,17,McLaren,287.14,30.4,33.25,20.53,2022,20
9084,20,AlphaTauri,306.5,37.53,39.39,32.16,2022,22
9085,18,Ferrari,313.61,39.39,35.78,27.55,2022,9
9087,4,Williams,297.11,27.0,33.5,30.89,2022,2
9088,18,Ferrari,340.36,31.74,39.21,30.99,2022,7
9096,5,Ferrari,309.0,30.33,34.87,29.0,2022,1
9097,1,RedBull,332.41,30.05,30.79,22.21,2022,21
9098,16,RedBull,341.92,39.73,44.09,31.53,2022,11
9102,11,Williams,282.6,25.2,44.51,22.75,2022,19
9103,6,Mercedes,301.53,32.23,38.96,34.83,2022,7
9104,7,Alpine,293.34,31.16,35.02,20.39,2022,24
9106,14,Ferrari,310.65,38.84,32.0,31.67,2022,23
9110,2,AlphaTauri,285.36,37.68,36.8,28.44,2022,8
9118,14,Ferrari,293.28,31.01,37.85,25.03,2022,1
9123,14,Ferrari,344.1,26.78,42.12,26.17,2022,3
9127,6,Mercedes,280.06,28.35,39.17,26.17,2022,10
9129,16,RedBull,315.16,34.96,31.0,29.65,2022,13
9130,12,RedBull,315.06,36.77,31.04,29.07,2022,22
9132,9,Ferrari,334.34,33.11,34.32,29.45,2022,21
9142,12,RedBull,298.12,32.92,31.4,21.75,2022,17
9150,19,McLaren,281.8,38.26,32.45,23.5,2022,20
9152,5,Ferrari,338.1,36.22,31.15,25.9,2022,15
9157,2,AlphaTauri,309.87,25.4,37.33,32.98,2022,21
9176,8,Ferrari,319.3,34.26,38.17,29.37,2022,19
9181,13,Mercedes,309.79,36.4,37.45,24.04,2022,7
9184,18,Ferrari,337.26,36.8,38.16,30.79,2022,14
9192,9,Ferrari,315.57,35.72,40.26,24.54,2022,7
9195,20,AlphaTauri,328.32,25.75,31.97,28.36,2022,17
9197,13,Mercedes,319.56,28.86,33.33,22.32,2022,7
9201,4,Williams,306.61,36.4,42.93,33.11,2022,23
9203,19,McLaren,314.16,29.72,35.97,29.47,2022,6
9204,17,McLaren,286.69,32.62,36.13,26.97,2022,12
9207,14,Ferrari,294.24,38.95,38.74,34.07,2022,3
9215,19,McLaren,295.3,27.09,31.19,28.12,2022,12
9217,12,RedBull,300.53,31.76,30.14,24.54,2022,11
9219,4,Williams,326.58,38.8,35.06,22.46,2022,19
9223,15,Alpine,340.36,29.61,36.03,26.29,2022,3
9227,14,Ferrari,287.24,28.88,39.3,33.64,2022,2
9232,7,Alpine,289.29,30.06,42.16,33.55,2022,8
9236,16,RedBull,299.37,28.1,38.06,33.46,2022,17
9240,1,RedBull,310.47,37.2,31.58,24.92,2022,7
9254,4,Williams,337.97,26.23,39.71,29.63,2022,1
9257,16,RedBull,342.62,28.57,38.95,23.91,2022,4
9261,8,Ferrari,301.21,30.21,31.65,29.07,2022,22
9263,14,Ferrari,317.9,31.13,44.66,24.72,2022,18
9273,8,Ferrari,289.36,26.63,36.36,23.77,2022,24
9277,16,RedBull,313.58,27.82,35.86,22.12,2022,24
9278,6,Mercedes,325.52,36.68,40.54,34.17,2022,1
9283,4,Williams,342.98,35.59,30.63,28.06,2022,18
9291,4,Williams,319.52,31.61,40.56,27.28,2022,6
9297,14,Ferrari,319.05,31.23,30.83,22.23,2022,6
9306,11,Williams,335.45,28.34,41.72,23.1,2022,11
9308,16,RedBull,281.85,28.93,30.4,21.28,2022,22
9310,4,Williams,320.14,38.89,44.83,32.53,2022,15
9317,18,Ferrari,298.46,35.76,44.83,24.03,2022,10
9321,5,Ferrari,283.4,25.25,35.23,21.6,2022,19
9324,5,Ferrari,314.34,26.8,37.82,24.55,2022,22
9333,4,Williams,302.25,35.92,30.94,25.65,2022,2
9337,13,Mercedes,285.02,25.2,43.76,26.25,2022,11
9338,20,AlphaTauri,291.0,32.48,39.14,21.45,2022,14
9353,14,Ferrari,338.66,34.67,44.57,30.71,2022,18
9354,15,Alpine,320.99,30.97,37.75,34.89,2022,8
9360,11,Williams,325.91,35.13,38.14,20.69,2022,16
9362,8,Ferrari,316.56,34.34,31.71,25.44,2022,2
9374,14,Ferrari,330.07,37.68,31.18,30.45,2022,4
9375,20,AlphaTauri,337.71,29.63,35.39,34.71,2022,16
9376,12,RedBull,344.01,32.99,31.08,30.54,2022,19
9381,5,Ferrari,322.33,35.72,42.84,27.16,2022,23
9384,3,McLaren,304.24,33.12,32.77,33.91,2022,13
9389,1,RedBull,332.39,35.62,36.85,22.71,2022,6
9390,19,McLaren,306.32,39.94,42.51,27.66,2022,19
9397,18,Ferrari,329.75,28.27,38.59,23.26,2022,8
9402,1,RedBull,309.74,32.99,35.89,25.68,2022,11
9404,14,Ferrari,331.98,37.53,36.87,26.4,2022,7
9413,18,Ferrari,303.38,39.39,43.64,34.85,2022,8
9414,11,Williams,337.39,26.9,43.25,32.92,2022,2
9418,3,McLaren,309.35,27.79,32.7,32.96,2022,20
9423,2,AlphaTauri,337.85,26.95,40.0,34.32,2022,20
9428,18,Ferrari,301.39,36.46,33.7,27.14,2022,17
9443,16,RedBull,343.14,36.39,40.42,22.59,2022,10
9464,12,RedBull,335.79,35.55,43.78,22.12,2022,11
9468,14,Ferrari,315.18,28.62,32.28,21.24,2022,21
9472,12,RedBull,305.75,32.94,32.88,22.23,2022,15
9477,16,RedBull,339.51,28.16,44.23,22.01,2022,14
9479,17,McLaren,296.79,26.26,43.18,31.28,2022,17
9484,18,Ferrari,290.8,30.22,30.14,32.65,2022,22
9485,3,McLaren,294.11,35.91,34.07,24.55,2022,8
9487,18,Ferrari,288.65,30.95,39.06,20.14,2022,15
9495,6,Mercedes,296.35,28.24,41.06,28.87,2022,3
9499,15,Alpine,288.27,27.28,32.72,25.8,2022,14
9500,4,Williams,316.55,34.92,33.12,26.19,2022,12
9508,5,Ferrari,291.69,27.14,32.41,32.33,2022,22
9518,18,Ferrari,293.99,34.49,36.82,20.52,2022,9
9521,20,AlphaTauri,304.18,29.92,36.76,26.61,2022,9
9535,16,RedBull,302.7,34.74,40.68,30.14,2022,8
9536,5,Ferrari,288.32,39.22,40.51,25.18,2022,21
9545,6,Mercedes,309.83,38.34,37.42,34.92,2022,24
9548,9,Ferrari,300.31,37.96,40.6,33.26,2022,8
9558,15,Alpine,330.9,29.34,31.45,25.07,2022,5
9562,16,RedBull,323.45,34.82,39.19,23.05,2022,11
9571,17,McLaren,330.47,37.56,32.76,27.35,2022,12
9572,18,Ferrari,321.2,29.56,37.05,26.85,2022,16
9576,8,Ferrari,328.43,27.5,34.62,31.78,2022,23
9587,12,RedBull,305.03,39.09,33.33,32.35,2022,20
9591,18,Ferrari,280.44,35.42,38.48,29.34,2022,22
9601,13,Mercedes,333.51,26.95,36.13,24.94,2022,20
9609,16,RedBull,332.14,26.29,36.47,32.67,2022,10
9611,18,Ferrari,297.51,25.63,35.1,32.83,2022,13
9615,5,Ferrari,300.9,39.68,44.21,30.1,2022,14
9617,6,Mercedes,334.54,37.65,39.42,21.58,2022,24
9619,2,AlphaTauri,296.77,37.52,39.06,32.14,2022,19
9620,20,AlphaTauri,321.35,25.61,37.01,30.58,2022,23
9625,1,RedBull,318.89,32.18,32.36,24.56,2022,5
9631,5,Ferrari,299.33,39.87,36.79,26.86,2022,23
9635,5,Ferrari,332.55,25.03,41.52,26.61,2022,20
9637,15,Alpine,320.46,33.17,41.11,28.54,2022,13
9638,6,Mercedes,302.77,30.1,38.76,34.01,2022,8
9640,20,AlphaTauri,299.0,29.29,36.88,26.25,2022,19
9643,9,Ferrari,339.19,38.52,42.16,33.66,2022,23
9644,12,RedBull,283.58,25.53,35.33,27.76,2022,18
9649,20,AlphaTauri,281.53,29.55,37.66,25.04,2022,22
9652,8,Ferrari,291.64,36.76,41.37,31.96,2022,22
9654,5,Ferrari,331.08,36.85,31.69,31.56,2022,13
9657,3,McLaren,303.72,39.75,39.53,32.92,2022,10
9659,6,Mercedes,322.32,33.34,37.8,33.28,2022,18
9662,20,AlphaTauri,294.33,32.55,40.17,22.42,2022,8
9663,13,Mercedes,316.96,35.2,35.84,21.26,2022,16
9665,1,RedBull,321.55,26.78,39.01,30.28,2022,20
9668,1,RedBull,313.16,30.74,44.67,27.33,2022,12
9669,13,Mercedes,342.06,31.7,32.12,20.9,2022,16
9677,1,RedBull,326.93,31.18,33.41,21.06,2022,16
9684,3,McLaren,343.7,29.78,34.37,20.27,2022,1
9692,5,Ferrari,303.97,38.72,30.2,30.83,2022,24
9693,1,RedBull,300.89,35.88,43.07,34.47,2022,3
9695,8,Ferrari,285.17,38.91,34.54,33.37,2022,17
9714,4,Williams,282.17,29.48,30.89,20.57,2022,18
9720,8,Ferrari,319.1,37.11,39.24,23.12,2022,24
9723,2,AlphaTauri,322.91,39.59,36.26,32.74,2022,9
9724,1,RedBull,301.07,27.55,32.55,33.4,2022,12
9725,12,RedBull,309.03,35.33,39.25,30.96,2022,12
9727,12,RedBull,336.11,39.55,30.19,26.83,2022,6
9728,11,Williams,296.76,38.57,31.53,21.56,2022,3
9729,18,Ferrari,331.81,39.42,42.98,23.1,2022,9
9733,6,Mercedes,320.94,37.92,41.45,20.38,2022,15
9740,14,Ferrari,304.35,34.69,36.29,33.59,2022,5
9744,8,Ferrari,301.44,37.9,42.19,20.76,2022,6
9745,13,Mercedes,328.53,34.25,35.35,20.51,2022,3
9747,9,Ferrari,319.41,35.43,36.93,22.37,2022,5
9753,13,Mercedes,320.75,25.02,37.5,33.67,2022,4
9756,17,McLaren,337.38,33.62,44.88,23.95,2022,21
9759,14,Ferrari,318.58,32.49,42.48,29.55,2022,4
9760,1,RedBull,338.04,33.66,33.44,27.5,2022,13
9761,1,RedBull,286.06,35.3,42.25,31.12,2022,14
9769,7,Alpine,332.78,34.73,43.31,34.72,2022,18
9778,12,RedBull,340.72,35.83,30.53,29.27,2022,22
9785,4,Williams,288.79,26.8,34.14,34.05,2022,17
9786,20,AlphaTauri,302.16,29.56,31.6,26.27,2022,1
9794,16,RedBull,313.94,34.55,43.47,24.43,2022,6
9795,11,Williams,312.34,26.7,33.06,28.81,2022,22
9796,17,McLaren,309.95,38.61,40.63,27.75,2022,2
9798,13,Mercedes,313.7,39.53,30.23,27.5,2022,9
9800,10,Alpine,308.32,30.4,42.99,24.14,2022,2
9807,3,McLaren,321.99,35.52,34.95,27.97,2022,19
9811,18,Ferrari,336.1,33.35,32.05,31.63,2022,3
9814,10,Alpine,320.04,34.55,32.07,22.43,2022,9
9816,5,Ferrari,321.5,31.91,38.14,27.54,2022,20
9818,19,McLaren,300.69,37.08,42.54,32.15,2022,10
9826,9,Ferrari,318.15,33.72,43.1,30.97,2022,9
9829,18,Ferrari,286.34,33.3,41.44,33.44,2022,18
9834,20,AlphaTauri,324.63,33.99,31.7,31.37,2022,13
9842,6,Mercedes,332.56,39.41,41.51,20.77,2022,22
9843,1,RedBull,283.26,29.0,33.24,26.22,2022,16
9845,6,Mercedes,315.65,30.34,30.31,34.59,2022,2
9847,14,Ferrari,315.3,34.15,44.96,28.9,2022,22
9852,10,Alpine,288.25,27.29,30.09,31.0,2022,10
9856,18,Ferrari,338.53,34.06,40.68,25.52,2022,19
9862,15,Alpine,324.0,29.72,34.88,23.02,2022,23
9866,6,Mercedes,306.96,27.73,39.59,21.56,2022,7
9869,8,Ferrari,318.16,26.13,44.49,29.83,2022,4
9870,17,McLaren,311.61,37.15,42.83,26.14,2022,4
9877,9,Ferrari,305.36,30.76,40.47,31.16,2022,14
9879,4,Williams,316.7,32.0,32.35,21.42,2022,14
9884,1,RedBull,281.5,27.55,37.88,32.69,2022,8
9885,20,AlphaTauri,280.74,32.76,34.82,33.42,2022,12
9891,14,Ferrari,302.87,39.88,44.99,21.72,2022,15
9898,2,AlphaTauri,299.56,30.66,30.5,32.74,2022,18
9901,18,Ferrari,294.57,32.19,43.16,25.17,2022,11
9908,14,Ferrari,343.83,34.3,36.7,34.02,2022,4
9909,19,McLaren,343.82,25.01,37.02,32.51,2022,7
9916,14,Ferrari,314.47,39.87,31.36,22.05,2022,2
9922,9,Ferrari,306.47,31.59,39.75,26.61,2022,6
9923,19,McLaren,295.72,27.83,44.92,21.29,2022,18
9925,5,Ferrari,317.09,32.26,44.5,26.45,2022,11
9926,3,McLaren,327.15,34.84,42.7,28.82,2022,2
9927,17,McLaren,297.44,25.81,36.32,27.3,2022,4
9928,16,RedBull,316.81,34.21,38.41,33.6,2022,19
9931,1,RedBull,283.0,30.79,39.69,28.61,2022,9
9938,5,Ferrari,317.76,39.73,32.3,29.64,2022,8
9939,13,Mercedes,280.47,27.98,31.33,24.4,2022,17
9940,17,McLaren,330.23,39.06,43.88,20.16,2022,12
9943,11,Williams,344.94,27.36,38.07,32.09,2022,22
9948,1,RedBull,344.49,37.02,35.5,21.28,2022,13
9965,18,Ferrari,320.46,32.79,38.12,34.35,2022,13
9972,12,RedBull,292.91,36.22,36.13,31.09,2022,4
9983,14,Ferrari,322.51,32.64,42.93,26.83,2022,8
9987,12,RedBull,282.34,35.08,30.85,21.26,2022,2
9995,3,McLaren,316.55,38.66,33.6,26.87,2022,3
9997,3,McLaren,334.65,35.87,43.37,30.26,2022,1
7,7,Alpine,281.29,35.26,30.95,27.25,2023,15
11,16,RedBull,284.29,31.8,32.25,22.13,2023,18
12,16,RedBull,339.73,28.14,33.2,31.61,2023,15
16,4,Williams,316.32,30.08,36.62,32.45,2023,8
21,7,Alpine,310.15,32.82,43.53,27.46,2023,5
25,17,McLaren,331.42,29.62,34.37,28.36,2023,5
26,19,McLaren,302.45,32.12,43.83,21.09,2023,18
28,5,Ferrari,338.28,34.07,30.65,28.15,2023,12
30,8,Ferrari,322.89,31.02,39.87,25.67,2023,13
36,14,Ferrari,317.68,30.12,30.31,24.25,2023,11
42,18,Ferrari,293.36,34.07,39.15,34.53,2023,13
48,5,Ferrari,285.7,29.7,40.38,26.63,2023,22
49,6,Mercedes,294.29,36.23,36.8,32.65,2023,4
53,14,Ferrari,326.01,30.51,37.27,25.21,2023,24
57,5,Ferrari,319.75,26.94,42.46,23.89,2023,21
58,15,Alpine,337.3,31.81,32.42,25.21,2023,4
60,6,Mercedes,344.77,34.07,36.82,32.73,2023,16
63,10,Alpine,328.16,32.4,36.64,26.27,2023,14
68,13,Mercedes,280.42,30.53,38.43,29.12,2023,10
72,4,Williams,332.44,38.37,35.85,30.14,2023,14
73,14,Ferrari,281.69,29.01,42.14,29.13,2023,6
75,1,RedBull,294.41,39.39,37.56,30.78,2023,6
79,13,Mercedes,344.06,38.13,32.97,34.17,2023,4
83,2,AlphaTauri,313.21,28.88,35.08,22.54,2023,20
84,8,Ferrari,292.95,28.45,38.89,34.06,2023,17
85,3,McLaren,297.51,33.02,36.18,27.27,2023,21
91,5,Ferrari,283.23,32.93,37.78,26.65,2023,11
99,19,McLaren,344.15,29.26,37.69,32.78,2023,22
103,1,RedBull,314.35,26.02,41.0,24.78,2023,9
107,19,McLaren,293.32,30.02,32.31,34.07,2023,19
108,18,Ferrari,309.22,31.8,38.89,34.09,2023,10
114,9,Ferrari,296.23,26.68,31.57,33.96,2023,2
119,12,RedBull,318.55,34.37,38.85,26.49,2023,21
124,1,RedBull,324.28,36.61,30.6,28.83,2023,13
126,14,Ferrari,335.54,34.96,36.97,23.96,2023,5
127,14,Ferrari,299.24,30.34,42.02,29.18,2023,9
136,3,McLaren,338.09,27.7,43.95,26.25,2023,13
137,18,Ferrari,319.73,37.29,34.34,20.23,2023,6
145,9,Ferrari,306.89,36.26,31.81,32.51,2023,22
148,1,RedBull,331.06,36.97,41.92,20.28,2023,8
149,1,RedBull,343.84,35.67,43.26,34.42,2023,1
158,2,AlphaTauri,311.81,25.52,31.38,31.71,2023,4
162,2,AlphaTauri,327.31,28.08,39.58,33.33,2023,24
171,3,McLaren,290.75,37.41,35.97,26.54,2023,15
174,13,Mercedes,284.68,33.42,38.09,33.35,2023,6
179,3,McLaren,337.78,35.14,38.46,28.44,2023,9
191,3,McLaren,280.99,33.96,41.17,20.16,2023,23
194,8,Ferrari,286.55,29.23,39.79,21.52,2023,20
196,10,Alpine,344.0,30.61,41.49,27.87,2023,20
198,17,McLaren,297.43,38.74,35.25,20.85,2023,14
201,4,Williams,304.81,39.46,41.19,25.74,2023,6
202,1,RedBull,296.76,39.82,30.33,28.51,2023,12
211,2,AlphaTauri,312.54,30.94,30.39,30.82,2023,24
214,17,McLaren,331.35,28.92,41.16,26.32,2023,23
217,10,Alpine,337.63,30.7,30.04,20.03,2023,18
218,2,AlphaTauri,338.21,34.4,34.13,25.34,2023,18
219,11,Williams,334.92,31.36,44.31,31.14,2023,23
224,18,Ferrari,342.09,33.76,44.87,20.84,2023,14
226,15,Alpine,313.63,25.08,38.33,25.8,2023,18
235,8,Ferrari,298.7,30.97,44.3,29.13,2023,1
241,8,Ferrari,307.9,35.96,41.35,22.91,2023,21
247,9,Ferrari,305.01,37.94,31.29,26.52,2023,11
254,20,AlphaTauri,328.93,38.55,40.22,27.17,2023,6
256,9,Ferrari,317.23,39.29,35.7,30.06,2023,2
261,14,Ferrari,331.32,30.05,33.57,27.99,2023,20
265,8,Ferrari,331.81,34.18,43.06,32.63,2023,2
274,18,Ferrari,290.0,32.43,30.85,33.68,2023,5
278,8,Ferrari,287.74,35.87,32.45,34.61,2023,3
280,3,McLaren,322.16,28.21,38.17,22.53,2023,14
281,16,RedBull,319.25,33.04,43.27,21.69,2023,7
283,9,Ferrari,322.2,32.67,44.1,29.53,2023,23
287,9,Ferrari,305.67,28.66,39.75,20.89,2023,2
289,12,RedBull,288.59,28.4,38.41,25.38,2023,16
293,7,Alpine,327.0,27.67,38.79,34.22,2023,21
296,4,Williams,311.29,35.06,30.33,31.03,2023,22
299,19,McLaren,326.31,28.77,37.18,27.0,2023,16
300,8,Ferrari,336.43,33.33,30.18,27.84,2023,15
301,7,Alpine,317.79,26.1,36.36,27.18,2023,19
303,18,Ferrari,308.71,31.26,42.59,31.25,2023,3
308,18,Ferrari,312.32,25.44,35.36,33.19,2023,19
312,18,Ferrari,302.21,35.14,42.99,23.41,2023,24
318,13,Mercedes,296.58,25.9,30.55,24.74,2023,23
321,8,Ferrari,290.2,33.15,41.63,24.1,2023,12
326,10,Alpine,286.3,32.06,40.27,28.06,2023,24
331,16,RedBull,340.87,34.27,37.23,30.63,2023,22
333,5,Ferrari,323.87,25.41,44.45,20.02,2023,5
338,12,RedBull,306.42,29.32,39.74,22.1,2023,8
342,6,Mercedes,293.65,37.38,33.52,23.04,2023,17
347,6,Mercedes,302.32,38.14,33.34,30.81,2023,10
357,6,Mercedes,285.3,27.45,42.34,29.17,2023,22
358,3,McLaren,304.77,38.06,35.13,34.29,2023,15
362,19,McLaren,292.93,32.05,34.3,24.0,2023,17
365,13,Mercedes,332.48,38.42,43.19,23.35,2023,17
369,6,Mercedes,281.83,34.23,40.41,29.58,2023,14
373,16,RedBull,341.88,32.11,43.25,20.31,2023,18
376,14,Ferrari,323.7,29.29,40.24,33.65,2023,23
379,17,McLaren,322.62,26.49,31.32,21.35,2023,22
381,16,RedBull,314.01,33.47,43.62,20.26,2023,11
388,17,McLaren,284.22,30.38,41.35,23.28,2023,21
389,7,Alpine,290.85,31.24,34.94,27.57,2023,8
393,15,Alpine,311.6,29.9,43.2,20.25,2023,17
394,3,McLaren,289.12,29.02,36.19,20.77,2023,5
398,14,Ferrari,323.72,29.68,34.68,23.71,2023,13
402,3,McLaren,291.89,26.75,30.09,25.91,2023,16
404,16,RedBull,319.67,32.55,35.57,22.32,2023,4
410,4,Williams,297.27,38.34,36.71,24.55,2023,4
412,9,Ferrari,301.95,38.05,44.65,32.59,2023,5
414,5,Ferrari,309.98,35.92,42.12,32.72,2023,9
416,10,Alpine,305.44,33.75,42.16,28.88,2023,23
422,20,AlphaTauri,333.05,30.26,41.86,21.61,2023,22
426,11,Williams,280.14,35.35,34.54,24.41,2023,12
427,12,RedBull,326.35,27.55,43.67,32.05,2023,3
434,10,Alpine,321.39,35.06,43.46,23.61,2023,7
436,2,AlphaTauri,308.04,27.0,32.76,29.93,2023,24
438,9,Ferrari,299.62,32.82,37.06,34.47,2023,14
446,11,Williams,309.49,26.05,35.32,32.36,2023,18
450,8,Ferrari,293.98,35.7,35.03,27.6,2023,16
451,8,Ferrari,330.96,34.72,34.37,33.07,2023,9
458,20,AlphaTauri,298.79,33.45,39.98,25.79,2023,19
461,2,AlphaTauri,332.23,38.91,34.16,24.28,2023,21
467,8,Ferrari,292.48,36.64,43.72,33.08,2023,3
469,20,AlphaTauri,288.3,31.13,36.38,21.67,2023,14
472,13,Mercedes,289.16,32.58,40.83,31.61,2023,7
474,16,RedBull,342.3,38.32,44.69,32.92,2023,15
475,20,AlphaTauri,292.46,33.69,35.84,24.86,2023,5
477,5,Ferrari,282.43,28.11,37.83,21.61,2023,16
482,11,Williams,287.09,34.27,41.29,26.68,2023,24
486,8,Ferrari,326.0,34.84,33.94,31.38,2023,15
501,14,Ferrari,342.49,38.96,30.33,24.32,2023,1
503,5,Ferrari,331.06,36.49,30.18,28.37,2023,23
512,1,RedBull,329.93,37.7,33.57,23.54,2023,2
515,20,AlphaTauri,285.74,33.35,40.64,22.53,2023,4
525,16,RedBull,303.09,35.68,43.3,23.73,2023,4
527,7,Alpine,317.18,39.69,40.65,23.89,2023,18
530,2,AlphaTauri,330.41,31.73,43.3,27.21,2023,21
531,17,McLaren,287.74,37.58,44.92,30.72,2023,19
535,15,Alpine,284.39,25.0,39.08,21.19,2023,6
537,8,Ferrari,311.3,29.23,38.4,32.54,2023,24
551,15,Alpine,287.52,28.84,33.32,33.82,2023,20
557,5,Ferrari,339.27,39.93,35.78,29.74,2023,14
561,16,RedBull,318.33,30.13,39.53,21.79,2023,3
565,20,AlphaTauri,293.96,34.17,42.8,22.88,2023,14
574,5,Ferrari,323.7,38.13,36.85,25.13,2023,20
582,16,RedBull,309.78,39.94,34.59,28.7,2023,19
595,9,Ferrari,316.59,29.9,33.88,30.17,2023,22
598,11,Williams,338.91,33.43,31.22,26.63,2023,20
606,1,RedBull,314.52,32.29,39.71,23.22,2023,11
607,11,Williams,343.32,39.69,37.52,33.6,2023,5
609,19,McLaren,320.94,25.43,33.94,33.97,2023,14
615,20,AlphaTauri,328.66,39.26,44.0,26.99,2023,2
618,5,Ferrari,331.77,27.53,38.12,25.69,2023,21
621,13,Mercedes,338.89,30.85,33.04,34.84,2023,10
623,1,RedBull,285.18,35.36,44.52,32.48,2023,2
626,10,Alpine,312.8,38.58,34.0,25.25,2023,13
630,8,Ferrari,312.33,26.89,44.6,29.54,2023,8
631,8,Ferrari,294.15,32.02,35.49,26.0,2023,17
642,20,AlphaTauri,313.51,25.97,44.81,29.69,2023,6
643,20,AlphaTauri,323.24,27.75,32.67,30.7,2023,6
644,11,Williams,321.14,39.54,36.83,32.45,2023,4
646,17,McLaren,330.83,26.62,40.04,22.17,2023,19
647,16,RedBull,342.06,35.64,40.68,20.71,2023,17
652,3,McLaren,294.05,37.43,38.28,30.81,2023,8
656,4,Williams,288.02,31.47,43.43,31.75,2023,24
658,18,Ferrari,322.38,32.71,39.12,27.69,2023,8
661,6,Mercedes,297.01,35.18,35.05,31.2,2023,23
668,17,McLaren,304.04,28.35,32.47,29.6,2023,12
671,13,Mercedes,310.19,28.32,34.96,24.75,2023,9
672,1,RedBull,320.7,27.37,43.68,33.31,2023,3
676,13,Mercedes,327.05,30.84,38.91,24.42,2023,4
677,2,AlphaTauri,317.88,28.57,39.71,30.91,2023,16
680,15,Alpine,316.32,35.2,35.42,20.94,2023,15
683,16,RedBull,312.4,36.19,34.25,33.93,2023,18
686,13,Mercedes,296.25,31.26,32.22,26.9,2023,10
691,2,AlphaTauri,286.83,37.62,34.37,30.48,2023,19
694,18,Ferrari,305.85,31.48,37.16,24.05,2023,15
697,10,Alpine,286.05,28.53,35.84,24.6,2023,4
705,7,Alpine,329.05,31.61,41.02,23.81,2023,16
706,12,RedBull,292.32,32.38,43.06,31.68,2023,14
709,10,Alpine,343.14,36.27,40.99,28.3,2023,5
713,15,Alpine,331.74,29.63,30.16,28.81,2023,9
725,17,McLaren,302.3,27.23,30.33,33.29,2023,21
727,13,Mercedes,301.16,37.43,39.19,30.43,2023,12
730,5,Ferrari,336.97,38.87,43.95,21.98,2023,12
732,19,McLaren,286.72,25.34,35.48,26.56,2023,21
734,19,McLaren,329.04,38.03,37.35,34.55,2023,2
737,15,Alpine,332.47,34.02,32.45,32.76,2023,19
745,11,Williams,299.74,26.03,37.58,25.19,2023,1
747,8,Ferrari,333.49,32.92,35.56,20.3,2023,5
751,1,RedBull,308.76,34.46,44.56,20.27,2023,5
765,3,McLaren,324.53,30.93,31.35,30.15,2023,22
769,5,Ferrari,294.33,26.09,35.66,29.14,2023,23
770,9,Ferrari,283.82,31.32,34.19,30.9,2023,12
772,5,Ferrari,306.28,34.81,38.15,28.77,2023,20
774,4,Williams,294.02,29.67,39.7,33.61,2023,15
776,18,Ferrari,329.6,30.08,41.43,28.49,2023,1
780,11,Williams,298.21,38.49,37.27,30.57,2023,15
784,5,Ferrari,308.65,33.04,40.51,26.59,2023,24
785,17,McLaren,336.32,33.55,39.19,23.66,2023,14
791,14,Ferrari,306.03,29.24,32.14,30.88,2023,24
796,10,Alpine,319.14,31.69,44.02,28.33,2023,2
803,20,AlphaTauri,321.65,25.37,42.71,26.91,2023,5
804,3,McLaren,323.76,39.42,43.71,32.54,2023,14
810,2,AlphaTauri,315.02,39.44,38.05,22.27,2023,7
813,11,Williams,319.13,30.63,37.69,32.36,2023,15
815,11,Williams,342.56,37.34,35.09,21.38,2023,15
818,1,RedBull,299.07,33.56,43.68,26.95,2023,14
822,1,RedBull,340.59,38.2,30.9,33.18,2023,6
823,18,Ferrari,311.13,38.76,43.32,20.92,2023,20
824,14,Ferrari,324.24,37.3,38.04,23.04,2023,10
826,6,Mercedes,337.81,27.55,43.19,21.71,2023,9
829,14,Ferrari,335.2,25.4,31.97,34.14,2023,8
832,13,Mercedes,344.52,26.68,36.73,29.83,2023,2
834,18,Ferrari,290.46,33.36,38.94,21.9,2023,2
837,17,McLaren,337.58,29.78,40.62,25.6,2023,9
840,18,Ferrari,309.32,38.8,33.59,23.06,2023,8
843,18,Ferrari,304.73,39.0,34.21,29.38,2023,3
846,8,Ferrari,291.12,28.87,37.69,24.46,2023,21
852,17,McLaren,342.86,29.01,30.83,25.49,2023,11
860,2,AlphaTauri,300.94,37.11,32.52,25.82,2023,7
863,17,McLaren,339.88,33.19,39.42,20.61,2023,23
865,9,Ferrari,308.27,25.18,34.65,29.75,2023,2
867,10,Alpine,294.1,31.01,44.31,29.01,2023,10
869,17,McLaren,319.82,37.07,42.46,21.68,2023,5
871,9,Ferrari,280.67,34.55,40.51,30.31,2023,15
873,10,Alpine,295.06,30.01,30.3,30.48,2023,16
876,10,Alpine,328.94,31.53,38.15,20.4,2023,8
877,14,Ferrari,316.56,29.55,39.36,24.66,2023,4
883,2,AlphaTauri,304.6,33.37,42.09,21.55,2023,5
885,8,Ferrari,284.74,33.7,42.81,33.48,2023,13
891,1,RedBull,294.67,29.77,33.68,25.07,2023,16
892,1,RedBull,293.23,32.47,43.11,34.33,2023,15
899,19,McLaren,299.6,38.95,44.61,22.86,2023,20
900,18,Ferrari,304.03,31.99,31.49,24.65,2023,17
902,19,McLaren,292.84,33.52,42.99,33.5,2023,12
909,1,RedBull,308.61,29.23,33.29,23.55,2023,1
915,18,Ferrari,331.64,38.58,44.56,31.51,2023,6
918,16,RedBull,326.6,39.18,42.09,32.03,2023,17
923,7,Alpine,292.33,25.95,39.37,23.16,2023,9
933,4,Williams,281.78,34.17,33.47,28.86,2023,4
938,13,Mercedes,310.06,32.98,39.06,28.66,2023,12
939,14,Ferrari,329.37,35.04,34.49,28.03,2023,5
947,11,Williams,342.45,26.12,33.45,27.16,2023,6
951,14,Ferrari,281.23,39.87,35.04,24.16,2023,3
954,7,Alpine,287.04,27.16,43.42,23.34,2023,2
959,6,Mercedes,311.44,27.93,31.73,30.48,2023,7
968,10,Alpine,304.97,26.97,35.6,34.35,2023,18
969,2,AlphaTauri,328.27,25.65,31.49,26.38,2023,1
970,16,RedBull,311.37,36.53,43.94,25.81,2023,2
971,13,Mercedes,288.49,27.24,43.84,29.46,2023,4
978,5,Ferrari,286.84,33.15,33.12,27.62,2023,18
980,19,McLaren,311.38,38.74,41.91,25.96,2023,13
982,8,Ferrari,317.98,34.38,41.36,21.69,2023,24
985,9,Ferrari,306.28,35.46,41.75,34.3,2023,7
993,13,Mercedes,331.76,33.79,31.46,29.35,2023,21
1008,17,McLaren,320.14,25.98,37.5,29.62,2023,13
1009,10,Alpine,300.99,33.16,42.29,32.04,2023,8
1010,4,Williams,286.37,36.93,38.39,33.17,2023,12
1011,11,Williams,311.66,34.08,33.29,32.7,2023,18
1013,4,Williams,327.39,33.23,32.12,22.86,2023,19
1015,7,Alpine,322.23,36.44,43.53,28.29,2023,13
1017,15,Alpine,311.48,26.89,39.11,32.91,2023,17
1028,12,RedBull,320.71,27.74,39.96,34.47,2023,13
1034,3,McLaren,326.28,37.95,30.79,29.03,2023,23
1040,9,Ferrari,341.64,34.73,42.71,26.5,2023,15
1045,14,Ferrari,333.27,33.77,41.05,24.28,2023,8
1053,6,Mercedes,281.75,32.85,36.73,27.88,2023,23
1055,2,AlphaTauri,333.81,25.82,33.48,23.79,2023,11
1057,17,McLaren,322.14,27.21,34.69,20.87,2023,12
1058,5,Ferrari,333.38,39.79,38.12,32.78,2023,8
1061,4,Williams,339.65,30.82,31.22,21.39,2023,20
1066,8,Ferrari,280.15,27.99,38.39,31.29,2023,24
1071,5,Ferrari,330.45,25.0,31.87,24.92,2023,1
1074,12,RedBull,299.83,36.08,30.68,27.14,2023,22
1077,2,AlphaTauri,341.49,28.84,35.45,30.55,2023,12
1079,20,AlphaTauri,293.62,26.4,41.85,30.59,2023,19
1081,12,RedBull,328.4,29.3,40.05,35.0,2023,19
1087,3,McLaren,304.58,34.85,38.94,31.17,2023,3
1088,9,Ferrari,284.83,32.98,35.26,21.49,2023,17
1089,10,Alpine,308.61,28.76,36.33,31.93,2023,13
1090,10,Alpine,301.69,26.45,40.61,23.17,2023,6
1092,8,Ferrari,336.37,29.66,39.8,34.52,2023,4
1098,15,Alpine,292.23,26.06,41.26,29.09,2023,11
1099,17,McLaren,289.91,34.47,34.87,33.21,2023,1
1111,5,Ferrari,303.38,34.21,44.51,29.46,2023,22
1120,4,Williams,314.97,34.33,33.97,33.18,2023,7
1121,7,Alpine,336.04,25.14,34.4,32.33,2023,20
1125,13,Mercedes,295.35,28.6,34.23,26.95,2023,24
1126,20,AlphaTauri,294.18,38.29,41.54,26.49,2023,17
1135,12,RedBull,290.72,31.52,42.16,27.72,2023,3
1138,8,Ferrari,330.06,39.83,36.41,34.34,2023,11
1142,10,Alpine,341.73,29.24,32.11,22.68,2023,18
1145,3,McLaren,335.61,30.05,36.97,20.83,2023,21
1148,7,Alpine,340.39,28.15,41.66,29.68,2023,9
1150,13,Mercedes,326.83,28.54,35.59,34.71,2023,20
1151,1,RedBull,287.27,28.97,44.68,20.4,2023,8
1166,11,Williams,291.8,37.93,44.49,21.56,2023,2
1176,13,Mercedes,316.31,38.19,40.81,31.36,2023,14
1177,13,Mercedes,302.11,26.16,35.23,25.89,2023,21
1189,7,Alpine,309.52,25.26,40.15,25.3,2023,14
1206,9,Ferrari,302.76,25.3,32.9,21.63,2023,3
1207,15,Alpine,301.58,35.6,42.0,30.57,2023,15
1208,19,McLaren,309.86,38.43,35.52,20.12,2023,12
1211,12,RedBull,327.24,33.68,34.14,20.11,2023,5
1212,9,Ferrari,293.24,32.3,35.15,27.89,2023,15
1215,12,RedBull,281.66,25.34,35.42,22.45,2023,1
1216,11,Williams,323.66,28.63,36.11,29.83,2023,13
1226,16,RedBull,299.08,37.76,43.09,23.74,2023,17
1227,9,Ferrari,342.27,36.98,37.82,34.06,2023,5
1228,6,Mercedes,288.66,30.31,40.56,24.86,2023,16
1229,1,RedBull,298.44,37.98,41.06,21.03,2023,10
1231,6,Mercedes,339.71,32.25,41.22,25.97,2023,2
1232,5,Ferrari,325.13,25.59,35.72,29.69,2023,18
1233,19,McLaren,308.49,28.42,33.99,21.86,2023,15
1234,12,RedBull,329.97,38.11,41.28,28.69,2023,11
1237,15,Alpine,294.93,35.05,35.94,25.23,2023,17
1248,3,McLaren,285.38,26.84,34.97,23.15,2023,2
1250,11,Williams,322.73,30.6,33.7,27.69,2023,9
1254,12,RedBull,324.16,34.83,40.54,29.31,2023,16
1255,19,McLaren,281.43,37.9,35.76,30.82,2023,8
1256,9,Ferrari,287.35,34.92,42.8,21.97,2023,14
1262,13,Mercedes,294.09,27.17,31.13,34.02,2023,21
1266,12,RedBull,337.28,33.7,39.08,31.66,2023,18
1269,5,Ferrari,336.2,28.88,42.42,30.87,2023,4
1274,19,McLaren,333.26,27.03,43.69,29.38,2023,13
1282,2,AlphaTauri,292.7,25.37,39.86,27.72,2023,16
1285,10,Alpine,309.54,31.14,30.58,24.13,2023,17
1289,4,Williams,311.61,28.27,42.29,33.67,2023,7
1290,3,McLaren,344.04,34.11,32.02,27.77,2023,12
1294,9,Ferrari,322.63,35.0,44.17,31.01,2023,2
1300,1,RedBull,290.98,30.99,40.99,25.91,2023,10
1304,1,RedBull,305.27,31.2,35.77,34.75,2023,20
1305,1,RedBull,322.42,38.11,42.25,21.55,2023,17
1307,7,Alpine,323.0,36.77,38.31,21.59,2023,19
1310,13,Mercedes,291.33,37.36,40.29,28.05,2023,20
1321,18,Ferrari,341.58,39.0,38.95,29.96,2023,22
1322,12,RedBull,321.79,33.58,32.24,21.78,2023,23
1326,9,Ferrari,311.71,34.15,43.38,27.37,2023,22
1341,10,Alpine,315.0,35.23,32.95,20.4,2023,2
1348,17,McLaren,325.72,26.03,34.37,34.67,2023,16
1352,15,Alpine,324.47,28.17,36.23,24.62,2023,2
1356,4,Williams,329.89,32.33,35.35,30.99,2023,13
1362,2,AlphaTauri,321.62,26.88,36.14,22.18,2023,23
1363,7,Alpine,283.98,28.34,38.8,23.82,2023,18
1366,4,Williams,341.68,31.26,32.83,24.96,2023,5
1373,5,Ferrari,321.53,31.31,33.34,32.61,2023,11
1383,18,Ferrari,341.46,39.17,37.69,29.26,2023,13
1384,19,McLaren,326.7,30.87,36.61,28.37,2023,7
1388,11,Williams,293.42,37.55,42.15,20.8,2023,16
1389,5,Ferrari,301.03,39.17,42.3,31.61,2023,10
1396,18,Ferrari,334.9,30.11,32.42,25.29,2023,22
1397,7,Alpine,327.56,32.98,42.07,26.91,2023,10
1404,5,Ferrari,294.65,29.01,35.79,21.36,2023,6
1408,9,Ferrari,302.6,39.94,40.2,33.32,2023,13
1410,4,Williams,322.17,37.76,38.91,34.47,2023,11
1411,20,AlphaTauri,326.53,36.55,31.34,20.68,2023,20
1413,16,RedBull,294.34,34.72,37.33,31.52,2023,18
1414,8,Ferrari,287.96,38.37,35.85,31.48,2023,15
1417,18,Ferrari,320.78,32.31,35.93,21.84,2023,14
1419,13,Mercedes,334.54,35.87,42.38,33.8,2023,3
1422,8,Ferrari,297.16,38.58,39.33,29.8,2023,24
1428,14,Ferrari,287.95,30.97,30.5,27.4,2023,24
1430,20,AlphaTauri,306.96,28.21,34.08,31.71,2023,10
1434,8,Ferrari,335.86,37.63,41.78,25.37,2023,18
1436,2,AlphaTauri,332.81,38.14,43.89,20.09,2023,2
1437,12,RedBull,315.83,38.47,36.38,34.37,2023,7
1442,15,Alpine,289.1,36.97,34.83,26.41,2023,10
1444,4,Williams,309.27,38.2,31.41,33.36,2023,2
1446,13,Mercedes,305.58,29.66,40.43,32.6,2023,1
1448,8,Ferrari,287.27,31.44,39.24,27.36,2023,22
1450,15,Alpine,304.42,28.91,30.98,21.94,2023,6
1452,9,Ferrari,320.55,34.72,41.27,30.87,2023,22
1456,12,RedBull,317.58,31.85,42.41,25.1,2023,19
1457,1,RedBull,342.61,36.39,40.39,20.09,2023,18
1467,10,Alpine,318.46,39.97,34.08,28.34,2023,19
1469,8,Ferrari,331.26,37.25,41.38,27.31,2023,11
1470,11,Williams,320.93,38.94,44.71,20.97,2023,24
1475,9,Ferrari,324.18,29.69,34.31,31.11,2023,8
1477,9,Ferrari,306.0,26.45,39.47,23.29,2023,14
1478,20,AlphaTauri,280.67,34.95,39.29,33.21,2023,19
1483,12,RedBull,315.58,28.87,30.74,25.67,2023,18
1484,1,RedBull,299.52,32.02,44.25,25.16,2023,18
1487,1,RedBull,312.79,37.82,43.87,30.42,2023,7
1489,7,Alpine,338.42,35.02,39.29,30.57,2023,3
1490,16,RedBull,340.2,38.56,31.53,33.98,2023,19
1492,13,Mercedes,324.61,27.5,38.99,26.46,2023,6
1495,2,AlphaTauri,296.48,30.01,40.29,32.86,2023,14
1497,11,Williams,302.78,30.75,30.43,33.69,2023,22
1500,20,AlphaTauri,327.6,30.14,32.88,21.1,2023,7
1501,10,Alpine,322.2,29.03,41.91,28.78,2023,1
1507,17,McLaren,284.28,32.48,39.51,22.29,2023,16
1508,3,McLaren,308.51,36.67,36.47,24.32,2023,4
1509,20,AlphaTauri,287.04,39.16,38.71,24.57,2023,4
1510,8,Ferrari,283.28,37.14,40.74,20.13,2023,12
1511,3,McLaren,319.44,33.51,41.54,25.61,2023,13
1515,12,RedBull,302.19,37.7,44.9,20.54,2023,9
1516,5,Ferrari,296.5,37.39,38.52,34.26,2023,21
1520,9,Ferrari,320.08,32.75,44.51,34.23,2023,8
1528,1,RedBull,290.43,36.8,33.36,22.36,2023,9
1529,12,RedBull,296.47,38.17,31.94,31.12,2023,12
1531,4,Williams,286.91,34.86,35.26,29.07,2023,14
1532,20,AlphaTauri,329.86,34.29,42.51,26.91,2023,6
1534,3,McLaren,341.55,27.98,44.18,26.54,2023,12
1540,8,Ferrari,322.59,31.01,38.97,26.18,2023,10
1544,11,Williams,322.21,31.61,38.86,31.87,2023,20
1554,5,Ferrari,293.23,35.19,31.58,24.89,2023,3
1568,12,RedBull,295.34,34.66,30.23,22.45,2023,1
1571,14,Ferrari,330.35,28.72,42.89,26.52,2023,9
1573,20,AlphaTauri,293.72,26.08,38.08,32.23,2023,11
1576,13,Mercedes,297.45,25.69,40.12,32.05,2023,1
1577,12,RedBull,329.58,28.38,30.58,31.34,2023,12
1580,1,RedBull,325.3,27.58,41.96,31.46,2023,6
1583,6,Mercedes,281.04,29.07,39.1,25.8,2023,11
1584,10,Alpine,314.34,31.82,31.49,34.77,2023,18
1591,7,Alpine,325.36,35.48,32.81,21.1,2023,16
1592,7,Alpine,287.16,32.54,42.78,33.06,2023,22
1599,19,McLaren,339.41,34.99,31.74,33.85,2023,2
1603,5,Ferrari,313.21,38.49,33.79,31.09,2023,24
1606,20,AlphaTauri,310.24,37.38,32.5,24.77,2023,5
1607,16,RedBull,291.82,26.03,32.75,27.03,2023,16
1614,8,Ferrari,316.13,28.02,31.32,31.32,2023,4
1615,11,Williams,285.94,39.29,30.28,27.7,2023,16
1616,1,RedBull,320.5,38.58,40.33,29.74,2023,1
1619,19,McLaren,286.52,32.42,33.51,20.06,2023,21
1620,20,AlphaTauri,321.93,27.38,37.39,20.15,2023,9
1621,4,Williams,331.97,30.68,39.95,27.41,2023,12
1625,8,Ferrari,296.46,35.45,43.31,27.69,2023,21
1626,16,RedBull,306.58,37.89,32.17,31.29,2023,2
1634,1,RedBull,286.11,28.1,35.07,33.86,2023,17
1638,18,Ferrari,309.0,26.41,41.81,27.16,2023,15
1645,11,Williams,304.27,39.26,37.2,20.35,2023,9
1654,12,RedBull,298.98,25.72,32.01,22.84,2023,23
1666,4,Williams,300.41,29.35,40.43,23.79,2023,1
1671,13,Mercedes,325.02,39.81,43.98,21.4,2023,5
1674,1,RedBull,315.46,26.55,33.44,24.23,2023,4
1676,5,Ferrari,322.29,36.11,42.15,28.34,2023,7
1678,13,Mercedes,318.96,37.4,32.01,31.63,2023,12
1680,13,Mercedes,281.92,38.2,30.02,28.07,2023,12
1681,2,AlphaTauri,324.13,28.26,38.26,32.01,2023,21
1683,18,Ferrari,327.63,26.85,39.59,34.7,2023,11
1686,4,Williams,315.43,26.27,39.86,28.65,2023,1
1689,17,McLaren,308.76,38.71,40.12,23.21,2023,21
1693,19,McLaren,322.63,30.71,39.48,27.16,2023,5
1699,10,Alpine,332.44,31.48,38.29,33.03,2023,1
1708,3,McLaren,283.56,30.73,32.66,23.32,2023,11
1712,7,Alpine,292.41,28.1,31.08,23.23,2023,3
1713,17,McLaren,293.53,37.98,35.63,28.5,2023,18
1721,16,RedBull,331.3,32.57,43.97,34.3,2023,15
1725,9,Ferrari,285.51,33.76,34.96,24.55,2023,1
1735,16,RedBull,300.22,34.41,36.16,24.11,2023,3
1739,3,McLaren,285.87,38.15,39.08,20.61,2023,15
1742,6,Mercedes,312.62,34.44,38.18,21.11,2023,10
1743,9,Ferrari,335.9,39.45,32.01,20.23,2023,12
1747,14,Ferrari,317.29,29.96,38.16,26.67,2023,14
1751,2,AlphaTauri,330.0,32.69,43.87,34.35,2023,19
1758,19,McLaren,285.71,27.15,39.36,20.58,2023,3
1759,8,Ferrari,294.55,39.02,33.21,21.61,2023,5
1761,10,Alpine,318.62,33.63,35.61,31.8,2023,1
1766,13,Mercedes,295.82,28.31,32.81,20.94,2023,18
1771,1,RedBull,305.25,34.56,30.67,20.37,2023,6
1772,5,Ferrari,300.69,26.99,42.59,32.4,2023,21
1773,8,Ferrari,316.38,25.62,43.97,31.45,2023,18
1776,12,RedBull,283.15,38.26,41.98,27.2,2023,21
1780,1,RedBull,301.39,39.17,37.09,27.85,2023,11
1791,12,RedBull,337.17,27.78,35.59,23.2,2023,13
1792,7,Alpine,298.14,39.33,42.93,20.62,2023,14
1797,2,AlphaTauri,290.12,27.16,42.6,26.39,2023,11
1803,5,Ferrari,328.79,38.62,32.87,24.88,2023,23
1808,2,AlphaTauri,323.93,25.08,34.24,29.45,2023,8
1809,1,RedBull,337.85,26.96,32.14,22.06,2023,16
1812,17,McLaren,289.4,25.8,44.41,34.0,2023,19
1816,11,Williams,334.07,26.21,43.37,25.12,2023,9
1822,15,Alpine,303.42,31.72,37.83,31.86,2023,4
1823,5,Ferrari,333.43,32.3,44.47,32.83,2023,6
1832,14,Ferrari,320.65,27.65,37.48,32.73,2023,6
1834,8,Ferrari,283.24,35.93,38.11,28.7,2023,13
1840,7,Alpine,344.77,37.67,33.07,34.78,2023,21
1843,2,AlphaTauri,307.54,30.48,37.67,26.76,2023,12
1844,9,Ferrari,304.22,36.35,40.43,22.78,2023,21
1846,19,McLaren,304.72,35.93,34.87,23.73,2023,5
1847,20,AlphaTauri,325.32,31.65,40.18,20.63,2023,7
1848,14,Ferrari,319.08,30.26,39.24,27.9,2023,4
1852,11,Williams,320.32,27.35,30.19,20.36,2023,2
1855,1,RedBull,321.82,32.05,37.97,33.83,2023,1
1857,7,Alpine,319.45,29.97,38.12,20.44,2023,4
1859,10,Alpine,297.39,33.52,30.17,31.63,2023,3
1861,12,RedBull,344.08,32.38,36.99,30.07,2023,1
1863,6,Mercedes,326.12,25.08,38.29,33.97,2023,14
1864,17,McLaren,280.73,33.28,37.7,33.51,2023,20
1865,2,AlphaTauri,335.89,25.82,35.27,33.26,2023,15
1867,1,RedBull,329.16,38.14,37.55,32.27,2023,2
1868,20,AlphaTauri,337.7,31.73,34.24,30.83,2023,1
1872,7,Alpine,295.1,39.51,31.34,26.71,2023,13
1873,8,Ferrari,290.92,33.6,44.11,30.4,2023,9
1874,6,Mercedes,301.89,30.09,36.27,28.53,2023,19
1877,12,RedBull,328.93,34.27,32.97,24.34,2023,8
1884,16,RedBull,318.68,37.96,34.46,20.17,2023,22
1888,11,Williams,331.02,28.02,37.01,22.77,2023,20
1890,9,Ferrari,288.49,26.27,36.09,30.96,2023,15
1891,16,RedBull,326.51,27.44,35.79,29.37,2023,3
1896,13,Mercedes,299.51,29.87,44.37,27.52,2023,7
1898,19,McLaren,280.1,34.13,41.9,21.99,2023,12
1905,4,Williams,288.8,27.37,42.49,27.92,2023,14
1909,17,McLaren,325.12,38.37,42.48,31.99,2023,10
1910,20,AlphaTauri,315.79,29.08,38.03,30.86,2023,19
1921,19,McLaren,289.18,36.94,42.85,30.6,2023,18
1922,18,Ferrari,334.41,34.27,35.27,28.08,2023,12
1924,4,Williams,337.93,39.32,31.16,33.88,2023,14
1925,14,Ferrari,344.39,28.06,43.93,24.64,2023,19
1933,10,Alpine,316.1,29.8,31.75,30.11,2023,24
1935,12,RedBull,320.84,28.08,43.97,27.32,2023,1
1936,15,Alpine,292.19,27.37,30.49,30.11,2023,15
1939,7,Alpine,321.75,31.45,34.9,23.24,2023,7
1940,4,Williams,324.65,35.38,30.69,25.74,2023,24
1949,20,AlphaTauri,304.57,37.81,41.77,22.6,2023,4
1953,11,Williams,338.1,38.77,39.16,22.65,2023,15
1955,5,Ferrari,334.89,33.57,41.19,29.59,2023,10
1956,9,Ferrari,340.01,38.66,33.7,23.13,2023,5
1958,10,Alpine,304.62,35.24,33.43,27.4,2023,16
1972,7,Alpine,324.33,34.41,33.85,20.22,2023,12
1974,10,Alpine,284.17,32.94,30.05,21.61,2023,19
1975,18,Ferrari,282.23,26.77,44.77,21.12,2023,21
1976,4,Williams,325.48,32.35,44.65,28.33,2023,10
1982,18,Ferrari,296.22,32.98,30.23,31.27,2023,14
1988,11,Williams,283.21,30.83,43.26,33.47,2023,13
1991,1,RedBull,318.19,29.85,33.12,27.2,2023,9
1993,8,Ferrari,342.25,35.58,40.07,22.85,2023,2
1994,14,Ferrari,317.83,33.49,37.59,30.2,2023,17
1995,7,Alpine,298.88,29.79,42.38,34.54,2023,17
1998,11,Williams,289.83,38.77,34.02,29.91,2023,4
2001,16,RedBull,329.45,34.37,35.42,28.14,2023,3
2005,5,Ferrari,326.75,32.66,39.23,30.62,2023,23
2006,16,RedBull,321.25,38.66,33.48,23.36,2023,8
2008,16,RedBull,287.62,30.9,44.13,20.16,2023,19
2016,15,Alpine,331.27,32.49,38.85,25.45,2023,24
2019,4,Williams,317.07,26.28,42.59,32.01,2023,1
2027,20,AlphaTauri,316.14,38.77,36.93,22.58,2023,23
2028,12,RedBull,327.78,33.76,38.64,25.74,2023,9
2029,1,RedBull,316.79,34.13,38.87,30.83,2023,9
2037,7,Alpine,324.69,36.82,44.3,32.68,2023,23
2044,8,Ferrari,314.78,25.81,44.28,24.17,2023,12
2048,1,RedBull,289.93,31.63,39.43,23.9,2023,24
2051,16,RedBull,327.09,26.29,33.99,30.14,2023,22
2055,19,McLaren,317.15,39.96,36.29,30.79,2023,2
2059,15,Alpine,328.58,26.67,43.36,29.04,2023,16
2063,10,Alpine,298.51,27.01,42.44,20.76,2023,17
2064,4,Williams,326.25,30.45,38.58,22.47,2023,6
2068,7,Alpine,330.75,35.04,40.13,22.65,2023,2
2076,6,Mercedes,308.35,33.06,39.76,27.57,2023,8
2077,2,AlphaTauri,282.43,26.62,44.48,30.96,2023,3
2079,16,RedBull,301.25,30.68,30.69,22.0,2023,17
2081,11,Williams,340.85,36.42,39.35,21.02,2023,18
2082,9,Ferrari,282.32,36.23,36.65,23.54,2023,17
2085,19,McLaren,342.45,36.95,44.64,23.23,2023,4
2086,20,AlphaTauri,327.54,36.71,41.0,27.03,2023,21
2087,9,Ferrari,340.98,39.68,38.74,21.27,2023,7
2088,10,Alpine,343.83,30.47,31.56,20.42,2023,20
2093,17,McLaren,341.78,32.77,37.03,22.0,2023,15
2096,3,McLaren,333.05,32.43,37.39,30.68,2023,23
2099,7,Alpine,280.41,35.93,33.15,34.99,2023,16
2100,18,Ferrari,314.18,37.14,39.58,32.05,2023,11
2101,15,Alpine,306.62,37.1,32.68,24.48,2023,18
2111,1,RedBull,280.61,33.73,38.53,25.62,2023,9
2112,5,Ferrari,342.54,38.02,44.48,34.54,2023,11
2113,2,AlphaTauri,318.24,35.71,30.14,31.53,2023,4
2115,8,Ferrari,285.39,28.76,40.27,21.01,2023,13
2116,7,Alpine,293.99,35.55,41.56,27.54,2023,4
2121,10,Alpine,307.52,39.73,33.2,29.31,2023,22
2122,11,Williams,288.53,39.13,37.3,28.79,2023,21
2124,20,AlphaTauri,306.52,27.96,39.32,27.6,2023,3
2130,20,AlphaTauri,324.05,37.62,41.32,25.31,2023,11
2135,12,RedBull,340.87,37.53,44.08,34.96,2023,23
2142,14,Ferrari,309.55,36.3,31.43,31.47,2023,14
2143,18,Ferrari,284.68,25.55,39.9,20.95,2023,10
2144,2,AlphaTauri,321.76,37.55,38.42,27.35,2023,4
2146,16,RedBull,310.52,30.99,44.38,21.15,2023,2
2147,13,Mercedes,336.96,30.83,37.28,23.86,2023,14
2149,2,AlphaTauri,309.37,29.74,41.87,28.03,2023,7
2153,20,AlphaTauri,302.69,25.09,44.6,34.75,2023,1
2156,4,Williams,308.65,26.93,39.77,30.28,2023,22
2157,19,McLaren,333.37,27.65,36.22,27.24,2023,23
2160,10,Alpine,283.82,28.87,40.29,25.17,2023,5
2161,2,AlphaTauri,335.82,30.52,33.51,29.27,2023,15
2162,18,Ferrari,321.4,29.78,37.63,23.4,2023,12
2163,2,AlphaTauri,331.47,38.74,39.47,23.55,2023,16
2166,16,RedBull,333.89,29.48,38.74,34.33,2023,12
2176,2,AlphaTauri,288.32,30.7,43.41,23.59,2023,7
2179,1,RedBull,307.89,33.47,43.52,28.02,2023,21
2181,8,Ferrari,314.71,36.77,44.25,21.82,2023,23
2182,1,RedBull,328.13,38.91,35.71,34.25,2023,9
2192,5,Ferrari,323.76,37.37,41.9,26.94,2023,23
2194,2,AlphaTauri,342.68,28.56,31.55,26.42,2023,17
2198,6,Mercedes,315.67,36.56,34.66,32.44,2023,1
2200,7,Alpine,325.22,37.33,37.85,26.44,2023,19
2208,7,Alpine,319.96,32.59,41.74,29.46,2023,12
2215,11,Williams,337.95,36.03,44.46,27.45,2023,18
2216,14,Ferrari,340.57,37.66,41.27,28.7,2023,22
2218,5,Ferrari,300.73,35.65,43.33,20.53,2023,16
2223,2,AlphaTauri,309.43,26.27,37.45,30.15,2023,18
2225,16,RedBull,280.18,28.13,36.7,27.19,2023,4
2235,20,AlphaTauri,283.71,37.02,31.48,34.08,2023,11
2236,12,RedBull,313.99,39.44,38.8,28.26,2023,18
2238,11,Williams,326.12,31.64,43.76,27.42,2023,6
2241,20,AlphaTauri,281.32,39.84,38.85,23.5,2023,22
2243,15,Alpine,280.46,29.33,33.63,24.59,2023,2
2245,5,Ferrari,291.94,35.83,36.05,26.53,2023,19
2247,6,Mercedes,339.26,30.63,31.23,26.68,2023,13
2248,19,McLaren,320.87,36.2,35.25,28.83,2023,10
2250,19,McLaren,320.48,36.3,43.04,33.48,2023,10
2253,8,Ferrari,281.65,32.84,38.35,34.22,2023,3
2260,5,Ferrari,343.79,36.95,36.47,29.88,2023,19
2262,15,Alpine,339.47,29.42,43.76,24.64,2023,15
2268,14,Ferrari,293.14,38.83,37.03,30.39,2023,4
2271,4,Williams,283.43,25.9,37.37,29.93,2023,10
2275,9,Ferrari,321.18,29.44,32.43,33.84,2023,7
2284,14,Ferrari,330.21,27.29,43.81,30.22,2023,19
2292,8,Ferrari,287.52,35.08,39.77,29.97,2023,19
2295,11,Williams,312.53,36.28,30.92,31.25,2023,8
2302,6,Mercedes,308.03,28.32,34.77,25.89,2023,2
2306,11,Williams,317.33,29.32,35.26,25.31,2023,18
2313,7,Alpine,296.96,25.94,32.96,20.05,2023,22
2327,15,Alpine,321.23,25.95,34.69,26.71,2023,1
2332,10,Alpine,311.43,38.09,43.05,26.14,2023,6
2333,6,Mercedes,283.7,29.12,43.39,26.19,2023,10
2338,14,Ferrari,282.74,28.7,42.28,22.87,2023,4
2339,20,AlphaTauri,315.05,31.55,44.35,33.04,2023,10
2340,3,McLaren,320.74,27.87,38.3,33.37,2023,8
2341,6,Mercedes,292.97,39.75,40.44,22.63,2023,2
2343,12,RedBull,287.92,32.77,37.2,21.96,2023,17
2344,16,RedBull,307.02,32.24,43.62,30.04,2023,24
2347,13,Mercedes,336.76,35.14,38.61,22.92,2023,5
2354,2,AlphaTauri,286.43,39.87,44.73,27.31,2023,15
2357,1,RedBull,298.25,32.28,31.6,26.52,2023,10
2358,9,Ferrari,327.14,34.44,37.79,28.41,2023,15
2359,7,Alpine,302.38,35.46,40.23,20.84,2023,8
2363,11,Williams,284.31,39.03,43.74,29.74,2023,15
2368,15,Alpine,301.5,37.4,35.91,30.58,2023,23
2371,11,Williams,292.99,25.55,34.04,28.53,2023,7
2372,12,RedBull,324.84,38.96,32.64,27.74,2023,2
2374,1,RedBull,328.62,37.36,34.29,28.04,2023,15
2382,19,McLaren,311.19,39.28,35.43,22.61,2023,2
2384,4,Williams,332.85,29.38,31.24,34.28,2023,8
2385,15,Alpine,309.95,29.76,34.49,33.45,2023,21
2386,18,Ferrari,286.76,27.44,34.23,27.54,2023,5
2389,11,Williams,315.25,39.72,43.75,27.21,2023,20
2402,20,AlphaTauri,336.29,33.54,38.27,33.99,2023,19
2405,11,Williams,334.22,31.05,33.56,31.67,2023,13
2406,8,Ferrari,317.54,35.34,39.77,21.8,2023,19
2411,10,Alpine,332.31,30.58,31.3,24.63,2023,1
2415,12,RedBull,329.86,28.85,35.44,25.96,2023,17
2419,17,McLaren,299.57,26.63,33.17,32.63,2023,13
2420,19,McLaren,296.91,35.58,38.88,32.25,2023,12
2423,6,Mercedes,282.2,38.12,35.25,27.89,2023,20
2427,16,RedBull,297.3,33.64,42.53,34.4,2023,12
2431,7,Alpine,340.36,37.68,35.51,34.16,2023,18
2432,9,Ferrari,294.15,29.08,36.66,27.58,2023,20
2433,17,McLaren,314.04,35.03,43.19,34.63,2023,17
2443,15,Alpine,332.82,37.94,38.77,30.11,2023,2
2445,18,Ferrari,328.73,34.95,37.98,27.42,2023,7
2446,8,Ferrari,312.09,31.15,42.15,23.13,2023,12
2448,12,RedBull,297.46,33.9,36.36,21.04,2023,21
2453,5,Ferrari,326.66,39.05,33.19,33.48,2023,15
2462,15,Alpine,329.45,34.99,37.21,20.64,2023,4
2463,3,McLaren,290.23,37.1,31.29,20.03,2023,10
2464,7,Alpine,341.62,38.99,36.31,28.3,2023,5
2466,2,AlphaTauri,292.95,37.57,33.26,22.57,2023,16
2471,18,Ferrari,288.49,39.29,40.54,20.88,2023,15
2474,19,McLaren,320.15,29.99,34.94,31.11,2023,10
2475,6,Mercedes,296.13,28.51,43.86,21.9,2023,2
2477,19,McLaren,327.5,27.16,32.21,23.96,2023,17
2481,8,Ferrari,327.86,25.76,41.65,27.25,2023,24
2487,5,Ferrari,318.79,31.61,40.96,30.83,2023,14
2489,20,AlphaTauri,338.4,32.78,36.07,27.61,2023,22
2492,16,RedBull,290.0,36.43,38.97,31.74,2023,11
2494,18,Ferrari,299.25,29.84,35.01,29.29,2023,6
2496,3,McLaren,289.69,33.57,32.84,22.7,2023,14
2498,16,RedBull,288.41,32.57,38.6,22.11,2023,13
2499,10,Alpine,280.57,31.88,44.87,29.4,2023,23
2500,10,Alpine,333.34,33.69,43.05,34.55,2023,11
2502,7,Alpine,307.55,25.63,37.14,30.17,2023,19
2506,10,Alpine,283.38,30.97,44.74,21.01,2023,15
2507,1,RedBull,308.57,26.68,38.0,32.88,2023,7
2508,20,AlphaTauri,326.44,33.97,41.63,34.79,2023,3
2512,4,Williams,306.55,39.67,33.89,28.2,2023,9
2513,4,Williams,342.14,36.2,42.82,28.84,2023,1
2514,9,Ferrari,322.83,25.88,35.68,34.16,2023,17
2516,11,Williams,313.1,37.94,30.56,28.63,2023,12
2524,6,Mercedes,283.2,25.74,32.26,21.17,2023,18
2525,2,AlphaTauri,315.62,35.5,32.62,22.63,2023,3
2527,4,Williams,283.96,29.88,40.62,25.05,2023,12
2533,9,Ferrari,288.2,37.35,42.3,33.51,2023,5
2541,10,Alpine,322.05,28.22,36.93,20.25,2023,8
2548,2,AlphaTauri,280.33,28.23,35.0,20.91,2023,2
2550,1,RedBull,316.03,30.76,39.51,33.9,2023,7
2553,11,Williams,319.21,35.73,43.89,28.62,2023,1
2555,8,Ferrari,342.77,30.59,32.74,20.12,2023,19
2557,5,Ferrari,326.51,36.98,41.31,23.81,2023,9
2558,16,RedBull,309.11,35.75,43.62,29.2,2023,3
2561,10,Alpine,321.98,34.43,39.73,21.56,2023,17
2563,16,RedBull,284.4,30.54,30.76,29.7,2023,1
2574,5,Ferrari,283.18,33.19,37.48,24.95,2023,14
2582,8,Ferrari,311.77,29.76,31.46,34.0,2023,7
2585,16,RedBull,321.38,30.56,37.24,28.02,2023,15
2586,2,AlphaTauri,287.69,30.43,32.0,27.9,2023,20
2590,7,Alpine,289.15,37.48,36.02,33.23,2023,6
2592,15,Alpine,282.59,25.49,36.9,21.84,2023,7
2593,14,Ferrari,333.45,25.16,38.71,22.76,2023,14
2594,8,Ferrari,334.74,33.96,33.83,34.23,2023,24
2597,2,AlphaTauri,304.5,37.24,43.7,25.7,2023,14
2604,2,AlphaTauri,338.75,27.57,40.7,34.09,2023,20
2607,17,McLaren,299.16,27.48,43.23,23.17,2023,2
2615,6,Mercedes,315.45,27.06,36.87,33.18,2023,10
2616,7,Alpine,280.82,25.34,43.15,22.81,2023,15
2620,15,Alpine,329.36,29.83,31.47,31.01,2023,13
2621,8,Ferrari,309.43,29.33,41.89,28.94,2023,6
2625,7,Alpine,337.04,34.36,37.7,25.61,2023,3
2630,1,RedBull,292.25,27.98,35.13,20.42,2023,21
2633,19,McLaren,343.57,30.19,32.35,28.03,2023,4
2634,17,McLaren,312.72,32.91,31.69,23.68,2023,7
2637,20,AlphaTauri,284.31,34.07,34.25,34.73,2023,1
2638,16,RedBull,331.01,35.7,38.46,33.06,2023,13
2639,16,RedBull,328.44,34.05,39.27,22.78,2023,20
2641,16,RedBull,332.96,25.85,44.28,25.69,2023,18
2644,9,Ferrari,330.84,32.66,33.25,26.42,2023,18
2650,5,Ferrari,317.77,33.14,37.75,30.72,2023,6
2654,13,Mercedes,324.99,38.01,34.05,30.49,2023,19
2655,8,Ferrari,308.29,31.49,35.56,30.19,2023,5
2658,2,AlphaTauri,306.45,31.41,30.31,31.87,2023,2
2670,1,RedBull,332.95,39.31,39.59,33.75,2023,14
2675,4,Williams,338.12,25.41,38.28,30.12,2023,11
2676,3,McLaren,307.39,28.92,44.43,28.3,2023,24
2681,14,Ferrari,282.69,26.84,35.36,25.8,2023,3
2684,11,Williams,329.94,32.39,36.76,26.8,2023,1
2686,20,AlphaTauri,305.95,34.42,37.58,22.9,2023,16
2690,4,Williams,318.14,36.64,32.14,26.31,2023,10
2691,18,Ferrari,342.59,38.0,33.58,25.91,2023,5
2695,20,AlphaTauri,335.81,39.37,36.86,34.37,2023,20
2697,9,Ferrari,319.97,35.35,34.31,22.99,2023,8
2700,3,McLaren,313.6,38.46,41.65,34.62,2023,5
2703,6,Mercedes,303.83,36.8,39.46,29.16,2023,20
2706,6,Mercedes,297.23,26.29,44.71,22.39,2023,19
2707,12,RedBull,281.46,29.06,35.44,24.93,2023,17
2708,2,AlphaTauri,331.25,35.7,31.87,21.71,2023,11
2709,12,RedBull,309.7,38.72,37.69,28.26,2023,9
2712,9,Ferrari,333.13,34.5,40.07,21.6,2023,17
2713,18,Ferrari,297.42,32.13,38.65,33.02,2023,24
2718,17,McLaren,305.86,37.05,43.92,21.56,2023,4
2723,12,RedBull,336.0,39.53,40.22,20.08,2023,22
2724,16,RedBull,288.98,38.68,38.63,29.77,2023,19
2728,9,Ferrari,300.36,38.25,35.1,21.46,2023,2
2730,10,Alpine,301.37,33.84,33.4,25.11,2023,23
2742,15,Alpine,294.04,34.08,32.51,23.16,2023,18
2755,9,Ferrari,339.49,27.16,33.45,27.54,2023,21
2764,12,RedBull,301.38,29.65,37.85,27.47,2023,7
2765,13,Mercedes,307.57,27.13,32.54,23.3,2023,6
2768,20,AlphaTauri,334.42,29.23,42.65,23.94,2023,14
2778,19,McLaren,335.73,34.54,33.89,29.44,2023,10
2782,11,Williams,331.01,33.88,36.73,32.16,2023,16
2784,17,McLaren,280.51,27.21,35.51,23.75,2023,10
2794,11,Williams,302.27,27.65,39.09,23.22,2023,9
2795,19,McLaren,288.25,30.15,36.05,30.06,2023,17
2796,19,McLaren,310.22,25.6,33.12,20.7,2023,18
2797,8,Ferrari,341.18,31.93,34.46,23.89,2023,23
2798,19,McLaren,302.14,31.3,44.64,20.54,2023,18
2800,5,Ferrari,301.34,26.5,39.41,28.86,2023,10
2803,7,Alpine,320.22,39.45,43.48,24.24,2023,22
2806,6,Mercedes,282.72,25.2,35.96,24.61,2023,17
2809,18,Ferrari,289.7,38.28,32.43,28.27,2023,5
2814,20,AlphaTauri,311.34,38.76,40.65,29.66,2023,10
2830,1,RedBull,287.66,38.36,39.68,34.18,2023,3
2835,15,Alpine,297.77,32.78,32.78,26.72,2023,9
2841,15,Alpine,285.94,27.85,43.63,21.57,2023,9
2843,6,Mercedes,337.11,37.15,44.44,31.82,2023,1
2845,2,AlphaTauri,291.71,30.31,38.98,34.53,2023,17
2853,15,Alpine,293.17,29.76,40.65,29.65,2023,9
2854,12,RedBull,344.96,29.64,36.42,31.08,2023,23
2864,18,Ferrari,282.48,31.35,41.42,27.93,2023,21
2868,3,McLaren,286.53,34.2,40.54,25.85,2023,5
2869,10,Alpine,311.7,34.22,43.84,33.04,2023,18
2870,12,RedBull,339.06,27.04,35.17,21.72,2023,23
2876,11,Williams,294.22,32.58,30.77,27.24,2023,5
2881,18,Ferrari,334.73,38.08,42.63,34.93,2023,16
2901,5,Ferrari,293.59,25.08,36.7,28.7,2023,7
2903,2,AlphaTauri,306.37,30.61,36.86,22.19,2023,24
2904,19,McLaren,284.25,30.46,35.49,27.94,2023,2
2905,12,RedBull,333.31,36.22,30.15,33.89,2023,15
2907,16,RedBull,321.67,28.77,41.05,29.53,2023,20
2909,14,Ferrari,314.38,37.82,44.28,30.08,2023,7
2918,9,Ferrari,336.36,25.8,36.77,23.75,2023,23
2923,5,Ferrari,325.56,27.85,34.43,25.02,2023,8
2924,8,Ferrari,339.84,26.31,38.68,34.44,2023,11
2933,3,McLaren,280.45,39.27,37.9,29.31,2023,22
2935,20,AlphaTauri,297.77,37.82,42.5,33.61,2023,7
2938,8,Ferrari,299.86,39.75,30.44,25.7,2023,9
2942,9,Ferrari,309.14,28.51,41.81,34.14,2023,2
2943,9,Ferrari,283.91,28.63,43.26,28.85,2023,12
2944,12,RedBull,330.1,39.25,42.44,34.2,2023,22
2959,19,McLaren,289.51,28.95,43.21,22.68,2023,14
2962,8,Ferrari,325.47,37.88,35.87,25.15,2023,3
2963,2,AlphaTauri,340.58,37.82,44.79,33.6,2023,20
2975,20,AlphaTauri,288.03,26.58,40.45,32.47,2023,14
2979,16,RedBull,281.38,34.15,39.36,29.63,2023,8
2989,10,Alpine,323.09,31.53,37.33,33.78,2023,8
2991,15,Alpine,321.33,26.51,37.47,20.02,2023,20
2993,20,AlphaTauri,310.54,30.32,41.91,29.81,2023,12
2994,5,Ferrari,319.85,33.15,41.39,34.46,2023,2
2998,11,Williams,317.82,33.58,33.03,21.39,2023,24
2999,1,RedBull,331.15,39.93,40.27,24.81,2023,19
3004,2,AlphaTauri,296.28,26.32,42.16,31.3,2023,3
3008,16,RedBull,280.22,29.37,41.68,20.31,2023,13
3010,15,Alpine,328.36,37.23,37.31,31.25,2023,5
3011,18,Ferrari,291.54,30.92,36.86,32.52,2023,16
3013,16,RedBull,316.44,25.71,30.1,34.9,2023,9
3024,5,Ferrari,295.95,37.49,41.33,29.89,2023,9
3029,13,Mercedes,297.11,38.4,39.13,31.9,2023,12
3030,20,AlphaTauri,337.81,30.31,35.82,28.1,2023,2
3031,3,McLaren,298.25,32.71,39.34,28.05,2023,2
3035,19,McLaren,297.82,28.49,34.13,29.1,2023,13
3037,19,McLaren,287.44,30.16,31.54,20.43,2023,12
3043,16,RedBull,332.13,27.01,43.16,20.65,2023,1
3054,5,Ferrari,305.62,30.29,31.21,32.83,2023,11
3059,17,McLaren,343.99,30.92,31.77,33.95,2023,22
3061,3,McLaren,304.42,32.52,36.0,29.71,2023,22
3063,13,Mercedes,300.25,25.83,44.56,25.23,2023,14
3064,7,Alpine,280.05,33.19,32.03,26.25,2023,3
3066,7,Alpine,284.41,37.67,32.21,30.63,2023,6
3072,5,Ferrari,308.54,37.11,30.28,28.23,2023,12
3078,9,Ferrari,286.23,34.57,41.02,31.83,2023,7
3079,1,RedBull,333.1,31.17,38.92,34.63,2023,19
3087,15,Alpine,305.58,38.75,32.21,28.24,2023,1
3091,12,RedBull,320.29,39.39,40.03,24.26,2023,5
3094,16,RedBull,313.09,38.66,42.55,24.27,2023,4
3095,2,AlphaTauri,339.1,31.61,39.71,26.33,2023,6
3096,3,McLaren,326.86,36.79,37.25,34.95,2023,15
3107,12,RedBull,294.38,28.4,43.37,22.94,2023,19
3109,16,RedBull,319.59,30.76,39.15,22.62,2023,9
3111,9,Ferrari,308.98,29.97,44.0,31.69,2023,13
3112,9,Ferrari,305.29,35.73,40.6,28.33,2023,3
3113,5,Ferrari,298.03,31.03,43.17,30.66,2023,24
3115,3,McLaren,303.2,32.01,40.97,32.35,2023,14
3118,20,AlphaTauri,323.41,37.64,39.57,34.47,2023,8
3122,19,McLaren,286.18,33.78,33.99,20.36,2023,9
3123,6,Mercedes,314.62,34.45,42.64,28.17,2023,21
3127,14,Ferrari,310.0,33.85,33.47,27.63,2023,1
3140,15,Alpine,314.56,32.09,31.2,34.97,2023,23
3148,1,RedBull,289.89,33.14,33.36,30.5,2023,13
3156,9,Ferrari,323.0,34.27,34.67,29.97,2023,1
3161,16,RedBull,341.77,26.99,40.38,29.05,2023,3
3162,2,AlphaTauri,288.83,36.17,35.23,20.65,2023,15
3164,4,Williams,318.05,31.42,38.07,21.54,2023,8
3171,2,AlphaTauri,307.14,34.39,38.37,23.15,2023,14
3173,6,Mercedes,287.05,32.52,33.86,26.77,2023,2
3174,12,RedBull,334.85,34.5,41.68,33.62,2023,23
3175,2,AlphaTauri,325.53,26.49,30.15,30.54,2023,17
3180,15,Alpine,323.12,27.0,40.0,25.89,2023,16
3181,14,Ferrari,292.57,33.22,36.2,30.89,2023,4
3183,18,Ferrari,285.89,31.88,42.65,23.03,2023,8
3188,8,Ferrari,293.25,30.74,43.26,25.97,2023,14
3193,19,McLaren,320.84,31.15,31.04,20.9,2023,2
3194,15,Alpine,321.3,34.29,35.72,28.62,2023,4
3196,3,McLaren,306.97,32.19,31.18,25.19,2023,22
3199,10,Alpine,324.54,38.56,38.25,22.52,2023,12
3202,13,Mercedes,320.0,26.52,33.86,21.58,2023,12
3204,14,Ferrari,311.46,39.54,39.67,25.57,2023,17
3209,19,McLaren,320.96,33.67,30.93,23.29,2023,5
3211,5,Ferrari,328.49,29.76,40.38,22.21,2023,10
3218,1,RedBull,310.09,36.99,31.04,31.94,2023,14
3220,8,Ferrari,335.01,26.6,31.47,25.65,2023,16
3223,7,Alpine,295.17,34.75,34.12,23.51,2023,8
3226,9,Ferrari,298.57,36.14,39.56,34.29,2023,23
3228,7,Alpine,325.69,37.26,42.39,21.31,2023,16
3230,17,McLaren,324.2,32.8,36.79,30.21,2023,11
3231,19,McLaren,334.3,35.23,42.12,25.22,2023,1
3236,8,Ferrari,333.32,27.68,43.34,21.68,2023,20
3237,10,Alpine,334.51,35.81,30.89,31.62,2023,20
3238,15,Alpine,290.73,36.75,36.67,34.7,2023,2
3244,20,AlphaTauri,325.38,35.41,41.72,21.65,2023,15
3248,15,Alpine,280.4,34.86,41.39,30.32,2023,13
3251,11,Williams,338.19,34.68,31.79,32.63,2023,5
3252,17,McLaren,296.12,26.96,41.46,24.66,2023,8
3254,15,Alpine,287.33,34.57,30.99,24.59,2023,3
3255,5,Ferrari,316.0,38.52,37.22,20.99,2023,9
3259,8,Ferrari,298.78,26.17,34.88,25.94,2023,19
3261,2,AlphaTauri,312.96,26.46,38.38,31.84,2023,2
3262,17,McLaren,320.22,35.55,38.71,32.41,2023,3
3269,16,RedBull,299.37,39.54,44.23,22.57,2023,8
3270,7,Alpine,314.71,33.43,38.23,21.15,2023,19
3275,14,Ferrari,303.08,38.91,34.53,28.61,2023,13
3280,6,Mercedes,322.67,32.85,35.26,32.63,2023,4
3281,3,McLaren,295.86,35.36,32.35,32.45,2023,22
3286,14,Ferrari,332.94,36.3,40.37,24.61,2023,20
3293,15,Alpine,312.91,31.18,34.01,23.7,2023,7
3296,12,RedBull,336.82,28.73,40.43,34.03,2023,15
3297,14,Ferrari,288.63,37.88,36.5,23.96,2023,6
3308,19,McLaren,288.45,27.37,31.29,23.96,2023,21
3311,5,Ferrari,313.15,32.73,35.24,30.86,2023,19
3312,11,Williams,314.66,30.27,44.68,22.38,2023,2
3315,17,McLaren,315.26,36.46,40.71,29.9,2023,14
3321,9,Ferrari,312.38,25.79,43.36,33.19,2023,5
3322,9,Ferrari,305.42,38.01,33.02,23.12,2023,24
3323,18,Ferrari,313.12,30.77,32.88,32.13,2023,15
3336,11,Williams,312.18,38.6,42.6,30.16,2023,3
3338,15,Alpine,291.71,33.56,37.18,22.66,2023,11
3344,13,Mercedes,286.45,31.58,40.77,33.31,2023,19
3352,7,Alpine,314.87,34.42,36.83,26.71,2023,21
3360,15,Alpine,304.48,36.43,39.64,24.74,2023,13
3363,14,Ferrari,307.83,26.83,30.3,33.73,2023,13
3369,14,Ferrari,282.23,37.66,36.57,25.28,2023,8
3370,13,Mercedes,290.38,27.9,32.05,34.94,2023,2
3374,4,Williams,344.73,26.39,44.07,20.03,2023,15
3376,12,RedBull,289.0,37.51,36.14,21.7,2023,18
3378,4,Williams,296.45,28.8,31.19,28.43,2023,22
3386,7,Alpine,319.73,36.17,39.29,26.28,2023,7
3388,19,McLaren,334.21,26.36,41.58,31.02,2023,15
3390,16,RedBull,338.1,27.84,39.1,34.4,2023,22
3394,16,RedBull,303.38,36.62,42.34,20.63,2023,23
3404,3,McLaren,305.04,28.02,42.7,20.46,2023,10
3406,13,Mercedes,295.43,36.47,32.41,21.93,2023,21
3416,1,RedBull,327.36,28.27,31.83,24.24,2023,8
3417,4,Williams,344.12,29.43,37.67,34.9,2023,8
3423,10,Alpine,304.04,36.65,35.16,23.44,2023,23
3425,6,Mercedes,284.2,26.88,36.82,23.98,2023,17
3426,18,Ferrari,333.86,30.25,34.51,29.02,2023,14
3428,17,McLaren,296.16,31.99,30.92,21.31,2023,8
3430,12,RedBull,319.74,36.27,31.51,32.82,2023,23
3437,2,AlphaTauri,319.29,28.81,42.78,31.29,2023,8
3442,3,McLaren,338.24,29.8,44.82,26.02,2023,3
3445,12,RedBull,336.87,28.13,39.32,23.67,2023,22
3452,16,RedBull,282.69,39.38,38.67,22.74,2023,18
3456,9,Ferrari,305.99,25.57,40.34,31.56,2023,18
3466,5,Ferrari,337.11,29.23,42.06,25.35,2023,1
3470,7,Alpine,321.66,32.86,40.73,33.61,2023,7
3471,2,AlphaTauri,326.82,36.27,38.81,32.41,2023,1
3473,9,Ferrari,317.02,34.65,41.39,26.73,2023,7
3477,1,RedBull,320.98,35.84,39.67,23.19,2023,19
3480,18,Ferrari,294.78,39.43,39.96,21.94,2023,5
3482,17,McLaren,313.5,25.09,31.3,34.75,2023,23
3487,8,Ferrari,296.33,29.81,37.48,31.98,2023,12
3492,7,Alpine,320.7,39.66,37.12,21.68,2023,21
3493,18,Ferrari,297.63,34.63,41.81,31.53,2023,16
3495,20,AlphaTauri,290.22,27.55,34.64,29.11,2023,8
3496,16,RedBull,298.07,28.24,37.36,23.21,2023,3
3498,5,Ferrari,285.47,32.44,33.54,29.46,2023,23
3500,10,Alpine,333.58,35.94,35.54,24.18,2023,18
3503,15,Alpine,344.86,37.17,36.05,25.81,2023,4
3506,1,RedBull,308.27,35.26,31.15,27.66,2023,18
3508,3,McLaren,280.61,30.07,34.31,34.68,2023,17
3511,15,Alpine,330.26,38.62,38.55,24.13,2023,3
3515,2,AlphaTauri,336.76,34.51,34.48,32.8,2023,17
3516,9,Ferrari,287.66,29.05,44.88,20.22,2023,16
3522,17,McLaren,319.65,38.59,31.97,31.67,2023,20
3527,9,Ferrari,316.95,29.77,31.46,22.63,2023,6
3530,19,McLaren,310.36,32.5,37.74,25.9,2023,1
3531,20,AlphaTauri,318.96,34.34,34.77,23.49,2023,6
3538,2,AlphaTauri,328.92,34.7,44.04,31.84,2023,15
3539,5,Ferrari,331.89,33.94,36.7,26.53,2023,13
3540,13,Mercedes,339.82,31.5,35.32,32.52,2023,18
3543,11,Williams,332.18,29.13,38.12,30.48,2023,5
3548,7,Alpine,321.2,28.05,36.44,30.75,2023,17
3549,5,Ferrari,317.44,39.36,43.69,32.22,2023,3
3556,13,Mercedes,319.17,33.48,44.49,26.85,2023,13
3564,12,RedBull,283.41,32.45,41.67,20.79,2023,8
3574,16,RedBull,303.01,28.23,44.41,21.7,2023,22
3576,1,RedBull,344.16,31.24,36.6,25.04,2023,20
3583,1,RedBull,337.89,34.86,30.06,22.48,2023,17
3585,19,McLaren,318.92,32.58,43.33,20.63,2023,3
3586,11,Williams,286.11,26.49,38.1,34.68,2023,15
3588,10,Alpine,321.73,32.29,31.15,28.36,2023,15
3592,12,RedBull,308.39,36.23,33.98,25.69,2023,8
3601,13,Mercedes,320.26,35.63,37.04,27.08,2023,1
3604,9,Ferrari,319.91,34.09,32.87,25.29,2023,16
3606,3,McLaren,298.48,27.41,33.76,25.52,2023,16
3609,17,McLaren,308.65,27.99,42.63,30.78,2023,6
3611,8,Ferrari,284.0,32.32,42.13,33.33,2023,2
3614,19,McLaren,290.84,39.09,38.1,26.24,2023,12
3616,16,RedBull,308.08,31.77,37.01,21.69,2023,10
3619,9,Ferrari,295.04,28.8,36.05,21.6,2023,11
3620,11,Williams,324.93,39.25,37.8,32.55,2023,15
3625,15,Alpine,301.5,25.19,40.1,21.92,2023,13
3633,1,RedBull,289.39,25.48,43.68,22.69,2023,12
3640,19,McLaren,295.97,36.47,34.27,27.5,2023,8
3643,10,Alpine,318.65,33.53,37.12,25.66,2023,20
3660,8,Ferrari,301.38,29.76,31.16,32.92,2023,11
3668,5,Ferrari,326.74,25.45,43.17,31.32,2023,8
3671,20,AlphaTauri,295.04,38.42,36.39,25.79,2023,8
3672,8,Ferrari,282.69,30.69,39.17,25.74,2023,23
3673,2,AlphaTauri,298.86,36.04,42.09,20.92,2023,11
3674,14,Ferrari,299.04,31.25,30.74,33.68,2023,16
3677,20,AlphaTauri,344.65,30.37,30.56,32.82,2023,6
3678,10,Alpine,338.18,30.58,39.56,22.26,2023,11
3679,7,Alpine,337.08,26.07,33.0,32.11,2023,18
3685,1,RedBull,286.86,32.08,31.31,24.1,2023,11
3698,16,RedBull,338.66,27.18,36.59,25.1,2023,21
3701,16,RedBull,291.4,35.96,44.3,22.21,2023,12
3706,16,RedBull,343.58,38.71,34.7,33.66,2023,17
3707,1,RedBull,281.21,32.73,36.52,21.89,2023,2
3708,14,Ferrari,303.29,35.51,34.38,28.33,2023,7
3711,12,RedBull,322.13,28.04,37.74,31.45,2023,7
3714,5,Ferrari,325.01,36.52,44.62,24.0,2023,4
3717,17,McLaren,281.83,30.22,39.96,22.67,2023,11
3722,12,RedBull,314.04,25.76,42.95,30.44,2023,16
3725,2,AlphaTauri,324.36,33.56,31.5,20.1,2023,5
3726,7,Alpine,323.01,39.82,44.8,20.86,2023,7
3739,20,AlphaTauri,293.52,37.53,41.92,24.58,2023,16
3740,17,McLaren,298.44,29.34,30.74,24.48,2023,5
3743,4,Williams,309.82,27.12,36.52,32.09,2023,2
3752,11,Williams,339.11,39.08,43.82,34.74,2023,12
3756,16,RedBull,321.7,27.76,33.46,32.32,2023,7
3760,11,Williams,344.26,33.66,39.89,33.46,2023,22
3763,4,Williams,337.01,37.97,30.26,22.03,2023,10
3767,2,AlphaTauri,340.83,36.6,41.29,26.92,2023,19
3771,13,Mercedes,341.6,29.03,33.18,21.85,2023,9
3775,14,Ferrari,311.17,27.91,38.92,33.38,2023,12
3778,2,AlphaTauri,344.21,27.54,40.17,34.97,2023,9
3779,16,RedBull,307.86,38.53,38.38,32.27,2023,8
3782,7,Alpine,302.29,25.16,43.83,27.13,2023,6
3786,11,Williams,288.78,26.35,32.89,23.88,2023,7
3787,16,RedBull,324.29,38.53,44.44,26.94,2023,6
3789,18,Ferrari,327.57,31.55,39.1,22.55,2023,6
3794,11,Williams,324.46,38.26,44.66,34.92,2023,11
3799,20,AlphaTauri,302.76,38.26,39.05,30.88,2023,13
3800,9,Ferrari,330.17,28.68,33.44,20.67,2023,8
3804,9,Ferrari,317.15,37.63,41.55,25.32,2023,15
3809,6,Mercedes,311.62,36.77,39.32,30.25,2023,9
3822,18,Ferrari,286.19,39.58,36.98,34.05,2023,5
3830,9,Ferrari,333.88,36.31,34.26,22.58,2023,10
3837,18,Ferrari,295.47,39.8,39.31,22.83,2023,1
3838,10,Alpine,337.81,29.29,34.86,28.35,2023,23
3840,19,McLaren,320.62,36.84,30.74,29.45,2023,13
3842,5,Ferrari,336.49,27.34,43.69,22.57,2023,22
3852,11,Williams,294.46,29.55,35.13,26.86,2023,1
3857,17,McLaren,325.53,35.7,44.07,22.73,2023,17
3858,4,Williams,329.53,36.92,44.17,22.71,2023,23
3861,18,Ferrari,281.95,38.56,42.88,25.63,2023,22
3862,16,RedBull,299.32,34.21,36.92,30.99,2023,19
3863,13,Mercedes,333.36,32.7,37.21,30.52,2023,16
3866,3,McLaren,328.33,29.56,31.42,29.3,2023,15
3869,2,AlphaTauri,309.77,34.26,33.86,24.08,2023,1
3870,4,Williams,319.44,35.31,38.06,22.72,2023,7
3871,14,Ferrari,296.0,29.67,36.45,30.66,2023,9
3873,18,Ferrari,329.33,33.48,30.12,28.53,2023,18
3874,15,Alpine,287.34,32.8,44.23,24.66,2023,15
3876,1,RedBull,315.9,30.37,42.19,29.72,2023,17
3879,15,Alpine,293.16,31.95,38.75,32.81,2023,8
3885,9,Ferrari,331.58,31.41,39.2,26.65,2023,9
3888,5,Ferrari,290.62,30.38,35.51,34.57,2023,15
3889,12,RedBull,325.09,33.11,35.43,21.04,2023,1
3890,20,AlphaTauri,287.82,26.76,44.76,23.48,2023,18
3893,19,McLaren,334.41,25.47,35.33,23.5,2023,3
3896,6,Mercedes,297.38,31.08,35.21,24.11,2023,7
3898,7,Alpine,322.66,28.0,30.7,25.49,2023,12
3900,8,Ferrari,309.87,34.1,42.73,20.61,2023,2
3901,2,AlphaTauri,282.75,34.76,42.53,30.75,2023,5
3903,17,McLaren,332.85,26.11,36.94,34.47,2023,1
3907,17,McLaren,284.77,39.77,44.81,21.24,2023,9
3908,5,Ferrari,282.96,30.65,35.57,28.23,2023,2
3910,3,McLaren,285.84,28.4,37.62,34.04,2023,7
3913,17,McLaren,298.8,30.78,43.73,25.93,2023,5
3922,5,Ferrari,287.11,26.14,32.0,22.12,2023,19
3923,20,AlphaTauri,311.61,26.77,40.12,20.04,2023,6
3924,8,Ferrari,289.26,32.67,37.94,24.76,2023,10
3926,10,Alpine,328.41,30.71,37.84,29.7,2023,5
3938,14,Ferrari,338.64,33.89,35.34,27.39,2023,6
3939,17,McLaren,319.13,25.87,32.3,25.75,2023,6
3941,15,Alpine,317.19,34.68,43.66,31.99,2023,7
3950,20,AlphaTauri,295.74,25.27,38.01,24.98,2023,2
3952,18,Ferrari,326.13,38.01,40.68,20.44,2023,2
3959,16,RedBull,308.84,32.03,30.79,26.32,2023,8
3961,17,McLaren,335.09,33.3,39.92,30.66,2023,13
3962,4,Williams,335.76,28.68,42.93,32.89,2023,7
3963,8,Ferrari,283.2,38.91,30.66,33.48,2023,15
3965,8,Ferrari,283.74,33.99,35.33,31.04,2023,20
3966,10,Alpine,283.53,36.67,42.51,24.06,2023,9
3973,17,McLaren,342.97,25.56,39.51,32.33,2023,6
3977,19,McLaren,299.88,38.25,40.04,23.86,2023,11
3978,7,Alpine,329.95,28.76,44.52,25.29,2023,17
3980,2,AlphaTauri,309.65,33.73,44.52,33.58,2023,13
3993,3,McLaren,290.18,26.92,34.56,23.01,2023,14
3994,7,Alpine,317.43,38.72,42.29,20.56,2023,4
4000,2,AlphaTauri,342.23,33.36,32.12,33.48,2023,20
4006,5,Ferrari,312.71,28.67,42.5,29.4,2023,8
4010,15,Alpine,318.95,32.57,32.14,28.97,2023,15
4011,6,Mercedes,324.53,34.07,44.46,29.42,2023,3
4012,3,McLaren,319.4,30.21,35.61,32.97,2023,12
4013,3,McLaren,294.02,31.01,35.8,24.62,2023,6
4020,13,Mercedes,318.45,29.58,40.2,31.22,2023,19
4022,12,RedBull,318.4,38.53,38.76,32.24,2023,10
4025,1,RedBull,315.85,34.03,31.23,27.32,2023,15
4030,3,McLaren,286.59,30.56,38.55,27.54,2023,7
4033,17,McLaren,328.41,38.52,43.91,22.62,2023,2
4035,7,Alpine,325.66,31.94,43.36,28.7,2023,13
4037,10,Alpine,288.69,37.12,34.61,27.54,2023,23
4040,1,RedBull,312.39,31.88,35.79,28.09,2023,23
4042,6,Mercedes,294.73,36.4,31.06,26.81,2023,21
4047,7,Alpine,328.54,32.22,36.25,26.96,2023,5
4048,4,Williams,294.63,33.09,35.74,20.69,2023,22
4049,3,McLaren,315.15,29.11,42.68,20.68,2023,6
4050,10,Alpine,324.82,36.46,34.84,28.43,2023,16
4061,12,RedBull,305.43,39.59,34.81,29.53,2023,15
4062,20,AlphaTauri,285.83,27.08,40.53,33.3,2023,21
4066,11,Williams,333.29,31.6,38.41,25.75,2023,10
4078,10,Alpine,327.31,35.07,33.93,21.99,2023,16
4085,19,McLaren,293.08,32.56,38.3,24.84,2023,4
4089,16,RedBull,329.29,32.3,35.01,33.88,2023,3
4090,17,McLaren,342.94,25.7,34.34,34.82,2023,13
4102,11,Williams,337.04,38.58,44.12,33.91,2023,23
4111,13,Mercedes,310.59,28.42,35.85,20.02,2023,14
4124,10,Alpine,316.4,37.45,39.3,23.63,2023,13
4135,8,Ferrari,307.63,27.16,43.06,28.95,2023,20
4140,4,Williams,319.02,39.63,31.78,33.62,2023,16
4141,5,Ferrari,287.39,38.53,35.71,21.26,2023,17
4143,8,Ferrari,301.24,25.88,38.18,23.66,2023,15
4144,10,Alpine,323.72,28.88,40.56,34.19,2023,18
4151,3,McLaren,318.03,36.2,42.92,22.9,2023,22
4159,8,Ferrari,324.1,32.39,37.0,31.46,2023,14
4160,6,Mercedes,294.38,33.83,30.04,24.82,2023,12
4162,7,Alpine,314.91,25.02,31.54,33.43,2023,17
4175,1,RedBull,280.67,31.58,34.26,30.66,2023,7
4180,9,Ferrari,338.36,27.86,39.3,29.17,2023,24
4191,14,Ferrari,298.86,35.28,35.35,33.36,2023,1
4193,10,Alpine,285.64,39.46,30.68,34.08,2023,6
4198,13,Mercedes,324.04,26.13,44.85,27.62,2023,2
4203,20,AlphaTauri,280.94,39.1,36.45,28.4,2023,18
4207,4,Williams,323.8,35.1,30.85,30.49,2023,3
4209,11,Williams,342.17,26.79,40.84,20.97,2023,7
4211,5,Ferrari,316.54,36.66,36.47,25.3,2023,9
4212,20,AlphaTauri,339.82,30.44,36.97,29.52,2023,1
4213,16,RedBull,288.43,37.5,36.13,25.91,2023,10
4214,17,McLaren,291.71,27.49,33.07,33.8,2023,3
4221,10,Alpine,334.53,37.04,37.15,21.99,2023,6
4237,6,Mercedes,337.39,27.88,33.22,21.55,2023,12
4238,5,Ferrari,326.68,32.98,37.15,33.85,2023,10
4241,8,Ferrari,337.4,39.73,43.03,30.71,2023,21
4244,6,Mercedes,329.99,30.84,38.69,31.64,2023,5
4245,16,RedBull,280.2,35.59,41.1,21.95,2023,23
4246,19,McLaren,300.56,38.01,43.12,20.03,2023,15
4251,14,Ferrari,320.84,33.58,32.26,28.56,2023,20
4254,12,RedBull,298.05,31.08,34.7,27.96,2023,23
4261,14,Ferrari,338.75,29.02,37.21,20.64,2023,13
4264,17,McLaren,299.13,25.13,41.96,30.35,2023,10
4265,3,McLaren,288.2,28.03,43.2,30.72,2023,9
4276,20,AlphaTauri,294.88,33.04,40.01,31.75,2023,10
4284,19,McLaren,333.83,34.6,40.39,34.28,2023,14
4286,16,RedBull,327.6,38.04,31.74,20.42,2023,10
4287,11,Williams,303.09,30.1,42.32,30.19,2023,12
4288,10,Alpine,323.68,35.13,30.7,21.05,2023,17
4298,6,Mercedes,317.19,34.73,38.41,33.5,2023,6
4300,17,McLaren,281.99,26.51,44.94,27.27,2023,14
4304,5,Ferrari,336.45,39.96,37.89,22.99,2023,2
4305,9,Ferrari,285.16,27.37,30.79,30.61,2023,23
4309,13,Mercedes,295.99,34.78,33.71,33.78,2023,10
4313,16,RedBull,339.54,30.88,33.51,30.58,2023,1
4319,6,Mercedes,339.24,31.99,38.51,22.93,2023,5
4322,15,Alpine,322.68,38.41,40.6,31.86,2023,20
4323,4,Williams,329.38,27.66,40.37,31.47,2023,5
4336,10,Alpine,343.17,35.88,42.76,27.76,2023,10
4341,13,Mercedes,321.56,30.3,39.3,31.74,2023,14
4345,14,Ferrari,310.45,29.83,30.72,21.68,2023,4
4346,6,Mercedes,336.2,38.82,37.19,24.82,2023,7
4351,8,Ferrari,313.92,39.74,39.57,25.53,2023,6
4354,12,RedBull,340.46,31.45,36.91,34.02,2023,15
4357,13,Mercedes,339.54,32.58,40.9,26.01,2023,5
4367,7,Alpine,300.45,33.72,44.92,22.08,2023,14
4369,4,Williams,313.58,34.3,43.13,22.03,2023,11
4370,3,McLaren,321.2,36.2,36.4,26.71,2023,1
4374,13,Mercedes,327.8,26.56,41.85,28.34,2023,2
4377,14,Ferrari,293.03,26.14,37.43,22.56,2023,6
4386,15,Alpine,284.82,34.02,32.16,28.19,2023,12
4391,18,Ferrari,313.36,32.02,31.07,32.09,2023,20
4392,12,RedBull,287.89,26.95,40.12,29.61,2023,5
4394,19,McLaren,299.94,39.25,39.2,33.43,2023,22
4395,9,Ferrari,309.57,37.25,30.04,27.19,2023,5
4397,1,RedBull,303.92,30.71,44.8,24.84,2023,17
4403,7,Alpine,317.02,37.4,40.76,20.92,2023,14
4404,11,Williams,302.57,36.72,40.64,24.06,2023,4
4412,17,McLaren,320.44,32.01,34.55,24.07,2023,22
4414,15,Alpine,336.56,32.95,34.02,30.38,2023,6
4416,18,Ferrari,313.73,36.82,36.65,26.36,2023,24
4418,9,Ferrari,286.13,35.15,34.56,32.53,2023,10
4420,18,Ferrari,331.22,33.19,36.86,23.47,2023,2
4421,3,McLaren,295.08,35.17,41.37,21.83,2023,14
4428,16,RedBull,302.05,31.27,38.14,29.82,2023,15
4433,3,McLaren,294.48,37.23,36.54,29.1,2023,9
4435,17,McLaren,343.07,38.4,31.15,20.06,2023,1
4436,6,Mercedes,315.7,25.45,42.37,32.21,2023,17
4439,6,Mercedes,300.53,35.45,33.01,34.19,2023,5
4443,1,RedBull,319.83,32.62,41.19,21.78,2023,9
4445,9,Ferrari,301.76,37.79,42.81,30.43,2023,1
4447,19,McLaren,296.77,39.85,30.5,28.13,2023,18
4451,2,AlphaTauri,331.63,30.03,40.86,24.57,2023,7
4456,2,AlphaTauri,303.89,28.06,39.12,20.74,2023,10
4458,2,AlphaTauri,330.17,28.43,33.74,29.22,2023,5
4460,8,Ferrari,343.8,31.55,38.23,27.43,2023,14
4462,10,Alpine,319.54,25.45,30.96,20.05,2023,10
4469,5,Ferrari,342.1,34.24,34.2,22.6,2023,11
4476,9,Ferrari,305.74,35.07,32.86,33.24,2023,1
4483,3,McLaren,303.76,28.21,39.97,21.77,2023,8
4488,7,Alpine,281.23,37.59,39.12,29.34,2023,9
4491,4,Williams,314.47,32.43,36.7,20.38,2023,7
4495,15,Alpine,333.36,39.76,39.66,21.07,2023,15
4496,2,AlphaTauri,336.49,26.16,44.88,28.77,2023,20
4500,13,Mercedes,325.61,31.6,34.16,28.89,2023,20
4502,19,McLaren,327.96,25.1,44.78,25.17,2023,12
4503,4,Williams,313.86,27.69,39.59,31.55,2023,16
4513,16,RedBull,341.43,26.18,32.07,21.87,2023,19
4515,4,Williams,314.97,28.88,41.19,30.66,2023,19
4524,20,AlphaTauri,342.24,31.81,41.27,32.47,2023,24
4525,7,Alpine,296.74,33.62,37.67,23.51,2023,8
4535,19,McLaren,311.97,30.72,42.7,24.36,2023,19
4540,4,Williams,331.75,26.44,38.02,22.11,2023,11
4544,20,AlphaTauri,330.28,31.41,37.49,21.87,2023,19
4545,17,McLaren,300.78,37.06,40.58,22.36,2023,24
4546,16,RedBull,343.83,36.94,44.36,29.85,2023,19
4554,6,Mercedes,319.45,35.93,43.03,30.11,2023,4
4559,17,McLaren,314.18,25.96,36.8,34.15,2023,6
4562,8,Ferrari,294.84,32.11,30.13,33.23,2023,20
4565,20,AlphaTauri,323.86,28.07,36.87,24.77,2023,5
4567,11,Williams,336.14,29.3,42.83,20.06,2023,11
4572,17,McLaren,343.29,39.88,43.82,28.42,2023,13
4577,19,McLaren,293.75,27.35,35.03,34.08,2023,20
4579,1,RedBull,335.7,30.58,32.03,20.21,2023,1
4580,19,McLaren,335.23,37.01,32.32,34.71,2023,19
4592,18,Ferrari,319.69,31.73,34.63,22.92,2023,3
4595,17,McLaren,310.19,26.17,40.26,21.89,2023,6
4603,3,McLaren,344.68,34.99,40.9,24.71,2023,3
4607,5,Ferrari,342.88,39.33,36.61,25.57,2023,13
4608,12,RedBull,328.67,34.84,33.81,30.98,2023,10
4611,16,RedBull,319.11,30.92,30.55,21.95,2023,13
4618,20,AlphaTauri,339.0,25.26,31.69,27.1,2023,9
4619,2,AlphaTauri,297.83,39.67,44.64,32.17,2023,21
4620,2,AlphaTauri,285.24,27.8,39.14,21.47,2023,2
4621,6,Mercedes,310.35,36.37,32.18,22.24,2023,13
4622,1,RedBull,287.18,29.82,42.39,31.46,2023,1
4623,18,Ferrari,307.1,37.5,30.24,32.19,2023,10
4625,4,Williams,318.57,38.62,38.08,31.7,2023,14
4626,13,Mercedes,295.76,36.56,40.35,22.44,2023,16
4627,16,RedBull,341.08,35.15,44.25,29.37,2023,23
4628,2,AlphaTauri,344.09,30.0,36.36,24.91,2023,7
4633,3,McLaren,325.25,32.05,32.61,25.85,2023,13
4637,1,RedBull,335.61,35.31,40.34,28.0,2023,17
4639,3,McLaren,282.38,32.74,39.82,23.09,2023,4
4640,14,Ferrari,281.07,38.2,43.81,27.58,2023,10
4641,9,Ferrari,305.72,34.81,44.65,24.64,2023,16
4642,5,Ferrari,291.03,39.92,38.37,22.82,2023,23
4645,14,Ferrari,316.17,26.43,38.13,28.81,2023,2
4647,20,AlphaTauri,286.48,25.74,37.69,20.54,2023,16
4652,10,Alpine,308.27,26.16,42.56,23.82,2023,1
4653,19,McLaren,293.91,32.47,30.53,30.53,2023,19
4654,17,McLaren,299.49,27.67,35.29,32.28,2023,15
4656,10,Alpine,312.0,29.85,41.38,32.19,2023,16
4661,17,McLaren,304.49,36.21,40.39,31.03,2023,1
4680,11,Williams,338.19,34.52,36.15,27.73,2023,5
4684,4,Williams,332.26,30.04,37.76,30.82,2023,22
4687,4,Williams,285.94,30.02,38.93,28.6,2023,20
4689,1,RedBull,313.05,26.44,43.0,21.52,2023,9
4693,7,Alpine,337.01,30.07,34.76,29.37,2023,8
4695,11,Williams,309.98,29.65,40.59,21.6,2023,20
4697,12,RedBull,306.48,30.0,33.97,24.76,2023,23
4698,16,RedBull,308.23,38.13,34.17,28.72,2023,8
4701,11,Williams,284.71,35.05,44.37,25.33,2023,21
4703,8,Ferrari,314.17,25.49,42.62,30.74,2023,4
4704,13,Mercedes,300.23,28.83,40.27,24.03,2023,11
4705,15,Alpine,333.11,27.97,38.14,27.67,2023,1
4706,18,Ferrari,309.95,32.99,34.39,24.07,2023,8
4709,7,Alpine,296.58,30.45,40.7,20.96,2023,8
4712,15,Alpine,300.48,30.44,34.06,27.8,2023,7
4714,10,Alpine,296.21,27.58,39.76,21.61,2023,20
4720,14,Ferrari,306.15,34.86,36.92,30.39,2023,24
4732,15,Alpine,298.07,37.12,31.08,31.05,2023,17
4733,5,Ferrari,307.18,35.06,35.71,27.8,2023,18
4736,9,Ferrari,325.45,35.69,32.69,32.45,2023,8
4740,6,Mercedes,322.9,27.98,40.87,34.1,2023,5
4742,7,Alpine,294.0,26.3,39.81,28.47,2023,12
4743,7,Alpine,314.55,34.49,37.39,26.98,2023,1
4754,20,AlphaTauri,307.39,37.5,35.17,22.81,2023,7
4755,9,Ferrari,317.05,29.93,30.81,30.83,2023,6
4757,5,Ferrari,292.2,36.16,40.88,26.34,2023,8
4759,3,McLaren,310.1,25.12,31.43,25.99,2023,7
4762,4,Williams,280.3,37.47,31.63,21.13,2023,8
4763,17,McLaren,324.54,31.09,37.29,34.03,2023,20
4764,8,Ferrari,295.05,26.55,31.94,20.03,2023,13
4765,4,Williams,305.67,25.2,40.11,29.21,2023,3
4769,17,McLaren,280.57,27.76,32.92,21.22,2023,17
4772,4,Williams,313.06,28.77,44.63,24.97,2023,4
4773,3,McLaren,299.04,38.28,41.93,29.07,2023,20
4774,3,McLaren,284.57,31.33,32.13,27.74,2023,18
4777,10,Alpine,313.62,26.01,43.74,23.4,2023,19
4783,18,Ferrari,307.5,34.9,37.35,33.9,2023,6
4785,7,Alpine,337.23,39.95,32.05,20.24,2023,14
4794,8,Ferrari,289.77,29.05,42.81,23.9,2023,22
4795,5,Ferrari,304.92,31.34,38.88,20.75,2023,15
4796,9,Ferrari,304.8,30.83,36.5,22.91,2023,12
4816,1,RedBull,312.49,28.18,43.96,26.84,2023,1
4826,12,RedBull,340.63,25.86,39.26,22.22,2023,15
4829,12,RedBull,328.42,39.13,40.28,32.26,2023,9
4834,6,Mercedes,310.25,33.63,40.91,23.73,2023,17
4835,13,Mercedes,295.16,28.42,35.48,29.21,2023,2
4838,7,Alpine,339.66,29.93,31.28,25.6,2023,14
4843,11,Williams,309.79,37.32,33.86,34.4,2023,3
4847,20,AlphaTauri,299.32,37.8,31.51,26.42,2023,5
4849,12,RedBull,301.86,29.86,33.87,26.92,2023,6
4850,3,McLaren,325.93,37.01,40.67,21.35,2023,15
4851,13,Mercedes,328.19,34.59,32.45,23.58,2023,24
4855,4,Williams,285.28,31.28,30.47,22.15,2023,2
4863,16,RedBull,298.16,38.59,33.11,23.84,2023,11
4865,12,RedBull,330.94,38.18,37.82,31.74,2023,16
4874,2,AlphaTauri,342.43,29.57,43.4,24.83,2023,13
4875,1,RedBull,301.95,31.38,41.67,31.19,2023,13
4883,5,Ferrari,297.71,25.95,44.91,32.11,2023,7
4884,5,Ferrari,320.88,38.59,40.52,29.36,2023,12
4894,14,Ferrari,334.4,38.18,43.84,20.79,2023,10
4899,9,Ferrari,311.55,36.7,31.56,29.61,2023,12
4901,9,Ferrari,307.94,26.79,39.61,27.07,2023,15
4902,9,Ferrari,328.58,26.05,44.46,21.0,2023,4
4909,16,RedBull,337.3,27.2,42.68,34.7,2023,12
4922,4,Williams,320.46,27.95,39.92,33.58,2023,12
4926,2,AlphaTauri,305.3,37.43,31.61,29.09,2023,22
4928,7,Alpine,294.26,25.26,38.19,29.36,2023,18
4930,6,Mercedes,317.22,34.18,38.22,21.48,2023,1
4934,1,RedBull,292.15,36.2,43.36,31.0,2023,17
4936,19,McLaren,311.49,27.45,39.55,30.04,2023,10
4937,10,Alpine,335.06,33.04,37.57,22.61,2023,2
4938,16,RedBull,302.71,35.73,41.15,32.37,2023,1
4951,19,McLaren,299.44,33.52,32.16,29.36,2023,1
4953,11,Williams,287.36,29.39,43.13,32.32,2023,22
4956,10,Alpine,316.06,27.42,30.46,22.12,2023,3
4959,2,AlphaTauri,299.57,31.04,42.6,23.79,2023,16
4961,4,Williams,283.45,37.42,33.23,23.19,2023,21
4967,14,Ferrari,321.83,26.67,30.14,34.77,2023,15
4972,15,Alpine,342.22,28.09,40.86,33.78,2023,12
4976,3,McLaren,324.37,27.93,38.96,27.89,2023,8
4982,3,McLaren,285.37,37.93,30.59,29.99,2023,18
4984,9,Ferrari,344.81,28.24,32.03,28.1,2023,22
4985,2,AlphaTauri,286.82,38.51,30.58,33.06,2023,17
4986,15,Alpine,315.19,32.94,34.43,22.03,2023,21
4988,15,Alpine,314.09,29.54,39.12,24.87,2023,17
4991,13,Mercedes,293.57,35.72,32.47,27.32,2023,4
4993,9,Ferrari,340.83,25.42,39.83,24.11,2023,17
4997,1,RedBull,335.06,35.31,43.61,26.18,2023,3
5001,3,McLaren,322.09,39.85,39.35,23.28,2023,12
5016,11,Williams,328.67,26.36,33.46,30.21,2023,11
5021,12,RedBull,330.59,34.7,33.93,26.22,2023,7
5024,12,RedBull,292.4,38.37,43.8,34.56,2023,22
5030,1,RedBull,329.73,39.87,40.95,29.24,2023,1
5041,11,Williams,313.28,38.67,32.5,23.65,2023,19
5042,7,Alpine,322.74,29.26,42.87,20.09,2023,17
5043,19,McLaren,307.06,26.48,42.46,24.96,2023,11
5047,6,Mercedes,311.55,26.24,41.54,33.71,2023,11
5054,12,RedBull,327.22,29.11,30.58,22.2,2023,11
5057,8,Ferrari,319.39,39.53,35.53,31.95,2023,1
5068,5,Ferrari,315.0,30.32,42.25,29.41,2023,13
5072,14,Ferrari,312.14,37.66,44.71,25.35,2023,4
5077,7,Alpine,299.87,25.38,39.43,20.39,2023,18
5079,14,Ferrari,342.19,33.08,41.4,30.88,2023,5
5083,3,McLaren,301.93,37.55,38.1,30.54,2023,17
5084,8,Ferrari,301.06,32.87,33.97,21.81,2023,4
5085,15,Alpine,302.29,30.6,35.02,33.83,2023,21
5090,13,Mercedes,283.19,29.27,35.45,26.04,2023,15
5097,8,Ferrari,303.62,35.35,39.25,22.0,2023,23
5100,9,Ferrari,285.29,28.38,34.72,32.99,2023,22
5104,19,McLaren,308.5,35.14,44.7,31.29,2023,11
5110,2,AlphaTauri,281.12,34.28,36.99,29.5,2023,4
5120,7,Alpine,333.58,25.69,39.57,31.15,2023,8
5123,5,Ferrari,332.0,25.85,42.96,31.13,2023,15
5127,11,Williams,338.68,35.75,39.23,22.83,2023,1
5128,19,McLaren,281.03,37.94,37.5,34.53,2023,17
5132,11,Williams,303.69,37.08,37.36,23.6,2023,11
5133,4,Williams,337.66,39.79,32.83,28.34,2023,22
5134,14,Ferrari,330.38,37.02,32.38,30.75,2023,21
5135,10,Alpine,317.64,27.06,41.27,27.06,2023,4
5136,17,McLaren,324.58,35.43,30.9,30.03,2023,9
5142,13,Mercedes,341.47,38.54,38.52,25.57,2023,24
5146,17,McLaren,323.18,37.39,38.48,20.16,2023,23
5147,11,Williams,298.42,26.57,35.22,27.94,2023,8
5154,15,Alpine,338.93,32.23,33.23,33.95,2023,13
5155,16,RedBull,303.2,27.82,36.36,31.06,2023,13
5158,1,RedBull,280.19,35.41,37.13,28.03,2023,2
5159,10,Alpine,319.78,39.43,43.63,21.17,2023,3
5164,5,Ferrari,286.19,39.89,30.03,24.41,2023,5
5169,19,McLaren,302.91,39.42,44.72,23.79,2023,5
5170,3,McLaren,317.7,29.96,38.82,31.8,2023,2
5182,14,Ferrari,302.74,36.92,39.1,21.63,2023,11
5188,2,AlphaTauri,334.6,26.21,32.73,31.96,2023,24
5190,15,Alpine,318.98,30.7,33.71,23.76,2023,22
5193,17,McLaren,311.13,38.52,31.25,31.11,2023,6
5194,12,RedBull,292.48,35.31,30.13,33.16,2023,19
5198,20,AlphaTauri,309.72,26.8,39.24,23.63,2023,2
5199,3,McLaren,309.75,34.75,41.81,26.06,2023,22
5201,16,RedBull,330.4,27.33,35.22,20.57,2023,3
5204,16,RedBull,297.9,34.92,32.85,23.06,2023,20
5207,16,RedBull,287.35,25.04,43.8,31.14,2023,7
5208,12,RedBull,307.99,35.05,30.71,20.76,2023,13
5209,5,Ferrari,338.56,33.57,39.03,32.03,2023,22
5213,19,McLaren,291.51,35.59,44.18,21.78,2023,6
5214,19,McLaren,334.95,39.2,32.98,32.19,2023,22
5219,3,McLaren,324.38,28.94,39.59,23.45,2023,13
5228,8,Ferrari,332.95,29.94,42.37,29.39,2023,17
5229,12,RedBull,292.89,26.26,44.65,23.92,2023,10
5230,3,McLaren,328.55,27.95,40.14,26.81,2023,10
5240,18,Ferrari,300.52,39.05,33.37,28.03,2023,17
5243,7,Alpine,344.35,25.14,40.15,27.24,2023,13
5247,11,Williams,298.71,34.66,44.48,26.79,2023,20
5248,17,McLaren,341.78,28.41,34.2,21.0,2023,5
5249,7,Alpine,336.66,31.62,42.95,31.85,2023,4
5257,5,Ferrari,301.18,26.97,43.43,32.79,2023,13
5260,20,AlphaTauri,313.12,38.27,35.21,22.5,2023,17
5271,9,Ferrari,318.43,34.56,33.77,21.17,2023,8
5273,1,RedBull,321.67,27.34,42.81,28.73,2023,5
5274,20,AlphaTauri,329.36,37.5,32.69,21.62,2023,14
5275,19,McLaren,280.01,31.25,35.51,28.38,2023,10
5276,15,Alpine,343.44,26.84,38.59,30.28,2023,23
5277,13,Mercedes,320.12,35.33,38.99,27.48,2023,8
5295,4,Williams,330.19,32.67,30.26,31.11,2023,3
5300,13,Mercedes,304.96,27.14,40.71,34.94,2023,20
5301,14,Ferrari,300.58,39.64,41.2,21.08,2023,15
5306,5,Ferrari,286.41,35.02,35.24,33.48,2023,6
5310,19,McLaren,301.6,38.78,30.13,30.63,2023,2
5313,15,Alpine,339.11,30.16,31.85,28.63,2023,6
5315,16,RedBull,328.97,34.33,41.36,28.6,2023,12
5316,3,McLaren,315.45,35.15,36.77,22.5,2023,5
5339,17,McLaren,331.8,31.46,32.51,33.58,2023,21
5346,12,RedBull,301.89,34.1,35.49,32.7,2023,11
5347,3,McLaren,337.19,25.53,41.72,21.93,2023,18
5348,18,Ferrari,319.99,38.39,42.83,20.82,2023,8
5354,11,Williams,303.13,35.74,43.98,31.94,2023,7
5362,5,Ferrari,298.19,39.66,44.95,27.25,2023,15
5363,7,Alpine,337.6,34.36,42.23,28.58,2023,19
5364,20,AlphaTauri,307.06,37.01,32.95,29.48,2023,6
5365,18,Ferrari,327.09,35.83,38.76,24.4,2023,16
5367,11,Williams,344.12,35.38,35.68,34.42,2023,16
5373,20,AlphaTauri,299.7,34.59,34.45,30.03,2023,4
5374,14,Ferrari,289.93,25.69,42.56,24.89,2023,3
5377,8,Ferrari,292.34,25.15,44.33,23.13,2023,23
5380,10,Alpine,286.88,30.47,43.56,32.07,2023,22
5381,14,Ferrari,293.39,36.59,42.92,26.31,2023,6
5383,8,Ferrari,294.21,25.11,39.71,31.2,2023,13
5385,3,McLaren,305.53,27.98,36.78,26.62,2023,11
5388,4,Williams,335.52,31.41,40.14,31.06,2023,12
5389,8,Ferrari,308.77,25.76,37.31,28.8,2023,5
5396,16,RedBull,305.93,35.97,30.19,24.97,2023,19
5398,18,Ferrari,281.32,26.71,38.9,34.16,2023,10
5405,12,RedBull,291.39,32.59,41.86,25.89,2023,2
5408,1,RedBull,327.33,39.84,30.37,27.74,2023,11
5411,19,McLaren,285.91,34.28,36.22,31.94,2023,13
5412,12,RedBull,328.78,35.28,39.13,22.6,2023,4
5418,1,RedBull,295.03,29.59,43.02,27.89,2023,16
5422,8,Ferrari,304.31,29.61,40.64,31.6,2023,16
5426,5,Ferrari,339.65,27.88,32.45,20.79,2023,3
5433,8,Ferrari,316.32,36.55,36.5,34.08,2023,3
5435,17,McLaren,310.69,34.58,38.02,30.73,2023,8
5436,1,RedBull,337.43,34.3,37.91,22.43,2023,21
5438,8,Ferrari,312.18,33.79,30.21,21.6,2023,6
5439,6,Mercedes,343.98,26.99,31.37,34.09,2023,8
5444,4,Williams,290.14,34.04,33.3,31.33,2023,22
5447,10,Alpine,299.81,34.76,35.62,26.37,2023,19
5453,2,AlphaTauri,306.92,31.82,39.04,21.39,2023,2
5458,11,Williams,304.06,39.78,41.75,25.71,2023,8
5461,15,Alpine,287.92,26.88,41.34,32.62,2023,12
5463,13,Mercedes,307.05,27.62,36.53,29.71,2023,23
5471,1,RedBull,328.22,34.73,31.08,33.72,2023,2
5476,18,Ferrari,339.33,33.41,36.27,29.71,2023,8
5479,16,RedBull,327.23,25.13,44.42,33.01,2023,17
5485,3,McLaren,329.05,27.57,38.67,22.0,2023,9
5486,8,Ferrari,318.31,37.57,32.81,30.9,2023,24
5488,10,Alpine,316.65,29.15,34.19,32.53,2023,6
5494,11,Williams,285.06,36.06,38.3,31.4,2023,3
5495,10,Alpine,344.17,39.32,41.78,20.2,2023,2
5496,12,RedBull,299.57,29.17,33.78,26.51,2023,6
5499,17,McLaren,322.32,39.75,39.1,24.77,2023,2
5500,13,Mercedes,337.81,32.8,33.72,27.19,2023,5
5505,14,Ferrari,311.12,34.04,36.64,22.37,2023,19
5509,5,Ferrari,328.8,27.97,34.78,29.78,2023,6
5511,1,RedBull,311.28,33.61,40.83,25.37,2023,3
5515,15,Alpine,321.36,27.54,36.92,30.54,2023,2
5520,9,Ferrari,340.03,31.58,30.82,24.02,2023,3
5527,20,AlphaTauri,292.02,31.69,37.93,27.21,2023,1
5533,15,Alpine,281.66,27.74,43.09,34.59,2023,7
5538,12,RedBull,326.71,28.81,40.82,27.18,2023,22
5539,8,Ferrari,308.96,36.29,39.27,26.73,2023,4
5541,13,Mercedes,328.82,28.05,44.03,22.58,2023,13
5546,8,Ferrari,317.13,28.87,33.01,34.5,2023,24
5551,9,Ferrari,320.65,39.69,36.24,34.49,2023,11
5552,1,RedBull,292.6,26.89,43.79,29.74,2023,19
5555,9,Ferrari,313.54,37.48,38.71,20.09,2023,14
5558,20,AlphaTauri,342.3,26.04,32.44,22.32,2023,8
5559,8,Ferrari,315.62,30.88,41.32,31.05,2023,4
5568,3,McLaren,329.54,34.99,44.88,25.25,2023,9
5575,2,AlphaTauri,307.41,38.86,32.55,29.8,2023,19
5578,4,Williams,296.19,35.39,38.7,23.46,2023,4
5579,13,Mercedes,339.73,29.1,34.7,24.79,2023,15
5580,13,Mercedes,307.3,29.43,41.5,27.03,2023,23
5583,16,RedBull,316.79,30.79,44.34,32.12,2023,9
5585,8,Ferrari,326.62,33.96,31.04,28.26,2023,3
5588,2,AlphaTauri,343.03,25.19,30.87,26.86,2023,18
5591,15,Alpine,335.83,28.4,35.19,25.15,2023,24
5594,5,Ferrari,294.58,31.38,37.93,29.46,2023,4
5597,4,Williams,280.24,27.62,31.36,31.15,2023,7
5599,6,Mercedes,293.77,37.89,41.61,30.85,2023,10
5600,2,AlphaTauri,316.8,34.82,38.69,21.67,2023,9
5604,13,Mercedes,315.77,28.58,34.42,21.41,2023,21
5608,18,Ferrari,312.23,35.24,42.28,21.7,2023,15
5610,9,Ferrari,344.51,31.14,38.2,29.38,2023,13
5611,6,Mercedes,331.31,35.4,35.75,31.35,2023,12
5616,17,McLaren,282.53,33.0,33.18,31.6,2023,2
5619,3,McLaren,307.25,25.33,44.54,22.8,2023,17
5621,7,Alpine,292.59,38.36,34.73,33.88,2023,23
5628,4,Williams,326.04,34.67,44.75,26.59,2023,12
5631,15,Alpine,312.35,29.52,33.53,28.39,2023,22
5635,14,Ferrari,306.11,39.61,39.41,32.99,2023,8
5640,12,RedBull,307.99,34.46,32.49,34.35,2023,17
5642,1,RedBull,305.72,25.81,41.99,24.32,2023,21
5644,13,Mercedes,316.29,38.89,34.65,32.31,2023,12
5647,12,RedBull,287.35,28.38,31.31,20.53,2023,21
5648,2,AlphaTauri,322.22,27.32,32.73,27.64,2023,11
5663,17,McLaren,324.39,35.78,32.79,21.65,2023,19
5665,9,Ferrari,341.3,32.49,31.1,27.67,2023,22
5672,13,Mercedes,316.97,30.5,31.36,31.9,2023,23
5673,5,Ferrari,282.08,37.99,44.05,23.82,2023,2
5681,18,Ferrari,321.8,25.19,41.28,21.48,2023,17
5685,4,Williams,323.83,39.62,34.4,22.01,2023,18
5686,9,Ferrari,287.38,26.21,39.65,25.43,2023,19
5687,16,RedBull,299.25,29.26,36.77,29.64,2023,23
5688,1,RedBull,334.56,33.45,43.11,22.47,2023,15
5689,18,Ferrari,299.43,29.3,32.77,26.01,2023,1
5690,16,RedBull,302.82,34.09,34.72,27.43,2023,19
5692,15,Alpine,315.77,37.98,36.78,33.9,2023,22
5694,12,RedBull,304.43,38.14,43.4,32.7,2023,3
5697,16,RedBull,301.15,33.12,44.45,26.44,2023,22
5700,8,Ferrari,331.8,33.67,31.45,24.97,2023,4
5702,15,Alpine,332.22,31.21,34.96,26.12,2023,18
5703,16,RedBull,335.16,28.92,40.4,31.59,2023,7
5705,5,Ferrari,280.02,27.99,39.18,26.65,2023,9
5709,11,Williams,325.5,39.08,37.54,28.85,2023,19
5711,16,RedBull,282.9,28.9,44.5,31.22,2023,23
5713,17,McLaren,319.56,31.75,44.16,24.1,2023,3
5714,18,Ferrari,304.93,27.17,40.68,32.87,2023,24
5715,3,McLaren,294.55,30.65,32.62,26.28,2023,13
5724,3,McLaren,311.59,35.88,33.03,27.77,2023,1
5729,7,Alpine,322.83,37.47,41.96,26.48,2023,20
5734,17,McLaren,318.27,32.98,32.66,28.43,2023,5
5736,11,Williams,307.08,29.29,38.03,25.61,2023,12
5741,17,McLaren,290.01,26.16,32.32,21.75,2023,14
5760,7,Alpine,295.45,37.61,40.98,21.9,2023,14
5761,9,Ferrari,301.93,31.71,37.05,22.91,2023,23
5763,17,McLaren,327.54,26.23,38.53,31.71,2023,4
5778,10,Alpine,307.59,32.65,39.81,22.38,2023,12
5783,7,Alpine,290.4,35.3,39.6,31.97,2023,4
5787,5,Ferrari,331.11,32.94,37.83,24.11,2023,7
5790,12,RedBull,315.21,31.56,37.42,32.81,2023,14
5792,20,AlphaTauri,324.67,38.43,39.32,27.74,2023,5
5795,10,Alpine,289.16,27.49,39.65,20.53,2023,8
5802,8,Ferrari,324.42,33.27,38.94,25.69,2023,8
5803,2,AlphaTauri,341.58,39.79,36.09,33.88,2023,2
5816,14,Ferrari,328.89,33.17,34.43,30.22,2023,21
5827,1,RedBull,335.76,30.89,35.34,25.83,2023,11
5831,9,Ferrari,294.12,32.58,44.03,31.68,2023,23
5832,14,Ferrari,286.32,37.07,32.78,23.97,2023,3
5833,1,RedBull,288.93,30.73,44.95,26.6,2023,12
5839,14,Ferrari,303.21,34.24,34.57,27.31,2023,2
5847,1,RedBull,323.86,25.9,36.13,21.63,2023,6
5848,15,Alpine,308.2,37.3,40.04,30.5,2023,19
5851,9,Ferrari,317.16,32.64,31.55,32.53,2023,7
5857,19,McLaren,288.78,26.83,37.29,21.37,2023,9
5860,19,McLaren,319.88,38.44,30.72,27.79,2023,6
5862,15,Alpine,320.3,26.17,33.54,26.46,2023,9
5865,13,Mercedes,288.25,26.93,39.49,21.18,2023,1
5867,10,Alpine,336.02,26.54,32.28,30.34,2023,21
5873,2,AlphaTauri,313.21,35.58,43.2,29.91,2023,14
5874,9,Ferrari,310.26,31.45,31.47,31.56,2023,22
5875,1,RedBull,291.43,37.43,40.32,22.35,2023,13
5878,2,AlphaTauri,289.09,30.9,36.76,32.86,2023,1
5882,9,Ferrari,344.53,32.25,41.02,22.94,2023,9
5886,3,McLaren,303.54,26.51,34.78,27.39,2023,2
5892,6,Mercedes,340.14,27.42,44.04,23.2,2023,19
5895,19,McLaren,343.81,34.41,38.35,27.65,2023,9
5896,12,RedBull,324.02,32.41,41.42,28.08,2023,1
5897,20,AlphaTauri,332.55,30.93,33.89,34.46,2023,4
5906,1,RedBull,298.22,39.11,36.16,30.85,2023,5
5907,13,Mercedes,290.07,34.59,44.49,24.13,2023,4
5908,18,Ferrari,305.19,35.98,39.99,27.89,2023,5
5928,3,McLaren,326.03,39.32,34.67,21.23,2023,24
5930,2,AlphaTauri,284.74,25.52,41.03,20.18,2023,17
5931,17,McLaren,295.16,33.3,39.23,33.74,2023,22
5932,4,Williams,298.82,29.9,31.04,26.5,2023,13
5934,15,Alpine,341.57,33.78,41.16,26.05,2023,3
5946,16,RedBull,289.42,32.6,36.06,27.47,2023,16
5950,15,Alpine,287.66,32.12,41.71,34.54,2023,5
5951,3,McLaren,317.2,35.73,33.77,27.15,2023,12
5958,7,Alpine,298.32,29.75,34.94,33.86,2023,9
5963,17,McLaren,292.45,38.96,42.34,32.59,2023,6
5966,12,RedBull,302.53,37.55,39.01,24.33,2023,14
5976,3,McLaren,289.48,37.22,43.94,26.43,2023,12
5983,4,Williams,309.68,27.42,40.17,20.26,2023,18
5986,5,Ferrari,313.1,38.21,38.44,24.3,2023,20
5988,3,McLaren,289.37,39.6,32.77,34.91,2023,8
5991,5,Ferrari,312.27,32.63,43.62,32.52,2023,3
5994,8,Ferrari,316.28,31.79,40.85,20.88,2023,14
6007,15,Alpine,314.24,28.94,41.91,33.64,2023,5
6016,4,Williams,288.94,33.25,41.86,32.26,2023,15
6017,19,McLaren,338.78,29.43,40.76,27.19,2023,6
6021,14,Ferrari,317.81,26.75,40.93,31.66,2023,10
6025,2,AlphaTauri,341.37,36.84,35.67,28.25,2023,21
6037,17,McLaren,311.98,34.65,32.76,27.78,2023,23
6040,3,McLaren,344.64,29.67,37.68,28.26,2023,3
6047,3,McLaren,285.02,39.43,42.83,20.47,2023,13
6051,16,RedBull,282.26,39.19,31.35,22.56,2023,15
6054,11,Williams,288.52,35.93,30.24,26.56,2023,17
6059,6,Mercedes,310.3,35.0,32.8,27.65,2023,13
6063,11,Williams,317.42,31.0,40.61,20.55,2023,10
6074,2,AlphaTauri,324.26,37.73,31.23,26.94,2023,14
6080,16,RedBull,299.54,34.82,37.24,34.89,2023,18
6081,19,McLaren,325.27,37.58,34.58,30.8,2023,15
6085,3,McLaren,289.6,26.96,31.8,28.32,2023,6
6086,20,AlphaTauri,291.38,31.8,37.38,21.07,2023,14
6088,13,Mercedes,344.99,25.75,31.95,20.2,2023,9
6089,1,RedBull,341.87,38.74,35.61,26.5,2023,11
6090,13,Mercedes,304.5,32.32,32.16,26.68,2023,19
6091,3,McLaren,323.32,36.89,33.33,28.87,2023,10
6095,11,Williams,296.59,30.52,38.88,33.95,2023,13
6096,3,McLaren,329.07,35.45,33.39,30.83,2023,7
6099,17,McLaren,327.62,33.61,35.34,34.84,2023,4
6101,16,RedBull,290.48,29.36,44.97,22.02,2023,23
6104,13,Mercedes,296.35,39.74,31.59,33.79,2023,15
6105,7,Alpine,298.1,30.86,42.56,21.92,2023,17
6114,13,Mercedes,343.64,32.14,32.97,22.88,2023,11
6115,10,Alpine,330.8,32.17,39.03,22.47,2023,8
6121,5,Ferrari,335.27,33.56,42.23,23.05,2023,7
6123,14,Ferrari,294.76,38.75,33.06,34.07,2023,24
6124,20,AlphaTauri,342.42,32.21,32.99,28.34,2023,15
6125,8,Ferrari,343.0,27.82,42.07,28.38,2023,3
6131,3,McLaren,314.15,39.54,34.29,28.83,2023,2
6134,17,McLaren,338.93,38.1,30.15,25.98,2023,19
6136,5,Ferrari,337.33,33.4,35.71,33.36,2023,6
6138,5,Ferrari,321.53,28.06,40.85,32.0,2023,8
6142,5,Ferrari,310.93,32.98,39.79,31.19,2023,12
6148,13,Mercedes,308.97,38.67,39.68,21.61,2023,9
6157,8,Ferrari,310.93,35.86,39.42,28.08,2023,1
6164,1,RedBull,289.08,37.03,44.3,28.93,2023,13
6168,17,McLaren,280.43,34.23,43.3,20.5,2023,11
6177,7,Alpine,321.39,28.17,43.27,25.77,2023,9
6187,10,Alpine,322.77,31.71,44.8,24.86,2023,22
6193,16,RedBull,311.21,28.41,34.28,26.17,2023,15
6197,4,Williams,306.84,32.68,37.17,22.27,2023,12
6198,6,Mercedes,334.86,30.95,36.15,27.62,2023,7
6200,20,AlphaTauri,318.64,27.53,44.35,34.04,2023,15
6202,7,Alpine,281.76,30.83,39.15,33.44,2023,8
6206,19,McLaren,283.42,27.01,30.12,29.98,2023,23
6210,5,Ferrari,309.0,38.52,37.46,27.79,2023,2
6211,15,Alpine,311.51,33.74,44.67,29.51,2023,12
6213,5,Ferrari,285.58,30.71,31.98,27.87,2023,23
6220,19,McLaren,341.82,31.46,39.54,33.93,2023,23
6223,19,McLaren,288.96,36.11,35.09,25.99,2023,15
6226,12,RedBull,318.26,35.58,42.36,20.8,2023,20
6234,13,Mercedes,310.39,26.0,38.24,28.46,2023,2
6235,13,Mercedes,296.12,27.43,31.73,24.3,2023,24
6238,12,RedBull,284.98,39.07,33.46,24.79,2023,20
6239,3,McLaren,323.35,26.18,37.16,24.83,2023,20
6245,9,Ferrari,316.14,35.39,38.3,20.98,2023,9
6246,2,AlphaTauri,318.12,26.03,44.68,24.46,2023,3
6250,11,Williams,305.39,35.69,37.84,29.24,2023,7
6251,5,Ferrari,281.66,32.28,40.32,24.4,2023,11
6259,14,Ferrari,343.37,30.3,32.76,31.44,2023,24
6262,7,Alpine,291.04,37.75,44.63,32.32,2023,2
6267,20,AlphaTauri,326.48,31.99,43.39,34.31,2023,3
6273,8,Ferrari,287.72,28.76,34.86,20.14,2023,9
6274,12,RedBull,312.14,27.16,30.03,29.68,2023,17
6277,7,Alpine,293.57,28.73,38.49,32.48,2023,17
6278,2,AlphaTauri,309.3,25.98,37.49,20.12,2023,2
6282,1,RedBull,303.96,29.84,41.79,33.72,2023,15
6284,13,Mercedes,281.96,35.64,39.69,34.5,2023,3
6286,5,Ferrari,342.16,39.33,42.37,24.14,2023,2
6289,11,Williams,324.99,34.77,44.1,23.73,2023,17
6294,13,Mercedes,295.82,36.75,40.74,31.17,2023,17
6296,16,RedBull,335.31,26.26,30.16,21.65,2023,24
6297,19,McLaren,283.93,35.81,32.72,25.33,2023,10
6305,11,Williams,303.61,32.02,36.49,26.65,2023,22
6307,7,Alpine,292.48,31.89,30.84,30.08,2023,21
6318,18,Ferrari,280.82,26.44,41.7,22.99,2023,2
6322,18,Ferrari,281.87,25.2,36.99,23.74,2023,23
6325,20,AlphaTauri,305.21,32.5,32.46,33.61,2023,12
6328,1,RedBull,327.87,29.37,44.24,27.51,2023,8
6333,19,McLaren,296.95,35.82,33.83,25.25,2023,12
6336,19,McLaren,334.91,28.56,34.07,21.71,2023,23
6338,5,Ferrari,310.6,34.85,30.11,24.69,2023,8
6341,17,McLaren,296.63,35.44,36.33,34.88,2023,8
6346,8,Ferrari,341.32,30.52,44.18,29.17,2023,2
6355,4,Williams,315.28,38.66,30.38,28.03,2023,16
6356,5,Ferrari,312.56,37.47,32.57,23.91,2023,7
6360,20,AlphaTauri,315.58,25.71,34.15,29.52,2023,5
6361,5,Ferrari,297.97,36.06,39.32,34.54,2023,8
6362,9,Ferrari,341.48,36.14,36.22,32.39,2023,19
6364,16,RedBull,309.97,26.51,33.29,21.91,2023,23
6368,9,Ferrari,293.22,29.13,41.53,29.04,2023,12
6369,5,Ferrari,341.39,32.73,32.95,33.98,2023,8
6371,16,RedBull,331.68,36.88,30.07,22.42,2023,13
6374,19,McLaren,292.08,25.58,44.97,25.09,2023,23
6376,5,Ferrari,332.18,26.06,40.4,23.43,2023,9
6377,19,McLaren,304.85,35.27,34.45,27.05,2023,17
6384,20,AlphaTauri,309.1,39.75,42.3,33.7,2023,14
6385,20,AlphaTauri,311.23,36.89,34.32,26.1,2023,3
6388,14,Ferrari,294.98,34.04,33.66,33.68,2023,21
6389,17,McLaren,336.7,25.68,44.56,33.03,2023,11
6392,6,Mercedes,305.09,31.4,40.76,25.93,2023,21
6394,17,McLaren,334.27,27.69,39.68,32.92,2023,5
6398,8,Ferrari,309.05,29.32,43.5,23.58,2023,3
6399,15,Alpine,342.79,27.28,39.73,29.27,2023,8
6401,8,Ferrari,298.94,26.7,32.93,34.49,2023,24
6405,19,McLaren,305.3,29.32,32.72,25.9,2023,1
6408,10,Alpine,324.47,32.12,42.08,28.86,2023,20
6416,4,Williams,287.11,30.51,37.44,23.27,2023,10
6418,14,Ferrari,318.45,39.65,42.5,34.4,2023,19
6420,18,Ferrari,329.42,35.02,35.84,24.13,2023,9
6428,2,AlphaTauri,340.8,34.46,36.42,33.49,2023,17
6431,8,Ferrari,302.64,29.8,43.87,21.71,2023,14
6433,1,RedBull,304.83,31.77,32.66,23.38,2023,16
6436,3,McLaren,315.68,29.76,34.09,24.81,2023,15
6443,6,Mercedes,282.49,34.83,38.15,20.93,2023,15
6445,2,AlphaTauri,316.55,30.92,36.39,33.12,2023,9
6452,20,AlphaTauri,306.81,34.6,31.51,34.03,2023,18
6454,17,McLaren,318.68,39.36,31.87,30.0,2023,9
6462,18,Ferrari,323.56,27.49,39.99,26.86,2023,16
6469,5,Ferrari,302.49,27.27,36.8,24.6,2023,18
6474,16,RedBull,301.03,31.63,39.2,23.0,2023,21
6478,8,Ferrari,321.09,32.0,38.07,24.6,2023,24
6479,17,McLaren,325.75,36.4,37.62,31.15,2023,13
6481,15,Alpine,330.88,32.15,35.27,32.94,2023,13
6484,8,Ferrari,311.14,38.04,43.19,29.82,2023,20
6491,5,Ferrari,315.73,37.64,39.27,26.74,2023,21
6493,19,McLaren,335.59,25.23,42.28,34.65,2023,5
6499,18,Ferrari,282.57,25.7,43.22,32.47,2023,18
6506,9,Ferrari,344.71,36.88,41.68,30.85,2023,22
6508,18,Ferrari,321.83,36.61,33.18,32.53,2023,14
6513,15,Alpine,339.51,34.77,40.55,26.42,2023,18
6515,17,McLaren,281.89,39.14,43.76,21.61,2023,4
6517,5,Ferrari,342.73,32.18,31.61,23.76,2023,10
6519,8,Ferrari,317.83,34.59,30.25,32.69,2023,1
6524,2,AlphaTauri,296.1,33.03,33.99,29.12,2023,14
6527,10,Alpine,284.5,35.06,44.24,34.39,2023,24
6539,3,McLaren,286.28,39.58,35.94,33.43,2023,24
6545,13,Mercedes,308.7,26.56,36.87,34.66,2023,11
6550,8,Ferrari,337.18,39.88,33.62,23.65,2023,14
6551,8,Ferrari,298.18,30.02,38.11,33.43,2023,15
6552,20,AlphaTauri,290.49,37.19,30.79,31.63,2023,20
6555,7,Alpine,340.26,31.79,38.59,23.52,2023,18
6558,7,Alpine,309.89,36.41,34.78,22.94,2023,12
6560,10,Alpine,341.97,38.15,43.62,24.13,2023,4
6563,11,Williams,289.05,35.21,31.86,30.95,2023,1
6564,20,AlphaTauri,339.87,26.28,38.47,22.86,2023,16
6565,5,Ferrari,330.57,28.04,41.0,25.94,2023,19
6571,16,RedBull,297.4,39.86,40.53,32.74,2023,22
6574,15,Alpine,305.48,35.22,32.43,22.1,2023,7
6578,19,McLaren,287.26,35.69,38.19,34.23,2023,4
6580,10,Alpine,326.6,32.94,44.74,30.57,2023,10
6583,2,AlphaTauri,339.99,38.03,39.43,21.3,2023,16
6585,1,RedBull,291.89,35.18,30.04,24.4,2023,14
6596,2,AlphaTauri,289.96,31.78,41.93,20.79,2023,7
6598,19,McLaren,334.06,26.0,32.65,23.9,2023,17
6601,6,Mercedes,286.48,32.1,38.74,28.9,2023,6
6602,13,Mercedes,295.53,28.63,43.69,28.49,2023,24
6608,15,Alpine,332.54,25.48,39.34,22.74,2023,1
6615,17,McLaren,288.51,38.56,42.58,26.98,2023,7
6617,7,Alpine,334.32,26.03,41.43,21.36,2023,21
6620,4,Williams,302.81,27.86,30.24,34.42,2023,24
6628,4,Williams,323.57,31.23,43.82,21.12,2023,20
6631,18,Ferrari,344.98,25.73,39.66,33.8,2023,11
6636,16,RedBull,297.58,25.03,38.8,25.94,2023,10
6637,17,McLaren,299.98,27.06,42.4,25.57,2023,12
6640,19,McLaren,342.78,28.88,39.13,29.07,2023,12
6642,6,Mercedes,325.58,25.43,30.28,27.74,2023,8
6644,5,Ferrari,292.6,30.49,31.89,28.47,2023,24
6645,6,Mercedes,310.01,29.34,35.89,28.69,2023,17
6646,11,Williams,342.86,33.14,38.52,34.68,2023,13
6649,13,Mercedes,286.49,28.89,33.9,25.33,2023,20
6655,14,Ferrari,316.09,30.14,38.92,20.76,2023,11
6662,18,Ferrari,332.5,39.77,41.38,27.9,2023,16
6670,14,Ferrari,302.24,30.94,33.18,27.36,2023,7
6694,16,RedBull,305.16,31.87,32.76,31.45,2023,20
6701,7,Alpine,317.72,28.44,40.39,33.47,2023,3
6702,14,Ferrari,317.61,25.49,30.93,34.92,2023,18
6706,4,Williams,290.76,35.01,30.38,23.33,2023,24
6708,9,Ferrari,286.52,33.88,31.44,32.87,2023,17
6709,10,Alpine,312.89,28.32,33.15,25.9,2023,17
6713,14,Ferrari,318.42,29.96,43.9,22.46,2023,22
6717,10,Alpine,320.94,39.03,34.31,30.89,2023,17
6723,18,Ferrari,318.29,28.5,41.73,31.19,2023,5
6727,13,Mercedes,315.02,38.76,34.37,34.28,2023,21
6730,12,RedBull,303.21,28.96,44.79,28.21,2023,13
6731,8,Ferrari,336.85,35.38,32.46,34.3,2023,18
6737,2,AlphaTauri,323.84,34.48,37.07,28.76,2023,24
6738,15,Alpine,292.01,36.05,39.88,31.23,2023,17
6740,16,RedBull,312.03,32.52,43.54,25.7,2023,11
6746,15,Alpine,342.37,38.59,35.77,33.29,2023,3
6747,13,Mercedes,290.05,26.17,36.1,32.82,2023,9
6752,8,Ferrari,315.07,36.4,42.41,23.5,2023,1
6759,14,Ferrari,286.38,27.26,33.24,25.21,2023,11
6761,7,Alpine,331.21,26.55,39.13,21.33,2023,24
6762,6,Mercedes,334.85,25.18,39.87,30.95,2023,17
6765,6,Mercedes,313.26,25.52,32.08,30.1,2023,19
6770,18,Ferrari,289.91,37.29,31.94,25.99,2023,18
6771,9,Ferrari,290.23,26.49,43.71,33.04,2023,23
6773,19,McLaren,302.34,29.96,30.72,24.35,2023,17
6782,14,Ferrari,280.32,28.12,35.42,32.16,2023,24
6795,2,AlphaTauri,321.78,31.69,37.17,25.34,2023,13
6796,18,Ferrari,327.35,34.7,43.26,27.76,2023,24
6808,17,McLaren,291.98,30.08,37.62,26.44,2023,1
6811,5,Ferrari,297.92,28.33,34.8,20.25,2023,17
6815,16,RedBull,298.49,29.45,43.55,28.03,2023,8
6822,5,Ferrari,306.66,29.68,35.85,23.6,2023,20
6823,2,AlphaTauri,313.63,38.17,37.59,34.58,2023,13
6824,20,AlphaTauri,318.68,28.43,44.53,30.49,2023,15
6831,2,AlphaTauri,303.96,27.64,33.38,23.69,2023,9
6836,5,Ferrari,316.52,33.61,34.64,22.32,2023,3
6839,2,AlphaTauri,322.39,27.12,40.16,30.28,2023,5
6843,16,RedBull,324.95,32.57,32.98,24.13,2023,16
6846,16,RedBull,331.36,38.99,41.46,29.63,2023,23
6848,6,Mercedes,343.55,36.29,30.32,24.12,2023,18
6850,12,RedBull,296.75,27.23,42.59,22.77,2023,22
6853,5,Ferrari,281.55,29.16,35.05,24.15,2023,15
6854,6,Mercedes,302.93,36.73,33.03,30.13,2023,22
6855,14,Ferrari,329.92,30.87,39.89,31.14,2023,2
6861,13,Mercedes,321.5,27.38,43.89,34.37,2023,7
6864,15,Alpine,306.47,32.07,34.96,22.42,2023,10
6866,12,RedBull,338.65,26.93,44.15,27.45,2023,15
6867,14,Ferrari,316.73,38.62,32.47,24.72,2023,8
6868,8,Ferrari,315.6,35.16,37.8,29.73,2023,22
6869,13,Mercedes,328.55,28.09,39.13,26.36,2023,20
6874,8,Ferrari,335.05,37.26,32.64,27.07,2023,8
6878,11,Williams,325.35,36.42,36.84,25.98,2023,21
6883,20,AlphaTauri,298.23,29.37,43.43,28.73,2023,14
6885,19,McLaren,283.25,28.16,41.39,21.28,2023,8
6892,11,Williams,328.46,31.34,38.82,28.6,2023,17
6893,3,McLaren,290.9,27.66,41.51,34.14,2023,15
6901,13,Mercedes,344.91,29.03,35.9,32.5,2023,23
6920,9,Ferrari,304.63,39.84,33.04,33.67,2023,16
6924,19,McLaren,321.74,28.79,38.78,33.83,2023,14
6931,9,Ferrari,308.86,35.21,42.32,20.49,2023,23
6937,10,Alpine,291.19,28.17,32.36,34.16,2023,13
6944,12,RedBull,288.66,26.51,38.01,20.94,2023,10
6945,8,Ferrari,297.39,33.91,44.07,34.17,2023,22
6946,5,Ferrari,325.05,32.67,42.76,25.17,2023,13
6949,15,Alpine,302.96,32.86,40.5,31.35,2023,6
6950,5,Ferrari,328.08,37.21,38.53,20.02,2023,10
6952,3,McLaren,311.73,34.17,41.7,24.09,2023,4
6958,20,AlphaTauri,332.17,29.25,37.26,33.95,2023,23
6960,1,RedBull,318.53,25.43,39.31,30.7,2023,15
6961,4,Williams,304.52,37.94,30.24,33.93,2023,8
6965,17,McLaren,301.47,26.34,43.03,22.16,2023,12
6966,18,Ferrari,310.49,28.7,43.5,30.11,2023,3
6970,12,RedBull,318.7,30.23,38.74,29.12,2023,22
6982,16,RedBull,294.83,29.6,37.88,26.77,2023,21
6983,18,Ferrari,295.15,32.39,36.24,30.76,2023,21
6984,4,Williams,286.64,29.68,33.33,22.17,2023,3
6987,17,McLaren,334.31,31.93,32.61,23.59,2023,20
6989,12,RedBull,283.6,30.38,43.75,29.68,2023,18
6990,16,RedBull,300.82,34.27,43.7,29.71,2023,3
6993,12,RedBull,288.29,38.81,39.96,29.99,2023,20
6997,16,RedBull,289.39,25.01,43.59,27.39,2023,19
7009,3,McLaren,289.66,27.68,36.51,20.96,2023,1
7010,3,McLaren,328.09,39.1,36.5,33.17,2023,16
7011,20,AlphaTauri,342.14,37.44,37.96,29.08,2023,20
7014,12,RedBull,304.94,29.25,39.6,22.63,2023,6
7020,2,AlphaTauri,324.41,27.32,34.23,30.23,2023,5
7021,15,Alpine,344.45,28.56,37.88,29.18,2023,17
7023,3,McLaren,335.21,31.32,35.91,29.99,2023,23
7024,12,RedBull,328.95,33.2,35.87,27.32,2023,6
7027,17,McLaren,323.14,28.54,42.72,32.47,2023,17
7029,12,RedBull,296.7,39.69,35.7,21.3,2023,16
7033,17,McLaren,283.89,32.8,33.01,34.23,2023,6
7036,13,Mercedes,303.09,30.51,32.52,31.79,2023,9
7038,2,AlphaTauri,301.77,26.39,38.47,31.99,2023,5
7043,1,RedBull,329.1,26.01,38.72,20.72,2023,21
7046,7,Alpine,304.74,29.41,30.59,34.78,2023,15
7047,12,RedBull,326.66,28.8,37.54,24.64,2023,15
7048,15,Alpine,312.91,29.57,38.12,30.72,2023,17
7057,9,Ferrari,343.3,29.44,39.02,23.42,2023,12
7062,13,Mercedes,325.02,31.44,43.52,30.06,2023,11
7073,10,Alpine,317.94,38.85,33.8,31.05,2023,1
7074,1,RedBull,343.43,37.25,39.75,20.29,2023,23
7075,20,AlphaTauri,282.6,28.29,42.19,34.9,2023,20
7081,5,Ferrari,337.7,31.83,44.18,32.63,2023,11
7085,13,Mercedes,293.96,29.37,38.69,32.24,2023,22
7095,7,Alpine,340.47,29.8,43.27,31.7,2023,22
7098,20,AlphaTauri,294.25,37.68,42.56,21.48,2023,16
7100,2,AlphaTauri,308.18,39.34,41.16,20.41,2023,13
7102,10,Alpine,322.77,31.82,35.79,33.82,2023,19
7107,17,McLaren,283.38,38.08,39.83,33.8,2023,24
7109,9,Ferrari,296.19,30.17,41.88,25.47,2023,2
7110,3,McLaren,295.95,30.03,41.15,33.48,2023,13
7115,3,McLaren,315.88,39.43,31.76,20.73,2023,10
7116,13,Mercedes,280.25,33.16,44.08,28.01,2023,13
7117,3,McLaren,289.48,27.67,31.89,27.37,2023,3
7118,17,McLaren,312.41,34.42,38.05,26.86,2023,6
7122,19,McLaren,316.16,38.33,36.48,32.35,2023,6
7127,5,Ferrari,340.87,25.4,30.45,25.89,2023,19
7137,18,Ferrari,294.92,28.19,34.03,26.93,2023,15
7139,18,Ferrari,337.91,28.78,32.48,28.83,2023,6
7141,7,Alpine,305.25,26.99,41.46,28.71,2023,6
7144,7,Alpine,303.05,34.08,33.4,26.99,2023,13
7147,8,Ferrari,340.29,28.67,31.03,33.19,2023,20
7166,1,RedBull,299.81,25.56,40.96,27.68,2023,7
7169,1,RedBull,305.21,33.21,41.78,32.04,2023,18
7170,15,Alpine,296.36,34.9,39.07,25.49,2023,17
7174,17,McLaren,290.57,25.63,36.1,30.88,2023,9
7187,17,McLaren,344.19,25.3,36.46,33.99,2023,24
7195,1,RedBull,307.17,30.19,35.83,31.1,2023,22
7197,6,Mercedes,308.64,28.83,43.86,28.65,2023,17
7204,17,McLaren,309.25,39.93,32.79,26.53,2023,7
7214,14,Ferrari,316.56,37.61,33.44,25.81,2023,4
7215,4,Williams,319.16,31.66,30.02,29.27,2023,24
7216,12,RedBull,314.44,28.79,32.79,26.36,2023,2
7217,3,McLaren,343.86,26.73,38.1,25.45,2023,13
7220,2,AlphaTauri,294.7,39.47,32.19,34.51,2023,18
7222,14,Ferrari,329.81,35.08,38.82,27.06,2023,16
7223,15,Alpine,335.28,37.09,39.7,24.64,2023,11
7227,6,Mercedes,296.54,37.35,30.37,29.48,2023,24
7228,7,Alpine,327.78,31.98,36.42,27.84,2023,23
7234,17,McLaren,341.77,37.18,31.66,25.41,2023,13
7237,5,Ferrari,290.01,39.96,38.31,28.82,2023,8
7241,7,Alpine,290.07,32.66,36.0,34.42,2023,8
7248,20,AlphaTauri,341.71,35.34,31.58,32.26,2023,21
7251,4,Williams,304.94,32.93,36.16,27.66,2023,13
7269,18,Ferrari,299.82,34.29,37.87,24.05,2023,4
7271,15,Alpine,284.34,28.55,31.29,29.97,2023,9
7272,20,AlphaTauri,305.46,26.29,41.43,24.34,2023,5
7274,15,Alpine,319.53,25.42,34.57,29.32,2023,7
7291,19,McLaren,314.63,26.62,32.96,30.92,2023,5
7293,18,Ferrari,333.45,35.6,33.71,24.08,2023,8
7296,13,Mercedes,316.52,31.85,39.55,22.81,2023,5
7302,2,AlphaTauri,310.01,28.98,43.28,30.52,2023,17
7303,16,RedBull,327.15,31.25,40.52,28.43,2023,21
7304,7,Alpine,339.61,25.66,33.18,20.72,2023,8
7310,15,Alpine,280.45,36.98,38.11,22.2,2023,24
7321,11,Williams,312.09,29.35,43.55,29.95,2023,20
7324,8,Ferrari,326.95,26.2,39.15,22.31,2023,6
7327,12,RedBull,322.36,37.81,41.86,24.21,2023,10
7331,13,Mercedes,316.33,32.49,35.96,22.88,2023,24
7336,19,McLaren,328.47,38.42,39.55,30.75,2023,22
7343,20,AlphaTauri,285.94,31.78,44.41,30.43,2023,6
7344,19,McLaren,297.36,29.54,38.01,21.11,2023,24
7345,12,RedBull,344.1,25.84,39.23,27.04,2023,6
7346,3,McLaren,310.8,33.88,34.02,21.16,2023,10
7350,10,Alpine,302.3,38.09,36.59,31.91,2023,21
7353,17,McLaren,308.23,39.99,37.14,21.11,2023,6
7355,15,Alpine,294.38,31.34,41.72,34.9,2023,7
7356,5,Ferrari,332.99,25.9,44.41,29.1,2023,5
7360,2,AlphaTauri,309.58,32.62,34.63,31.27,2023,7
7361,4,Williams,300.02,33.83,41.23,20.54,2023,6
7363,10,Alpine,315.81,32.51,30.14,21.43,2023,2
7364,9,Ferrari,313.61,28.94,40.52,21.09,2023,2
7368,3,McLaren,344.03,28.73,43.84,28.84,2023,8
7369,8,Ferrari,284.97,30.39,30.15,20.74,2023,22
7373,14,Ferrari,323.35,26.39,31.33,25.48,2023,8
7383,4,Williams,344.1,34.6,43.3,32.0,2023,17
7387,6,Mercedes,315.08,35.1,38.39,33.63,2023,15
7396,7,Alpine,325.02,28.7,41.32,34.52,2023,1
7397,8,Ferrari,341.4,34.28,44.2,22.95,2023,4
7400,2,AlphaTauri,296.12,32.84,38.9,25.37,2023,11
7413,14,Ferrari,301.34,32.01,30.56,27.31,2023,7
7426,20,AlphaTauri,304.31,37.05,31.54,25.74,2023,9
7434,4,Williams,343.18,25.61,43.96,34.15,2023,21
7436,1,RedBull,324.35,36.77,33.47,33.15,2023,21
7440,11,Williams,307.67,38.33,41.13,34.16,2023,21
7453,12,RedBull,291.37,38.44,37.94,26.62,2023,7
7458,19,McLaren,316.42,35.61,43.48,34.16,2023,4
7459,13,Mercedes,323.03,25.46,40.02,33.59,2023,8
7462,18,Ferrari,338.14,32.43,33.1,25.01,2023,6
7463,5,Ferrari,331.81,32.57,33.06,26.98,2023,8
7471,14,Ferrari,319.96,32.46,39.24,20.83,2023,16
7472,9,Ferrari,314.22,34.28,39.04,33.61,2023,4
7473,12,RedBull,288.82,39.27,40.71,29.2,2023,9
7474,1,RedBull,323.12,29.0,41.74,33.55,2023,14
7477,19,McLaren,280.77,34.52,31.81,20.03,2023,16
7480,5,Ferrari,332.93,27.07,44.09,34.2,2023,1
7481,19,McLaren,293.69,25.94,44.57,26.6,2023,14
7482,5,Ferrari,296.31,30.22,31.5,20.99,2023,11
7487,20,AlphaTauri,343.15,30.64,40.33,20.63,2023,10
7489,12,RedBull,305.29,28.06,37.26,22.44,2023,2
7490,1,RedBull,326.63,33.66,36.88,31.08,2023,15
7495,7,Alpine,342.69,38.35,33.97,20.0,2023,5
7501,18,Ferrari,335.07,34.0,32.08,25.72,2023,16
7505,17,McLaren,284.72,30.0,35.49,22.1,2023,18
7506,6,Mercedes,303.17,28.34,39.35,27.91,2023,6
7509,14,Ferrari,327.62,38.78,31.45,33.1,2023,10
7510,6,Mercedes,306.93,25.31,36.64,29.92,2023,13
7512,12,RedBull,320.89,33.86,30.08,20.71,2023,17
7515,14,Ferrari,322.84,36.09,36.93,30.87,2023,4
7526,1,RedBull,282.07,31.48,43.29,23.65,2023,13
7528,18,Ferrari,285.83,28.65,36.14,30.57,2023,21
7535,7,Alpine,341.12,37.16,38.17,28.74,2023,5
7540,4,Williams,308.52,39.63,37.86,25.63,2023,18
7543,14,Ferrari,280.93,29.98,38.87,27.26,2023,12
7550,19,McLaren,293.77,30.12,39.48,25.64,2023,12
7557,4,Williams,283.28,28.71,31.33,26.5,2023,6
7558,4,Williams,323.34,31.03,43.48,32.35,2023,13
7560,10,Alpine,283.53,32.89,31.68,22.99,2023,17
7564,10,Alpine,326.57,38.45,34.43,24.48,2023,11
7567,8,Ferrari,298.17,33.96,37.06,23.85,2023,18
7574,13,Mercedes,298.8,29.82,42.17,33.22,2023,23
7588,19,McLaren,297.24,33.78,33.42,34.53,2023,5
7589,9,Ferrari,297.28,32.69,34.78,33.41,2023,8
7591,7,Alpine,320.21,37.66,32.63,29.14,2023,17
7593,16,RedBull,289.94,37.08,34.04,28.38,2023,4
7595,2,AlphaTauri,299.76,29.51,42.66,24.36,2023,2
7603,15,Alpine,338.86,30.18,30.78,22.48,2023,10
7607,4,Williams,330.94,26.18,40.29,22.73,2023,23
7619,19,McLaren,337.82,26.85,42.46,31.48,2023,3
7620,15,Alpine,312.28,33.84,38.32,33.53,2023,23
7621,16,RedBull,314.72,29.84,41.36,28.82,2023,20
7622,17,McLaren,335.97,31.11,41.1,33.96,2023,7
7626,1,RedBull,336.71,31.47,44.81,31.75,2023,19
7633,13,Mercedes,298.28,26.44,31.26,26.65,2023,15
7635,6,Mercedes,327.69,27.51,32.18,31.06,2023,19
7641,9,Ferrari,319.65,36.74,41.73,31.23,2023,13
7642,12,RedBull,309.74,32.94,38.28,31.66,2023,18
7651,10,Alpine,339.8,29.27,37.9,20.78,2023,17
7653,16,RedBull,337.35,35.89,41.27,25.6,2023,17
7655,20,AlphaTauri,300.5,25.5,33.39,24.99,2023,6
7658,18,Ferrari,291.14,36.29,31.12,22.24,2023,18
7665,14,Ferrari,288.29,33.95,39.04,30.21,2023,10
7676,1,RedBull,299.53,28.49,31.15,31.83,2023,21
7677,13,Mercedes,295.92,31.19,43.09,26.2,2023,21
7681,3,McLaren,319.23,35.91,33.73,21.45,2023,19
7682,8,Ferrari,297.7,30.12,44.61,29.61,2023,20
7684,12,RedBull,289.47,36.7,36.42,26.16,2023,3
7687,9,Ferrari,330.05,27.08,31.62,30.02,2023,11
7688,19,McLaren,290.03,25.49,33.26,32.52,2023,8
7703,10,Alpine,311.36,32.3,44.61,24.48,2023,17
7706,11,Williams,335.07,39.83,36.34,34.72,2023,10
7707,5,Ferrari,287.92,35.54,31.34,24.85,2023,20
7713,2,AlphaTauri,332.28,33.89,43.15,28.4,2023,16
7715,6,Mercedes,285.72,28.87,37.42,29.65,2023,7
7719,1,RedBull,291.43,33.46,34.18,30.98,2023,4
7720,19,McLaren,299.17,31.95,38.22,27.92,2023,2
7722,14,Ferrari,321.97,35.59,39.27,31.42,2023,17
7726,9,Ferrari,321.39,34.18,40.2,31.1,2023,24
7739,15,Alpine,323.52,34.15,42.65,21.79,2023,18
7744,3,McLaren,281.89,31.51,36.13,20.24,2023,11
7746,11,Williams,287.06,29.75,39.97,29.68,2023,18
7751,16,RedBull,297.63,31.65,34.12,25.16,2023,19
7753,3,McLaren,308.46,26.96,39.05,29.89,2023,9
7757,4,Williams,330.2,36.49,41.4,22.72,2023,24
7760,14,Ferrari,296.91,28.01,32.49,22.44,2023,3
7762,18,Ferrari,334.3,32.82,34.34,26.38,2023,17
7764,1,RedBull,337.29,26.04,33.3,21.36,2023,4
7769,8,Ferrari,318.63,33.8,36.06,26.45,2023,8
7776,3,McLaren,318.13,32.83,34.27,28.96,2023,24
7777,6,Mercedes,288.35,32.6,30.32,22.43,2023,2
7779,6,Mercedes,331.63,39.49,43.67,23.6,2023,2
7783,19,McLaren,306.4,30.88,41.68,34.02,2023,23
7784,7,Alpine,304.87,38.62,40.91,21.03,2023,17
7790,5,Ferrari,336.15,28.52,35.35,33.11,2023,16
7792,3,McLaren,285.26,37.5,41.66,32.97,2023,11
7797,8,Ferrari,318.5,35.44,32.06,34.27,2023,20
7802,9,Ferrari,303.46,31.79,41.87,33.84,2023,19
7804,1,RedBull,285.38,36.03,38.89,32.95,2023,2
7810,13,Mercedes,284.12,32.57,34.98,22.92,2023,11
7814,3,McLaren,291.08,35.14,41.38,26.17,2023,6
7815,10,Alpine,337.99,33.74,42.82,34.97,2023,18
7816,8,Ferrari,336.82,39.2,36.51,22.05,2023,6
7819,1,RedBull,341.95,31.83,35.07,34.47,2023,5
7823,14,Ferrari,343.87,39.15,35.61,25.07,2023,16
7824,13,Mercedes,313.22,32.79,37.59,32.78,2023,22
7832,3,McLaren,328.36,37.78,30.19,25.67,2023,7
7835,8,Ferrari,317.18,32.41,34.04,33.62,2023,20
7837,6,Mercedes,288.03,38.21,38.33,22.9,2023,3
7840,3,McLaren,281.31,39.94,43.25,29.8,2023,21
7855,9,Ferrari,329.64,32.45,38.58,26.98,2023,24
7863,7,Alpine,330.34,30.31,36.07,28.78,2023,14
7867,7,Alpine,325.93,30.68,39.24,32.88,2023,17
7872,2,AlphaTauri,305.0,27.77,36.56,33.44,2023,20
7874,4,Williams,340.74,36.93,34.05,24.48,2023,8
7877,5,Ferrari,304.31,29.33,34.78,23.47,2023,15
7880,6,Mercedes,289.23,33.22,35.78,28.2,2023,5
7883,13,Mercedes,321.36,35.47,30.36,21.53,2023,22
7889,14,Ferrari,340.46,34.17,33.52,23.08,2023,11
7891,19,McLaren,321.66,25.28,33.14,25.94,2023,1
7897,18,Ferrari,313.66,26.67,43.01,22.2,2023,14
7903,6,Mercedes,303.06,26.44,34.98,34.31,2023,2
7905,7,Alpine,340.31,35.66,34.58,29.67,2023,2
7907,4,Williams,318.81,28.85,33.86,34.16,2023,16
7908,8,Ferrari,320.99,33.53,32.25,26.59,2023,19
7914,20,AlphaTauri,340.66,35.2,37.1,26.84,2023,14
7920,11,Williams,327.11,27.52,44.22,20.39,2023,1
7923,17,McLaren,306.21,32.74,33.17,29.95,2023,4
7934,19,McLaren,310.0,38.61,30.94,27.71,2023,8
7937,17,McLaren,335.63,27.3,41.21,34.57,2023,18
7942,10,Alpine,316.17,31.37,37.46,28.39,2023,13
7947,10,Alpine,326.98,36.15,37.39,28.58,2023,10
7948,4,Williams,297.27,25.56,32.09,32.07,2023,13
7949,14,Ferrari,290.19,25.67,39.61,25.67,2023,21
7951,3,McLaren,322.96,26.34,38.61,25.42,2023,6
7959,4,Williams,336.24,26.37,42.12,21.69,2023,11
7960,11,Williams,305.68,37.13,40.84,29.64,2023,21
7963,9,Ferrari,290.8,33.64,36.65,31.68,2023,19
7967,12,RedBull,304.54,34.28,34.08,21.13,2023,5
7972,18,Ferrari,296.59,37.84,39.1,23.86,2023,20
7973,17,McLaren,283.09,34.74,35.41,25.86,2023,15
7974,1,RedBull,283.07,36.56,32.71,25.31,2023,21
7989,11,Williams,327.82,30.78,41.76,27.52,2023,3
7994,10,Alpine,319.06,38.85,42.98,31.4,2023,23
8000,16,RedBull,339.51,39.83,31.39,26.82,2023,17
8006,5,Ferrari,316.2,25.26,40.75,26.17,2023,21
8016,6,Mercedes,326.16,28.63,30.36,21.92,2023,8
8017,16,RedBull,306.3,25.81,30.24,24.08,2023,1
8019,11,Williams,335.71,30.42,33.2,31.82,2023,20
8021,9,Ferrari,288.34,35.6,36.23,26.19,2023,15
8026,13,Mercedes,342.73,36.11,36.88,22.67,2023,18
8030,12,RedBull,283.66,30.81,34.42,34.3,2023,4
8036,17,McLaren,304.22,27.69,42.36,27.2,2023,24
8037,18,Ferrari,332.32,37.0,36.32,21.96,2023,9
8040,19,McLaren,302.59,32.21,39.47,33.99,2023,22
8041,3,McLaren,321.56,29.79,37.71,21.75,2023,11
8049,10,Alpine,323.08,39.79,42.08,25.26,2023,11
8054,5,Ferrari,330.7,33.6,39.67,27.25,2023,12
8063,4,Williams,311.65,31.88,36.3,28.95,2023,2
8065,5,Ferrari,317.7,30.47,33.66,34.92,2023,13
8066,14,Ferrari,338.01,37.8,34.08,33.98,2023,11
8069,10,Alpine,323.3,25.21,36.36,34.26,2023,7
8072,16,RedBull,290.41,34.03,36.51,20.55,2023,12
8073,11,Williams,290.38,26.54,32.46,25.22,2023,24
8074,10,Alpine,290.19,25.09,35.19,24.69,2023,21
8075,6,Mercedes,329.46,39.34,39.64,20.37,2023,22
8078,5,Ferrari,307.76,30.16,40.98,24.72,2023,4
8080,4,Williams,338.26,37.95,42.2,33.84,2023,12
8088,3,McLaren,340.74,27.74,38.62,34.04,2023,10
8090,14,Ferrari,296.15,39.79,43.64,24.34,2023,22
8096,20,AlphaTauri,295.74,39.81,43.39,31.49,2023,24
8101,9,Ferrari,327.85,32.95,44.76,28.99,2023,23
8106,14,Ferrari,329.76,37.67,42.98,22.56,2023,14
8114,1,RedBull,291.72,35.51,41.43,22.36,2023,5
8119,9,Ferrari,293.0,33.48,36.93,20.91,2023,8
8120,19,McLaren,338.17,38.34,40.22,27.54,2023,22
8122,15,Alpine,293.56,32.18,39.44,34.91,2023,17
8123,11,Williams,304.77,33.32,33.27,32.67,2023,8
8130,20,AlphaTauri,299.45,35.76,40.66,21.06,2023,14
8133,11,Williams,282.81,37.66,34.21,21.47,2023,4
8135,17,McLaren,336.19,34.66,35.47,24.36,2023,9
8136,10,Alpine,336.87,25.92,39.69,31.72,2023,10
8144,16,RedBull,334.4,36.99,41.65,31.38,2023,13
8146,12,RedBull,285.19,30.14,31.93,26.79,2023,2
8148,3,McLaren,334.76,29.3,36.06,23.58,2023,21
8152,7,Alpine,328.73,26.2,44.91,26.23,2023,21
8154,9,Ferrari,316.06,34.89,42.59,22.04,2023,13
8160,10,Alpine,318.04,32.62,42.24,23.66,2023,17
8166,5,Ferrari,297.1,28.32,44.24,34.79,2023,22
8167,11,Williams,308.08,33.4,34.24,30.92,2023,20
8169,8,Ferrari,326.04,33.62,39.73,24.7,2023,1
8177,7,Alpine,316.98,37.48,43.96,27.19,2023,21
8178,10,Alpine,324.35,29.12,40.01,32.22,2023,11
8181,18,Ferrari,313.67,29.88,38.74,24.56,2023,8
8182,17,McLaren,306.16,38.09,39.46,21.32,2023,5
8184,18,Ferrari,339.37,29.7,35.45,33.31,2023,21
8194,10,Alpine,340.24,35.88,39.85,26.19,2023,13
8197,9,Ferrari,280.99,26.28,40.8,30.76,2023,13
8201,20,AlphaTauri,296.96,33.46,37.82,27.62,2023,11
8206,20,AlphaTauri,333.39,30.3,35.67,20.11,2023,21
8208,1,RedBull,281.37,32.12,39.38,30.48,2023,8
8214,7,Alpine,284.25,38.77,30.66,20.86,2023,12
8216,12,RedBull,332.16,39.33,36.9,23.71,2023,24
8222,14,Ferrari,324.25,36.46,44.47,33.47,2023,12
8224,20,AlphaTauri,325.65,28.16,37.11,31.82,2023,18
8226,9,Ferrari,327.87,39.79,38.03,34.17,2023,4
8227,5,Ferrari,283.45,30.52,37.07,21.1,2023,10
8228,8,Ferrari,331.59,38.45,37.84,22.24,2023,5
8230,13,Mercedes,325.44,25.59,44.46,30.71,2023,19
8232,4,Williams,310.01,29.37,35.36,33.16,2023,21
8233,19,McLaren,320.84,32.33,41.53,26.76,2023,22
8234,3,McLaren,307.61,33.32,39.52,27.73,2023,16
8236,18,Ferrari,292.87,25.28,40.76,33.69,2023,8
8240,15,Alpine,337.87,37.74,34.24,24.39,2023,17
8242,11,Williams,335.21,29.42,30.58,29.37,2023,8
8246,1,RedBull,308.8,28.6,40.5,23.96,2023,20
8247,12,RedBull,335.4,36.15,38.28,24.63,2023,8
8254,7,Alpine,284.25,25.25,37.59,27.54,2023,2
8261,7,Alpine,304.31,30.12,39.43,32.36,2023,6
8265,20,AlphaTauri,284.49,25.85,41.74,30.16,2023,9
8270,1,RedBull,327.87,37.16,37.93,25.56,2023,7
8273,17,McLaren,319.23,26.68,30.25,24.64,2023,13
8279,2,AlphaTauri,328.6,36.62,40.16,34.94,2023,15
8280,8,Ferrari,343.03,37.18,35.84,20.79,2023,4
8293,3,McLaren,337.27,37.8,35.16,28.64,2023,2
8302,3,McLaren,327.16,26.27,32.62,30.11,2023,12
8303,19,McLaren,324.81,25.44,44.86,29.18,2023,6
8306,1,RedBull,295.56,34.09,43.38,34.24,2023,10
8310,15,Alpine,288.33,37.09,39.35,24.29,2023,20
8319,13,Mercedes,291.09,27.55,34.54,33.74,2023,5
8320,10,Alpine,311.96,30.64,30.09,32.64,2023,12
8323,8,Ferrari,335.83,27.42,34.11,25.11,2023,12
8326,5,Ferrari,292.37,30.55,31.75,29.57,2023,15
8331,13,Mercedes,344.1,28.56,35.57,22.3,2023,19
8336,14,Ferrari,309.37,28.86,39.43,21.23,2023,4
8338,8,Ferrari,281.14,32.55,36.06,32.72,2023,20
8344,18,Ferrari,308.02,35.22,41.68,32.0,2023,9
8348,5,Ferrari,325.39,39.2,35.23,27.32,2023,8
8356,17,McLaren,335.43,33.18,37.92,22.11,2023,4
8360,14,Ferrari,304.06,39.63,44.84,22.35,2023,17
8361,8,Ferrari,339.87,33.5,38.92,34.35,2023,13
8363,5,Ferrari,321.91,32.43,30.55,20.28,2023,10
8366,13,Mercedes,308.27,34.87,43.91,31.81,2023,1
8371,8,Ferrari,283.09,31.34,39.88,24.62,2023,22
8372,15,Alpine,313.88,36.97,40.34,23.36,2023,18
8373,3,McLaren,327.4,31.47,42.88,21.64,2023,4
8374,2,AlphaTauri,322.72,28.37,33.84,26.61,2023,6
8377,8,Ferrari,318.67,32.46,40.24,23.21,2023,14
8379,1,RedBull,336.56,37.78,38.5,20.86,2023,9
8383,13,Mercedes,326.66,29.66,38.12,21.11,2023,12
8384,10,Alpine,320.57,29.35,35.39,22.78,2023,20
8385,5,Ferrari,337.63,31.19,33.55,25.32,2023,12
8386,19,McLaren,292.1,37.45,35.32,34.04,2023,13
8387,13,Mercedes,282.36,36.23,34.53,25.88,2023,19
8391,15,Alpine,312.88,36.47,36.82,29.78,2023,19
8403,13,Mercedes,282.76,34.63,35.36,27.14,2023,13
8404,4,Williams,287.81,36.74,44.42,26.75,2023,15
8414,8,Ferrari,334.16,35.23,38.51,33.96,2023,1
8422,5,Ferrari,304.65,36.83,40.53,32.99,2023,21
8427,1,RedBull,333.04,26.85,42.73,25.28,2023,8
8432,17,McLaren,297.94,36.1,33.58,24.29,2023,2
8434,16,RedBull,284.77,34.12,30.86,33.07,2023,12
8441,4,Williams,332.31,38.55,37.41,34.0,2023,13
8442,8,Ferrari,323.88,39.8,44.61,30.86,2023,10
8448,4,Williams,326.2,37.39,30.05,27.27,2023,16
8449,6,Mercedes,292.72,30.07,30.4,31.45,2023,20
8450,5,Ferrari,291.61,38.84,32.45,29.2,2023,13
8453,3,McLaren,292.94,28.66,31.52,33.3,2023,3
8457,10,Alpine,330.72,31.4,30.11,26.0,2023,15
8458,18,Ferrari,301.49,30.2,38.16,20.99,2023,8
8462,7,Alpine,299.86,25.7,32.41,31.59,2023,14
8467,8,Ferrari,294.56,35.78,34.15,30.15,2023,11
8471,20,AlphaTauri,317.1,31.77,43.73,20.16,2023,13
8475,11,Williams,298.27,27.24,41.95,26.05,2023,10
8477,9,Ferrari,310.07,31.13,35.72,33.63,2023,7
8482,18,Ferrari,337.3,26.94,40.69,34.84,2023,21
8484,3,McLaren,331.67,28.51,34.85,24.09,2023,10
8485,9,Ferrari,331.0,32.94,41.58,23.72,2023,19
8486,3,McLaren,321.8,26.31,35.31,23.88,2023,7
8494,14,Ferrari,338.66,34.84,38.3,22.8,2023,1
8498,15,Alpine,337.68,32.14,36.83,33.57,2023,10
8499,13,Mercedes,317.78,31.06,35.06,31.23,2023,22
8500,10,Alpine,285.9,25.7,38.44,33.84,2023,11
8503,1,RedBull,303.3,37.07,40.67,31.5,2023,8
8514,9,Ferrari,316.35,37.89,42.81,34.46,2023,10
8517,3,McLaren,322.6,39.73,39.62,33.36,2023,5
8519,20,AlphaTauri,280.4,35.31,40.86,31.83,2023,1
8521,17,McLaren,313.5,36.58,35.8,29.33,2023,23
8522,3,McLaren,296.95,34.82,33.4,31.32,2023,1
8523,5,Ferrari,320.53,37.62,36.71,27.99,2023,4
8524,16,RedBull,280.03,32.67,43.42,26.44,2023,15
8529,12,RedBull,307.4,28.18,37.23,33.43,2023,12
8540,6,Mercedes,307.4,33.34,43.84,27.99,2023,22
8546,10,Alpine,297.11,26.86,36.7,34.33,2023,3
8550,3,McLaren,294.1,27.03,39.5,32.86,2023,7
8551,20,AlphaTauri,288.54,27.39,40.08,23.12,2023,20
8557,4,Williams,332.82,32.08,42.71,25.67,2023,18
8560,20,AlphaTauri,342.13,35.77,33.42,27.37,2023,5
8563,1,RedBull,285.64,31.67,33.7,20.49,2023,7
8566,4,Williams,324.94,34.61,30.23,25.1,2023,23
8568,13,Mercedes,292.43,38.26,34.67,20.72,2023,23
8571,11,Williams,335.69,31.08,33.45,23.25,2023,20
8572,4,Williams,331.49,33.56,38.18,31.64,2023,19
8590,10,Alpine,329.39,37.42,32.93,33.36,2023,19
8599,8,Ferrari,337.86,34.4,32.82,22.47,2023,10
8600,6,Mercedes,289.42,27.83,36.76,26.93,2023,4
8601,16,RedBull,302.64,26.11,34.45,20.36,2023,16
8604,8,Ferrari,315.99,38.62,41.56,33.78,2023,24
8616,12,RedBull,317.28,26.06,43.96,29.39,2023,11
8618,17,McLaren,280.21,39.29,40.31,33.59,2023,9
8625,8,Ferrari,309.67,35.89,42.99,24.39,2023,14
8626,10,Alpine,298.87,30.3,30.12,31.27,2023,4
8633,1,RedBull,323.27,32.58,43.26,33.74,2023,19
8635,14,Ferrari,304.44,27.69,43.57,26.61,2023,2
8638,1,RedBull,287.22,36.97,36.35,26.51,2023,16
8639,18,Ferrari,296.0,34.51,41.25,21.65,2023,8
8642,1,RedBull,322.48,38.17,40.33,34.27,2023,2
8646,20,AlphaTauri,326.41,38.02,39.21,26.87,2023,13
8647,17,McLaren,329.77,38.19,39.88,24.34,2023,6
8654,14,Ferrari,341.57,26.36,30.14,24.94,2023,4
8656,3,McLaren,291.66,28.23,43.79,29.26,2023,14
8659,18,Ferrari,298.45,31.29,41.88,30.37,2023,11
8661,7,Alpine,295.3,28.42,34.67,23.69,2023,10
8665,19,McLaren,318.55,37.76,33.58,23.97,2023,11
8666,16,RedBull,299.46,36.35,33.28,22.54,2023,8
8669,5,Ferrari,340.96,31.52,39.45,30.3,2023,19
8671,17,McLaren,310.12,29.49,41.8,31.82,2023,15
8678,11,Williams,308.33,25.78,42.16,23.21,2023,8
8681,7,Alpine,311.09,32.34,33.46,32.38,2023,1
8688,9,Ferrari,300.43,37.24,30.71,34.75,2023,18
8693,13,Mercedes,310.82,31.24,33.68,33.22,2023,15
8695,10,Alpine,287.19,37.15,42.26,20.39,2023,19
8698,5,Ferrari,324.29,29.87,32.39,29.09,2023,20
8704,6,Mercedes,309.16,33.72,38.14,34.05,2023,21
8711,6,Mercedes,310.68,34.64,40.63,20.79,2023,24
8713,10,Alpine,325.03,26.46,33.42,30.84,2023,6
8720,11,Williams,319.86,39.32,36.84,20.63,2023,15
8722,9,Ferrari,333.77,31.22,37.01,23.9,2023,20
8725,4,Williams,306.8,32.08,42.66,26.45,2023,4
8727,11,Williams,290.6,38.13,31.67,23.7,2023,14
8730,9,Ferrari,291.17,26.54,37.49,21.44,2023,21
8731,6,Mercedes,344.0,31.37,35.99,21.27,2023,24
8739,3,McLaren,329.83,36.91,33.59,27.27,2023,15
8747,14,Ferrari,318.97,38.04,32.77,29.15,2023,23
8749,3,McLaren,301.43,35.36,33.94,34.75,2023,7
8754,5,Ferrari,293.27,39.49,34.86,22.15,2023,2
8763,13,Mercedes,323.07,31.52,39.75,32.22,2023,13
8773,19,McLaren,297.15,26.94,37.18,29.92,2023,4
8776,12,RedBull,328.62,36.38,36.6,33.71,2023,12
8778,4,Williams,326.65,33.21,44.0,22.74,2023,24
8780,6,Mercedes,331.13,29.41,35.87,33.9,2023,21
8790,12,RedBull,318.55,39.75,40.09,32.59,2023,16
8791,5,Ferrari,338.53,25.13,38.42,24.29,2023,5
8792,7,Alpine,312.64,38.89,39.07,25.81,2023,11
8806,5,Ferrari,321.5,27.89,30.46,20.69,2023,7
8810,6,Mercedes,344.17,38.25,33.5,30.2,2023,7
8816,11,Williams,305.13,33.19,38.37,25.51,2023,10
8821,4,Williams,312.49,28.43,44.64,33.43,2023,18
8824,19,McLaren,299.26,33.95,39.98,24.69,2023,20
8829,12,RedBull,307.63,33.7,43.06,22.32,2023,15
8830,13,Mercedes,284.51,33.99,41.2,31.32,2023,12
8833,4,Williams,308.57,32.02,34.46,24.64,2023,16
8841,19,McLaren,342.1,25.51,40.87,29.88,2023,22
8843,13,Mercedes,343.53,29.46,32.74,25.98,2023,1
8847,13,Mercedes,324.67,37.47,41.65,26.17,2023,13
8848,12,RedBull,311.46,25.92,32.05,31.45,2023,20
8858,18,Ferrari,289.01,28.13,44.38,27.48,2023,9
8861,14,Ferrari,309.81,28.3,30.65,33.84,2023,1
8865,10,Alpine,339.43,37.6,36.32,21.11,2023,9
8868,12,RedBull,307.55,34.0,36.33,32.19,2023,2
8869,13,Mercedes,321.45,30.68,39.37,22.24,2023,18
8879,19,McLaren,305.06,38.3,35.78,25.96,2023,22
8886,6,Mercedes,342.4,34.72,31.99,25.42,2023,22
8894,9,Ferrari,311.44,36.21,32.44,32.64,2023,23
8898,14,Ferrari,325.57,39.78,33.19,34.82,2023,22
8906,11,Williams,290.86,37.02,37.17,22.07,2023,20
8907,10,Alpine,339.08,27.67,44.04,31.31,2023,23
8912,18,Ferrari,327.81,29.9,40.95,32.12,2023,9
8921,16,RedBull,306.26,32.37,34.03,28.99,2023,1
8923,3,McLaren,301.86,29.75,30.85,33.83,2023,20
8929,12,RedBull,310.46,32.5,30.88,27.48,2023,18
8934,7,Alpine,325.66,31.02,30.93,24.38,2023,16
8937,2,AlphaTauri,319.88,32.88,31.83,24.12,2023,3
8943,1,RedBull,283.83,31.15,43.38,24.6,2023,21
8944,3,McLaren,310.74,26.8,44.94,26.14,2023,7
8945,7,Alpine,304.42,37.03,41.17,24.43,2023,9
8946,4,Williams,315.86,36.87,35.36,25.29,2023,10
8955,2,AlphaTauri,330.28,26.11,36.8,32.07,2023,17
8956,17,McLaren,302.43,38.05,40.23,31.33,2023,19
8958,9,Ferrari,282.02,39.3,31.46,32.6,2023,14
8968,19,McLaren,305.52,34.68,38.62,24.65,2023,10
8969,11,Williams,289.68,28.43,31.82,21.02,2023,22
8972,8,Ferrari,295.82,25.31,35.85,21.78,2023,1
8976,8,Ferrari,313.94,32.0,32.89,22.84,2023,1
8982,18,Ferrari,326.33,30.56,32.69,30.87,2023,9
8990,15,Alpine,324.74,32.95,40.0,27.09,2023,23
8999,13,Mercedes,309.03,30.74,35.85,20.28,2023,19
9022,4,Williams,302.56,37.51,34.43,27.75,2023,13
9025,5,Ferrari,286.13,36.52,39.41,24.08,2023,1
9026,3,McLaren,304.7,39.27,31.15,30.82,2023,19
9029,16,RedBull,326.39,37.68,30.59,32.98,2023,10
9033,13,Mercedes,341.3,30.11,35.15,30.37,2023,9
9038,12,RedBull,289.82,28.82,40.33,27.01,2023,21
9048,9,Ferrari,299.71,25.21,35.3,26.0,2023,9
9050,4,Williams,322.2,35.37,34.01,23.21,2023,16
9054,2,AlphaTauri,332.66,33.18,37.52,34.41,2023,21
9056,17,McLaren,339.81,36.64,36.3,29.0,2023,6
9057,18,Ferrari,322.75,29.34,44.13,21.07,2023,13
9058,1,RedBull,329.93,37.77,31.35,24.53,2023,20
9067,8,Ferrari,285.95,35.77,33.79,23.0,2023,12
9071,9,Ferrari,317.56,35.37,34.78,23.29,2023,20
9072,3,McLaren,295.7,38.88,36.0,33.9,2023,6
9078,18,Ferrari,335.09,29.84,38.49,20.03,2023,19
9080,7,Alpine,315.52,38.47,38.23,24.79,2023,3
9081,18,Ferrari,304.52,30.05,30.06,22.3,2023,11
9094,3,McLaren,311.07,34.17,41.35,29.03,2023,12
9108,6,Mercedes,281.89,28.7,35.02,22.66,2023,18
9111,3,McLaren,304.94,31.7,40.87,24.97,2023,16
9116,8,Ferrari,307.08,38.07,37.22,28.83,2023,23
9119,20,AlphaTauri,316.51,25.57,38.9,21.16,2023,5
9125,8,Ferrari,302.87,34.04,40.56,25.86,2023,7
9128,15,Alpine,296.35,34.97,36.08,22.19,2023,22
9133,12,RedBull,331.88,34.07,44.42,29.26,2023,20
9134,16,RedBull,298.61,33.94,40.26,25.09,2023,8
9135,16,RedBull,343.92,37.25,44.67,20.51,2023,11
9137,18,Ferrari,296.39,39.87,36.63,23.37,2023,24
9138,10,Alpine,327.44,26.71,39.81,32.2,2023,20
9147,19,McLaren,327.07,36.09,44.42,20.23,2023,2
9149,19,McLaren,297.08,32.64,35.17,29.2,2023,12
9153,7,Alpine,296.89,38.88,30.05,24.03,2023,2
9154,12,RedBull,300.91,32.5,34.41,26.96,2023,18
9158,18,Ferrari,291.96,32.8,33.3,32.11,2023,2
9161,18,Ferrari,291.06,39.17,37.32,22.22,2023,11
9162,20,AlphaTauri,304.1,37.16,39.66,32.18,2023,6
9164,18,Ferrari,321.61,35.63,34.51,27.86,2023,13
9167,11,Williams,297.04,35.05,33.06,25.08,2023,8
9168,11,Williams,294.32,36.62,41.53,22.2,2023,20
9171,20,AlphaTauri,291.68,36.28,38.97,34.21,2023,23
9173,3,McLaren,315.68,34.49,43.48,22.39,2023,8
9177,1,RedBull,339.64,29.93,35.38,21.7,2023,8
9178,7,Alpine,332.03,32.07,31.24,28.74,2023,10
9179,1,RedBull,339.86,34.73,32.25,30.36,2023,18
9182,8,Ferrari,281.57,39.9,43.82,31.1,2023,19
9183,17,McLaren,315.93,30.01,32.91,23.46,2023,8
9185,10,Alpine,331.3,28.26,30.95,22.75,2023,11
9188,10,Alpine,285.8,37.4,42.52,33.32,2023,11
9191,11,Williams,313.81,28.76,39.9,30.96,2023,4
9193,16,RedBull,328.81,31.37,35.58,32.31,2023,24
9202,1,RedBull,344.94,36.89,42.64,30.38,2023,12
9208,5,Ferrari,323.32,37.4,42.83,25.85,2023,9
9209,4,Williams,283.25,25.64,32.3,34.5,2023,22
9210,10,Alpine,308.53,30.66,43.7,27.21,2023,5
9211,5,Ferrari,320.83,33.81,30.85,24.72,2023,3
9213,8,Ferrari,313.93,38.43,43.63,32.97,2023,9
9221,7,Alpine,296.72,39.39,31.12,29.34,2023,24
9224,17,McLaren,293.24,38.84,34.97,21.0,2023,23
9225,9,Ferrari,323.98,38.43,38.43,28.93,2023,24
9226,16,RedBull,290.67,34.92,33.35,26.83,2023,19
9229,9,Ferrari,318.88,31.23,33.59,21.3,2023,23
9235,3,McLaren,314.03,35.84,30.79,20.52,2023,4
9241,6,Mercedes,300.27,25.48,41.88,34.71,2023,21
9248,20,AlphaTauri,339.1,36.34,35.3,31.02,2023,18
9253,10,Alpine,338.91,39.91,42.18,30.83,2023,6
9255,2,AlphaTauri,295.2,27.8,37.3,23.09,2023,21
9260,19,McLaren,299.43,39.59,30.23,26.83,2023,21
9265,12,RedBull,329.0,26.84,39.03,23.43,2023,7
9267,10,Alpine,320.92,27.38,34.11,25.3,2023,7
9269,16,RedBull,298.29,34.96,37.62,25.42,2023,11
9270,3,McLaren,308.69,26.64,35.28,28.15,2023,21
9272,17,McLaren,305.6,38.29,41.99,32.53,2023,9
9274,10,Alpine,282.13,27.17,36.69,33.48,2023,13
9276,1,RedBull,342.42,29.88,30.26,31.74,2023,3
9279,3,McLaren,327.62,28.29,39.33,32.39,2023,15
9285,4,Williams,318.6,26.63,31.87,27.73,2023,3
9289,8,Ferrari,339.82,32.06,30.45,22.3,2023,15
9290,14,Ferrari,331.59,25.88,40.4,21.39,2023,13
9293,9,Ferrari,297.49,29.41,36.99,22.81,2023,14
9294,15,Alpine,332.72,33.24,40.1,32.52,2023,21
9301,15,Alpine,325.38,29.98,43.38,27.23,2023,17
9304,20,AlphaTauri,286.35,35.84,32.54,33.67,2023,19
9315,2,AlphaTauri,342.26,25.57,33.02,22.87,2023,5
9316,9,Ferrari,287.45,38.83,30.15,29.89,2023,20
9319,7,Alpine,320.46,38.18,35.23,25.37,2023,14
9323,19,McLaren,341.9,32.2,42.76,24.21,2023,4
9326,3,McLaren,303.88,38.17,37.61,25.5,2023,2
9335,2,AlphaTauri,315.78,26.85,35.6,34.71,2023,8
9339,15,Alpine,324.42,32.44,35.37,30.69,2023,1
9342,11,Williams,320.23,27.91,35.48,23.15,2023,13
9346,15,Alpine,307.95,25.52,44.26,28.89,2023,13
9350,20,AlphaTauri,317.01,36.02,42.8,23.06,2023,11
9351,19,McLaren,317.9,27.32,33.59,34.18,2023,8
9352,18,Ferrari,295.0,29.28,34.08,32.14,2023,19
9355,19,McLaren,307.92,37.8,37.82,26.24,2023,2
9366,2,AlphaTauri,288.82,37.25,33.76,20.08,2023,19
9370,15,Alpine,294.7,33.46,32.86,22.59,2023,8
9372,17,McLaren,324.43,36.33,31.47,33.16,2023,15
9377,15,Alpine,326.32,39.09,33.14,24.32,2023,6
9378,7,Alpine,284.54,35.65,31.34,33.74,2023,5
9379,20,AlphaTauri,284.77,35.96,40.77,24.82,2023,14
9380,19,McLaren,289.34,33.23,35.23,34.38,2023,1
9382,6,Mercedes,296.95,33.65,41.28,34.35,2023,20
9387,4,Williams,318.06,26.72,35.97,31.41,2023,1
9391,17,McLaren,297.14,38.57,39.37,23.25,2023,16
9393,14,Ferrari,285.29,33.06,44.2,23.63,2023,12
9398,4,Williams,322.9,25.33,40.97,24.79,2023,8
9406,9,Ferrari,320.83,28.08,35.92,25.64,2023,9
9408,19,McLaren,321.22,28.69,41.05,31.28,2023,23
9410,20,AlphaTauri,291.48,36.99,41.21,29.17,2023,1
9416,6,Mercedes,298.72,37.86,37.52,32.08,2023,21
9419,18,Ferrari,285.79,27.59,34.48,21.47,2023,21
9420,12,RedBull,299.44,33.14,33.53,30.96,2023,6
9422,19,McLaren,300.81,25.48,37.14,30.73,2023,20
9429,15,Alpine,339.65,36.47,37.49,23.7,2023,1
9430,16,RedBull,336.62,35.54,30.81,27.58,2023,1
9432,5,Ferrari,299.63,30.98,37.43,28.63,2023,24
9433,3,McLaren,301.45,38.76,44.79,28.82,2023,16
9437,18,Ferrari,304.8,28.14,43.05,26.66,2023,23
9441,1,RedBull,331.12,28.04,42.39,25.36,2023,18
9442,5,Ferrari,343.36,27.7,31.11,24.8,2023,14
9446,16,RedBull,336.76,33.96,41.54,27.62,2023,15
9451,1,RedBull,307.77,27.89,43.94,30.83,2023,14
9453,2,AlphaTauri,340.18,35.85,39.45,21.07,2023,1
9454,2,AlphaTauri,332.4,25.83,43.31,34.29,2023,5
9456,4,Williams,305.19,38.4,38.0,27.81,2023,1
9457,14,Ferrari,322.07,37.46,43.59,28.35,2023,8
9465,17,McLaren,344.79,28.27,40.57,20.94,2023,3
9466,7,Alpine,290.47,31.19,31.85,23.24,2023,1
9470,16,RedBull,280.11,28.19,39.02,32.89,2023,1
9471,1,RedBull,310.79,28.47,38.7,28.87,2023,24
9475,3,McLaren,320.25,39.55,43.43,31.27,2023,10
9480,7,Alpine,293.63,38.91,38.33,28.85,2023,23
9481,11,Williams,308.92,38.13,43.15,26.05,2023,1
9483,5,Ferrari,282.12,31.02,35.64,25.19,2023,14
9490,9,Ferrari,304.98,29.19,33.66,31.3,2023,13
9492,19,McLaren,332.44,25.84,44.49,34.01,2023,2
9493,3,McLaren,294.62,37.21,39.07,28.76,2023,21
9498,2,AlphaTauri,299.25,38.86,42.47,22.83,2023,4
9501,8,Ferrari,343.82,34.15,35.78,21.05,2023,9
9502,20,AlphaTauri,327.7,28.93,42.65,28.33,2023,17
9503,18,Ferrari,284.77,29.47,43.86,21.1,2023,13
9504,5,Ferrari,309.19,25.06,40.35,34.88,2023,23
9506,15,Alpine,342.54,29.59,44.63,24.0,2023,14
9509,17,McLaren,319.52,35.09,34.62,24.62,2023,8
9511,1,RedBull,312.81,36.15,32.76,31.85,2023,2
9514,15,Alpine,333.5,31.58,31.13,28.83,2023,12
9516,11,Williams,300.83,31.62,36.61,25.92,2023,13
9519,16,RedBull,303.73,35.59,32.78,30.25,2023,3
9530,12,RedBull,295.81,27.49,38.67,30.85,2023,14
9531,17,McLaren,329.51,25.86,36.05,31.26,2023,6
9533,11,Williams,303.58,25.13,32.18,22.25,2023,17
9534,10,Alpine,339.3,38.18,30.75,22.34,2023,18
9537,19,McLaren,305.11,35.01,30.97,26.34,2023,7
9540,16,RedBull,293.28,36.65,42.36,33.79,2023,22
9542,11,Williams,281.22,31.22,44.84,31.0,2023,19
9544,5,Ferrari,282.83,36.16,33.71,33.79,2023,7
9546,2,AlphaTauri,284.74,33.7,40.58,22.74,2023,12
9549,7,Alpine,288.75,39.42,39.31,22.1,2023,11
9550,12,RedBull,301.48,33.97,37.99,27.26,2023,23
9552,5,Ferrari,344.76,35.43,32.38,33.16,2023,4
9553,8,Ferrari,284.03,33.42,32.8,25.73,2023,18
9564,7,Alpine,330.68,34.64,37.14,33.84,2023,10
9566,18,Ferrari,288.92,37.0,30.63,27.4,2023,19
9568,15,Alpine,323.08,35.68,39.51,31.36,2023,23
9583,10,Alpine,282.38,37.09,37.15,26.18,2023,19
9590,3,McLaren,338.86,39.76,43.57,33.34,2023,15
9592,7,Alpine,338.42,25.67,43.98,30.0,2023,9
9593,14,Ferrari,329.29,27.78,33.5,31.45,2023,18
9595,7,Alpine,327.42,37.83,41.6,29.13,2023,18
9600,1,RedBull,337.2,33.56,40.3,23.27,2023,8
9612,16,RedBull,285.21,39.56,42.01,24.0,2023,17
9628,8,Ferrari,299.98,39.24,35.05,32.64,2023,24
9630,9,Ferrari,325.09,27.87,33.27,34.49,2023,1
9636,11,Williams,329.89,38.98,32.17,24.73,2023,5
9639,16,RedBull,290.65,25.16,30.46,29.41,2023,13
9648,15,Alpine,302.79,32.6,44.16,32.68,2023,18
9651,13,Mercedes,300.13,25.81,31.97,21.61,2023,19
9653,2,AlphaTauri,315.06,27.42,37.39,32.16,2023,7
9670,1,RedBull,291.87,29.31,30.64,21.71,2023,21
9671,6,Mercedes,285.06,36.06,34.38,23.5,2023,13
9678,6,Mercedes,322.48,28.45,31.25,33.13,2023,3
9683,1,RedBull,295.92,33.2,43.16,24.27,2023,11
9685,9,Ferrari,295.27,30.89,34.7,20.84,2023,16
9686,17,McLaren,326.55,31.08,32.61,33.22,2023,15
9687,20,AlphaTauri,329.06,29.49,36.08,31.53,2023,16
9694,7,Alpine,306.31,31.71,40.74,27.16,2023,10
9696,15,Alpine,304.72,28.85,34.75,23.42,2023,8
9699,6,Mercedes,297.08,31.16,40.37,34.0,2023,5
9706,12,RedBull,295.58,25.29,41.41,21.05,2023,1
9707,3,McLaren,337.42,34.99,42.22,26.53,2023,20
9708,15,Alpine,303.55,38.83,41.34,34.15,2023,17
9710,11,Williams,309.87,28.67,32.85,30.72,2023,2
9712,1,RedBull,343.88,26.58,38.29,25.29,2023,24
9715,2,AlphaTauri,280.12,28.63,42.54,22.14,2023,15
9716,9,Ferrari,319.29,30.44,36.71,20.31,2023,19
9719,1,RedBull,315.57,39.67,31.13,31.24,2023,20
9722,5,Ferrari,317.37,27.63,44.17,33.75,2023,17
9736,15,Alpine,283.55,29.86,38.86,21.13,2023,13
9739,13,Mercedes,324.87,27.85,34.69,29.63,2023,8
9741,15,Alpine,309.79,31.07,31.39,27.82,2023,11
9743,14,Ferrari,305.63,31.39,43.08,29.23,2023,6
9746,16,RedBull,327.32,28.42,42.86,20.92,2023,19
9748,9,Ferrari,312.91,38.05,33.69,30.39,2023,1
9755,16,RedBull,320.13,33.67,43.29,32.47,2023,8
9764,15,Alpine,280.85,26.15,43.73,31.91,2023,10
9765,10,Alpine,312.22,34.68,41.4,22.95,2023,4
9768,11,Williams,290.94,30.88,34.77,22.74,2023,22
9772,5,Ferrari,301.2,30.86,38.09,30.69,2023,24
9773,17,McLaren,293.41,38.57,34.02,22.15,2023,12
9782,8,Ferrari,306.85,30.73,44.34,34.88,2023,14
9784,18,Ferrari,284.03,29.75,43.43,29.28,2023,17
9791,10,Alpine,333.36,33.75,38.06,29.31,2023,5
9802,9,Ferrari,311.58,28.64,31.16,24.43,2023,13
9803,16,RedBull,290.76,38.0,38.77,27.68,2023,1
9813,3,McLaren,314.66,26.84,41.26,24.4,2023,24
9836,3,McLaren,282.09,36.56,39.36,26.2,2023,7
9840,4,Williams,306.6,39.2,37.53,26.37,2023,22
9853,13,Mercedes,284.86,28.52,43.88,24.98,2023,13
9857,9,Ferrari,310.07,33.93,36.06,26.02,2023,8
9865,11,Williams,327.15,30.45,44.97,22.85,2023,4
9868,14,Ferrari,320.05,30.5,33.49,32.8,2023,16
9871,12,RedBull,282.44,35.92,40.31,33.97,2023,1
9872,18,Ferrari,320.76,36.76,34.38,32.84,2023,18
9873,6,Mercedes,299.12,30.74,35.98,22.61,2023,18
9874,5,Ferrari,300.06,26.6,38.38,33.68,2023,18
9882,15,Alpine,321.43,32.48,37.63,29.92,2023,3
9889,12,RedBull,282.77,34.58,35.75,26.82,2023,22
9892,8,Ferrari,343.26,29.26,44.19,28.39,2023,24
9893,2,AlphaTauri,342.09,26.22,36.05,32.71,2023,12
9894,15,Alpine,281.3,33.3,34.2,32.24,2023,17
9896,1,RedBull,284.01,27.96,35.5,26.14,2023,14
9899,1,RedBull,329.36,38.9,35.33,22.07,2023,13
9907,17,McLaren,325.61,28.08,39.28,33.09,2023,14
9910,8,Ferrari,302.54,29.85,31.65,34.97,2023,2
9914,20,AlphaTauri,280.08,29.31,34.69,23.61,2023,7
9918,8,Ferrari,314.06,38.12,40.97,34.01,2023,13
9933,1,RedBull,319.66,37.88,41.99,21.13,2023,17
9935,12,RedBull,313.18,34.46,44.31,23.57,2023,22
9936,6,Mercedes,286.67,27.85,31.75,24.93,2023,11
9937,4,Williams,321.3,32.03,31.33,33.42,2023,3
9944,17,McLaren,304.82,28.66,35.53,22.23,2023,24
9946,17,McLaren,295.5,35.45,35.76,28.22,2023,11
9950,11,Williams,288.32,35.86,34.61,31.9,2023,12
9957,7,Alpine,295.53,37.84,31.72,21.75,2023,1
9964,4,Williams,334.49,25.64,36.31,28.2,2023,11
9966,9,Ferrari,338.84,36.06,44.48,33.73,2023,3
9970,17,McLaren,323.39,36.47,33.5,20.86,2023,10
9971,1,RedBull,312.8,33.15,43.07,31.14,2023,18
9977,13,Mercedes,289.7,37.81,33.23,24.49,2023,6
9980,14,Ferrari,339.14,37.11,44.24,32.16,2023,1
9981,9,Ferrari,326.15,27.07,32.48,26.83,2023,11
9982,4,Williams,342.83,36.82,30.13,30.02,2023,19
9998,4,Williams,286.52,30.36,42.56,31.46,2023,7
4,9,Ferrari,330.1,32.44,36.06,29.9,2024,3
5,2,AlphaTauri,287.99,32.1,30.31,25.29,2024,20
13,8,Ferrari,307.75,34.16,38.64,29.43,2024,12
14,18,Ferrari,281.89,25.34,33.97,28.06,2024,14
15,9,Ferrari,298.44,31.19,35.75,32.26,2024,17
17,13,Mercedes,316.9,34.79,43.32,21.3,2024,11
19,7,Alpine,322.54,39.36,37.95,24.13,2024,18
20,11,Williams,320.52,36.56,42.01,33.95,2024,10
22,11,Williams,312.29,39.9,38.08,28.94,2024,16
31,10,Alpine,304.31,39.54,31.45,21.07,2024,16
33,12,RedBull,307.14,30.12,35.86,22.24,2024,13
34,3,McLaren,291.35,33.53,33.15,22.6,2024,4
43,18,Ferrari,336.87,29.5,34.24,34.23,2024,20
45,5,Ferrari,281.1,26.62,38.8,28.42,2024,1
46,2,AlphaTauri,336.77,27.36,43.28,31.03,2024,11
52,4,Williams,325.47,32.07,35.2,32.07,2024,8
59,7,Alpine,281.9,26.83,44.04,33.52,2024,19
61,4,Williams,295.8,37.7,34.68,31.75,2024,5
65,5,Ferrari,334.05,28.13,42.8,30.4,2024,23
66,11,Williams,329.69,29.47,41.6,28.86,2024,11
70,20,AlphaTauri,292.14,32.47,39.53,30.4,2024,14
74,12,RedBull,324.45,35.62,34.2,34.79,2024,13
86,14,Ferrari,341.83,28.61,40.71,30.2,2024,9
89,9,Ferrari,333.43,27.5,37.69,20.49,2024,20
96,16,RedBull,311.82,37.33,39.66,29.32,2024,13
97,1,RedBull,328.14,26.62,43.56,34.17,2024,13
102,19,McLaren,332.73,37.73,42.77,20.2,2024,8
105,10,Alpine,312.58,33.08,30.11,29.97,2024,24
106,12,RedBull,304.48,34.32,35.8,22.84,2024,7
109,20,AlphaTauri,316.27,30.57,37.39,30.89,2024,2
110,3,McLaren,310.26,31.15,37.97,27.62,2024,8
129,14,Ferrari,336.31,25.5,43.13,31.76,2024,18
132,9,Ferrari,291.6,28.63,39.89,26.03,2024,2
133,13,Mercedes,325.7,38.0,33.78,29.06,2024,9
139,2,AlphaTauri,330.55,28.0,31.75,31.33,2024,17
141,12,RedBull,339.44,28.08,34.22,25.62,2024,18
142,2,AlphaTauri,322.23,33.05,43.08,22.26,2024,19
146,12,RedBull,331.94,25.43,42.44,32.8,2024,14
151,18,Ferrari,303.13,34.37,31.98,33.33,2024,13
152,1,RedBull,337.73,30.27,32.38,26.94,2024,19
157,8,Ferrari,292.08,30.7,33.38,23.64,2024,11
161,7,Alpine,329.36,32.12,36.24,20.93,2024,1
166,4,Williams,312.77,33.07,33.61,27.23,2024,10
168,1,RedBull,310.73,37.7,31.43,22.01,2024,18
169,4,Williams,316.94,28.06,41.51,23.39,2024,1
176,12,RedBull,321.73,25.0,43.58,24.26,2024,20
180,1,RedBull,321.3,25.22,36.2,30.86,2024,16
183,6,Mercedes,338.29,30.6,43.73,33.85,2024,4
184,16,RedBull,302.44,28.97,38.73,34.58,2024,23
185,9,Ferrari,280.41,28.76,39.15,23.13,2024,19
187,18,Ferrari,342.78,33.9,31.37,33.44,2024,7
189,14,Ferrari,343.28,29.81,41.85,24.83,2024,16
192,4,Williams,329.12,26.66,42.26,32.24,2024,3
203,2,AlphaTauri,287.53,27.13,38.97,30.2,2024,1
204,15,Alpine,289.59,38.4,36.78,34.41,2024,22
205,12,RedBull,292.87,26.79,34.01,33.33,2024,10
206,7,Alpine,301.5,38.31,30.13,27.17,2024,20
209,16,RedBull,311.28,28.14,41.66,20.11,2024,22
212,2,AlphaTauri,335.87,32.74,31.28,33.86,2024,13
215,4,Williams,309.08,35.08,35.98,27.07,2024,3
216,12,RedBull,299.04,25.21,32.92,20.34,2024,4
228,9,Ferrari,303.84,30.25,33.41,30.76,2024,21
231,5,Ferrari,288.44,35.96,39.86,33.43,2024,3
233,13,Mercedes,336.17,38.52,39.5,23.81,2024,5
234,6,Mercedes,309.04,39.94,37.2,23.73,2024,13
240,6,Mercedes,313.23,29.01,30.6,31.79,2024,11
243,20,AlphaTauri,322.69,28.9,40.26,28.0,2024,11
244,8,Ferrari,295.65,31.14,32.34,27.09,2024,12
250,8,Ferrari,291.4,26.97,32.71,28.4,2024,19
258,17,McLaren,298.74,31.39,41.9,30.43,2024,12
260,16,RedBull,299.88,26.3,35.95,21.44,2024,10
266,15,Alpine,294.95,39.92,35.95,34.71,2024,12
268,7,Alpine,289.94,37.3,35.91,20.77,2024,14
270,8,Ferrari,334.28,35.3,30.78,20.02,2024,17
273,9,Ferrari,284.7,33.6,42.78,29.86,2024,7
276,6,Mercedes,338.82,33.73,37.47,26.74,2024,23
277,3,McLaren,320.41,37.62,40.11,33.14,2024,24
279,2,AlphaTauri,317.48,30.89,38.47,24.17,2024,23
286,10,Alpine,320.55,39.45,43.94,27.19,2024,8
292,8,Ferrari,287.89,30.55,41.33,33.07,2024,21
294,2,AlphaTauri,338.47,29.32,33.33,24.48,2024,6
298,4,Williams,310.94,35.24,42.95,29.57,2024,21
302,6,Mercedes,315.1,34.56,38.91,26.48,2024,21
304,2,AlphaTauri,317.59,25.34,44.99,24.74,2024,15
309,15,Alpine,290.18,28.74,43.69,30.62,2024,10
311,16,RedBull,298.32,32.11,38.06,29.37,2024,13
317,6,Mercedes,300.27,39.96,39.4,26.05,2024,24
330,19,McLaren,335.95,26.55,36.79,24.49,2024,12
332,16,RedBull,303.88,27.07,33.25,29.79,2024,12
335,8,Ferrari,318.82,26.5,35.35,34.0,2024,21
339,8,Ferrari,282.28,28.34,31.68,21.62,2024,11
340,19,McLaren,294.87,35.47,31.22,20.75,2024,7
344,11,Williams,290.91,39.43,35.66,29.88,2024,9
345,4,Williams,325.35,36.08,35.3,33.53,2024,9
349,13,Mercedes,298.87,30.66,30.67,28.46,2024,6
355,9,Ferrari,325.17,31.27,33.41,34.11,2024,10
363,14,Ferrari,312.89,25.7,37.43,33.14,2024,17
366,6,Mercedes,339.23,34.23,39.42,21.27,2024,3
371,10,Alpine,326.43,33.0,36.64,28.55,2024,6
372,1,RedBull,292.47,25.73,31.63,24.64,2024,18
374,5,Ferrari,328.73,29.16,31.14,30.21,2024,13
375,1,RedBull,314.45,27.65,43.43,23.39,2024,16
377,14,Ferrari,321.06,30.65,30.25,25.16,2024,9
380,19,McLaren,286.72,27.07,41.66,31.77,2024,11
384,2,AlphaTauri,335.95,30.2,35.28,33.28,2024,19
385,5,Ferrari,331.78,39.95,39.36,24.43,2024,7
390,7,Alpine,301.96,31.12,34.78,31.97,2024,16
391,1,RedBull,341.68,30.75,41.19,34.43,2024,23
399,13,Mercedes,309.24,31.68,36.13,31.96,2024,11
406,2,AlphaTauri,338.42,39.99,37.73,20.41,2024,3
417,19,McLaren,289.2,31.46,35.29,29.82,2024,14
420,17,McLaren,322.6,25.51,41.94,31.03,2024,9
424,18,Ferrari,335.47,38.6,37.13,22.22,2024,6
431,3,McLaren,292.32,28.88,40.57,22.91,2024,3
437,19,McLaren,319.4,34.11,38.31,23.36,2024,1
444,17,McLaren,290.09,26.01,41.22,32.13,2024,19
449,16,RedBull,290.83,25.73,41.97,25.11,2024,4
453,2,AlphaTauri,307.99,26.33,34.67,20.01,2024,1
454,10,Alpine,308.8,28.36,40.89,34.34,2024,24
455,18,Ferrari,309.32,29.7,36.22,31.4,2024,3
456,20,AlphaTauri,332.69,38.18,38.1,31.9,2024,14
457,5,Ferrari,306.33,28.21,44.35,33.16,2024,10
459,7,Alpine,344.46,37.02,30.15,28.1,2024,12
464,15,Alpine,280.88,33.7,33.41,32.93,2024,2
465,19,McLaren,344.65,34.75,38.0,32.3,2024,24
468,5,Ferrari,327.64,39.7,32.19,25.16,2024,3
481,4,Williams,318.29,26.49,41.26,28.65,2024,3
484,13,Mercedes,327.71,38.08,43.73,29.37,2024,3
487,6,Mercedes,290.24,29.72,33.87,34.34,2024,24
489,16,RedBull,297.73,27.87,34.27,31.92,2024,17
492,19,McLaren,306.62,28.96,35.51,34.96,2024,20
493,11,Williams,292.89,38.04,36.71,20.58,2024,13
495,18,Ferrari,327.68,31.41,42.95,22.82,2024,17
497,17,McLaren,310.24,31.83,38.24,21.2,2024,8
498,14,Ferrari,339.77,31.59,33.49,23.99,2024,21
499,14,Ferrari,339.39,36.61,40.28,29.67,2024,10
502,19,McLaren,329.52,25.67,37.43,28.31,2024,18
506,17,McLaren,318.3,38.49,35.0,27.95,2024,4
509,8,Ferrari,329.31,34.42,37.66,20.9,2024,8
513,7,Alpine,323.91,37.76,38.85,26.3,2024,20
518,12,RedBull,281.38,28.28,32.61,31.16,2024,18
523,8,Ferrari,318.5,30.17,39.19,26.0,2024,24
528,4,Williams,333.25,27.29,44.87,31.7,2024,3
529,9,Ferrari,304.23,35.29,37.18,28.49,2024,3
532,7,Alpine,328.95,29.76,40.63,25.18,2024,13
546,13,Mercedes,338.9,34.17,39.35,21.76,2024,8
548,7,Alpine,334.59,25.53,41.45,31.99,2024,21
550,18,Ferrari,297.39,36.09,31.97,30.0,2024,2
552,11,Williams,331.51,34.98,31.51,27.45,2024,19
553,1,RedBull,306.46,30.36,32.37,21.8,2024,1
559,7,Alpine,326.38,32.34,30.98,29.8,2024,18
563,3,McLaren,301.31,36.63,38.08,27.56,2024,9
564,15,Alpine,285.51,27.81,35.89,22.57,2024,23
567,7,Alpine,333.02,36.46,40.17,20.31,2024,2
568,7,Alpine,331.39,29.19,44.61,30.31,2024,13
575,7,Alpine,288.51,28.97,36.83,20.56,2024,10
580,10,Alpine,290.66,30.57,34.14,22.17,2024,3
581,4,Williams,329.17,37.19,37.37,32.1,2024,9
584,10,Alpine,282.09,27.27,36.05,28.48,2024,13
585,5,Ferrari,312.09,37.02,37.35,23.99,2024,13
588,17,McLaren,333.69,32.87,35.17,33.83,2024,14
589,11,Williams,294.08,26.04,39.34,28.05,2024,6
590,9,Ferrari,322.35,26.7,39.88,28.7,2024,3
591,14,Ferrari,280.75,36.72,39.2,25.25,2024,11
594,13,Mercedes,317.41,30.78,31.58,29.04,2024,16
597,18,Ferrari,331.07,25.4,41.06,33.06,2024,8
600,18,Ferrari,317.17,25.6,39.26,25.22,2024,5
603,14,Ferrari,284.57,33.78,43.04,28.85,2024,13
612,7,Alpine,318.27,31.4,34.88,28.19,2024,3
613,9,Ferrari,325.17,33.91,35.52,21.45,2024,20
614,2,AlphaTauri,327.17,30.47,38.6,24.3,2024,22
616,12,RedBull,334.12,35.98,38.57,30.08,2024,4
617,17,McLaren,319.21,39.52,43.07,30.19,2024,2
619,10,Alpine,314.22,27.5,40.52,26.13,2024,11
620,18,Ferrari,288.9,27.46,39.44,29.27,2024,13
622,17,McLaren,330.44,34.53,39.21,30.53,2024,13
625,5,Ferrari,328.65,38.09,44.48,30.17,2024,9
629,2,AlphaTauri,293.86,34.68,34.45,33.19,2024,4
634,9,Ferrari,321.73,34.47,42.05,22.53,2024,2
635,8,Ferrari,300.97,35.43,42.05,28.11,2024,22
640,7,Alpine,328.84,25.87,41.75,28.09,2024,12
641,6,Mercedes,295.62,25.3,36.99,29.13,2024,16
648,4,Williams,298.33,34.23,34.76,33.33,2024,23
649,11,Williams,336.67,37.15,40.98,22.28,2024,6
650,8,Ferrari,301.68,30.16,43.52,32.69,2024,5
654,6,Mercedes,340.98,26.8,43.19,24.76,2024,18
655,14,Ferrari,293.2,28.18,33.68,25.26,2024,17
662,15,Alpine,342.41,39.31,35.7,30.93,2024,7
670,1,RedBull,285.32,37.83,32.08,21.99,2024,17
673,17,McLaren,291.22,25.42,42.72,29.18,2024,9
674,3,McLaren,313.03,31.58,43.69,23.52,2024,10
679,11,Williams,286.35,32.54,32.0,21.31,2024,17
684,1,RedBull,302.49,26.01,43.84,30.15,2024,2
685,9,Ferrari,333.5,36.95,34.0,30.21,2024,16
688,15,Alpine,302.35,26.69,35.89,27.47,2024,16
692,11,Williams,289.06,35.04,36.65,28.84,2024,17
693,2,AlphaTauri,305.12,31.58,37.16,20.8,2024,21
695,1,RedBull,291.75,34.68,36.22,20.6,2024,18
696,15,Alpine,306.32,26.25,42.25,26.78,2024,13
700,17,McLaren,294.64,34.18,32.87,23.58,2024,17
701,1,RedBull,320.01,37.39,37.61,23.18,2024,15
702,7,Alpine,339.9,26.16,31.8,34.82,2024,8
703,15,Alpine,316.65,35.05,34.71,34.1,2024,10
710,6,Mercedes,282.89,36.34,40.82,27.44,2024,1
715,9,Ferrari,295.89,30.01,31.07,29.37,2024,17
718,12,RedBull,302.54,28.06,31.02,30.39,2024,22
720,15,Alpine,292.05,35.48,43.14,25.03,2024,14
721,11,Williams,317.92,39.01,37.43,25.09,2024,24
728,11,Williams,340.74,28.67,44.98,22.82,2024,4
731,12,RedBull,281.26,26.93,37.09,20.19,2024,11
733,19,McLaren,307.78,38.0,35.04,33.51,2024,16
736,7,Alpine,296.47,30.82,39.32,24.81,2024,4
738,17,McLaren,329.83,35.8,37.48,25.34,2024,11
740,7,Alpine,284.23,38.52,37.49,31.92,2024,24
746,11,Williams,301.37,27.98,41.4,20.89,2024,1
754,5,Ferrari,312.96,30.93,35.22,27.79,2024,3
764,12,RedBull,335.17,28.78,39.02,28.92,2024,7
768,18,Ferrari,341.01,25.98,30.11,33.59,2024,14
778,6,Mercedes,292.41,32.41,41.3,31.53,2024,8
781,6,Mercedes,334.36,38.85,40.96,29.38,2024,15
792,18,Ferrari,284.6,39.68,30.15,34.6,2024,1
793,14,Ferrari,280.1,39.38,36.54,27.61,2024,18
794,3,McLaren,336.37,36.14,41.83,25.45,2024,8
795,20,AlphaTauri,320.26,39.5,44.16,20.24,2024,23
798,11,Williams,302.54,39.12,40.95,27.37,2024,5
801,17,McLaren,289.56,29.64,30.47,27.95,2024,16
806,14,Ferrari,309.24,30.17,40.15,23.88,2024,3
809,8,Ferrari,280.54,35.68,30.78,21.79,2024,12
811,11,Williams,307.41,26.94,45.0,24.28,2024,21
817,15,Alpine,340.98,25.15,34.31,24.91,2024,24
825,10,Alpine,339.8,33.33,42.96,27.2,2024,20
827,14,Ferrari,328.51,29.78,43.25,26.05,2024,16
831,2,AlphaTauri,304.54,29.77,35.55,29.59,2024,12
836,15,Alpine,314.88,37.71,30.54,27.08,2024,1
841,13,Mercedes,287.52,34.9,33.08,29.07,2024,17
845,15,Alpine,280.88,38.17,43.28,27.5,2024,8
847,14,Ferrari,317.83,27.29,32.06,26.05,2024,17
848,10,Alpine,282.98,27.35,39.36,23.28,2024,22
849,5,Ferrari,321.06,31.12,32.93,25.82,2024,12
864,1,RedBull,318.02,30.16,37.17,28.01,2024,14
875,19,McLaren,291.77,38.13,38.54,20.03,2024,6
878,20,AlphaTauri,307.12,30.98,34.97,29.67,2024,16
879,19,McLaren,329.76,34.46,34.11,21.12,2024,6
880,10,Alpine,312.72,37.32,36.47,32.72,2024,6
886,1,RedBull,316.93,35.67,33.58,31.93,2024,5
888,17,McLaren,284.52,30.73,30.27,22.23,2024,8
890,10,Alpine,329.05,30.28,31.36,25.93,2024,7
898,4,Williams,316.66,37.65,30.1,34.38,2024,22
903,12,RedBull,294.64,33.74,32.88,31.6,2024,15
913,19,McLaren,286.92,37.75,36.05,25.38,2024,21
917,7,Alpine,283.7,37.7,41.88,34.68,2024,20
920,8,Ferrari,306.23,25.96,38.66,28.84,2024,19
929,7,Alpine,299.35,28.57,32.26,25.3,2024,20
930,7,Alpine,295.27,25.04,32.2,32.09,2024,4
931,3,McLaren,293.87,32.74,35.48,30.74,2024,3
936,19,McLaren,300.93,29.13,41.95,28.42,2024,23
941,18,Ferrari,290.84,32.97,36.03,23.07,2024,2
943,4,Williams,331.58,29.76,31.85,20.07,2024,23
944,7,Alpine,342.73,36.69,38.33,27.65,2024,24
945,11,Williams,332.01,38.35,44.77,30.65,2024,23
953,4,Williams,325.89,39.47,34.19,33.48,2024,8
956,8,Ferrari,331.13,27.26,44.1,26.39,2024,21
958,11,Williams,331.33,27.7,33.6,32.79,2024,6
961,16,RedBull,328.24,30.75,30.58,33.94,2024,17
963,15,Alpine,341.26,27.71,30.63,29.86,2024,13
964,20,AlphaTauri,307.84,25.4,33.2,23.37,2024,21
965,7,Alpine,319.48,27.84,34.09,30.76,2024,9
973,12,RedBull,288.98,33.89,33.94,21.59,2024,24
974,16,RedBull,318.78,27.54,40.64,21.75,2024,8
977,4,Williams,310.77,35.28,34.58,21.68,2024,4
989,4,Williams,289.81,25.63,33.34,30.93,2024,24
990,10,Alpine,314.46,26.55,39.6,29.63,2024,23
997,20,AlphaTauri,287.63,32.58,30.3,32.0,2024,7
999,8,Ferrari,290.74,29.88,31.05,27.17,2024,13
1001,2,AlphaTauri,334.08,34.94,36.58,28.9,2024,16
1002,1,RedBull,292.42,34.32,30.18,33.17,2024,9
1004,17,McLaren,295.05,30.72,33.76,21.16,2024,10
1005,12,RedBull,286.01,37.88,38.55,31.03,2024,4
1006,6,Mercedes,316.21,38.81,36.34,28.36,2024,15
1007,14,Ferrari,299.98,33.54,34.15,20.31,2024,17
1021,2,AlphaTauri,301.83,31.67,30.76,30.29,2024,20
1023,20,AlphaTauri,336.8,36.87,41.16,33.28,2024,10
1030,6,Mercedes,311.57,30.93,33.12,31.16,2024,16
1031,14,Ferrari,310.43,38.6,37.34,28.18,2024,14
1032,1,RedBull,297.62,30.93,35.99,23.71,2024,3
1041,4,Williams,344.92,33.32,30.08,22.48,2024,9
1044,13,Mercedes,320.18,26.13,44.24,28.78,2024,10
1054,19,McLaren,297.32,39.1,34.37,29.6,2024,11
1069,9,Ferrari,316.94,35.31,38.21,21.1,2024,21
1070,9,Ferrari,287.59,35.75,32.48,30.38,2024,1
1072,6,Mercedes,299.64,30.33,30.65,32.54,2024,18
1076,11,Williams,342.89,32.4,38.75,33.54,2024,15
1078,8,Ferrari,321.73,36.03,43.03,24.39,2024,16
1084,9,Ferrari,336.3,31.48,43.39,28.49,2024,14
1085,6,Mercedes,328.0,26.32,33.37,21.83,2024,11
1091,10,Alpine,313.03,37.86,43.45,25.95,2024,16
1102,3,McLaren,341.4,31.36,30.38,27.8,2024,15
1106,13,Mercedes,334.97,38.9,37.13,27.81,2024,14
1109,4,Williams,294.75,34.24,38.37,26.57,2024,24
1113,11,Williams,332.65,26.29,34.47,29.12,2024,21
1114,16,RedBull,303.17,39.3,34.15,20.44,2024,19
1115,11,Williams,296.55,36.88,30.42,23.95,2024,15
1116,20,AlphaTauri,288.52,33.1,39.28,23.43,2024,24
1124,15,Alpine,336.97,30.0,36.14,27.12,2024,2
1127,18,Ferrari,333.36,29.0,36.59,29.39,2024,18
1129,7,Alpine,302.28,29.08,32.21,31.61,2024,12
1136,16,RedBull,332.84,25.82,38.96,28.79,2024,4
1141,19,McLaren,340.46,33.72,42.3,27.64,2024,4
1146,14,Ferrari,301.46,33.27,35.19,28.7,2024,17
1152,10,Alpine,285.53,27.6,35.02,34.71,2024,13
1155,9,Ferrari,317.71,28.26,44.9,31.52,2024,17
1159,11,Williams,301.59,31.84,30.79,30.28,2024,6
1160,5,Ferrari,297.67,31.68,43.19,28.18,2024,23
1161,2,AlphaTauri,315.88,31.43,32.39,28.83,2024,18
1162,10,Alpine,280.57,38.28,44.11,28.99,2024,6
1164,18,Ferrari,333.22,29.75,33.51,31.26,2024,19
1169,17,McLaren,317.37,25.67,41.5,29.59,2024,15
1170,8,Ferrari,329.75,26.52,36.66,29.53,2024,1
1172,10,Alpine,323.18,29.48,30.08,29.96,2024,24
1175,18,Ferrari,337.1,28.87,36.2,21.94,2024,16
1180,13,Mercedes,322.81,29.22,33.79,31.68,2024,14
1192,4,Williams,281.11,35.66,36.46,22.08,2024,10
1195,3,McLaren,301.57,34.04,36.0,26.33,2024,6
1199,14,Ferrari,341.14,34.66,33.45,21.22,2024,14
1202,20,AlphaTauri,331.09,26.22,37.53,26.6,2024,7
1204,2,AlphaTauri,300.7,26.78,32.76,23.8,2024,15
1210,12,RedBull,306.13,37.87,39.49,32.3,2024,16
1214,15,Alpine,284.42,35.51,41.58,32.34,2024,15
1217,7,Alpine,331.2,25.8,40.24,28.44,2024,6
1219,10,Alpine,306.67,31.07,44.11,28.88,2024,11
1236,18,Ferrari,312.44,39.2,31.99,34.53,2024,10
1238,9,Ferrari,306.14,27.83,43.27,28.74,2024,11
1239,2,AlphaTauri,299.65,37.1,33.67,28.88,2024,20
1241,6,Mercedes,312.12,28.95,43.82,20.43,2024,24
1244,4,Williams,303.85,36.25,36.33,27.53,2024,22
1245,14,Ferrari,334.65,38.89,32.85,30.07,2024,9
1251,10,Alpine,311.08,25.08,42.61,27.7,2024,10
1264,13,Mercedes,310.39,25.83,32.5,27.49,2024,17
1265,2,AlphaTauri,301.9,30.18,31.59,32.03,2024,19
1267,14,Ferrari,324.75,31.15,34.72,21.68,2024,21
1272,17,McLaren,335.58,34.84,32.09,28.29,2024,6
1277,13,Mercedes,293.67,36.04,39.69,33.79,2024,4
1278,19,McLaren,326.16,32.99,32.31,29.88,2024,21
1283,2,AlphaTauri,344.19,31.04,42.2,32.2,2024,13
1284,8,Ferrari,338.9,35.17,36.35,23.3,2024,4
1292,11,Williams,331.97,26.29,44.61,25.73,2024,23
1296,2,AlphaTauri,307.13,36.53,36.96,30.26,2024,23
1299,6,Mercedes,322.67,38.71,37.95,23.84,2024,14
1301,13,Mercedes,318.16,36.06,37.02,22.35,2024,17
1312,10,Alpine,326.54,39.57,34.82,23.57,2024,20
1313,17,McLaren,329.41,33.47,38.52,21.44,2024,20
1315,2,AlphaTauri,341.51,39.09,32.22,26.66,2024,17
1319,1,RedBull,316.42,33.74,44.39,21.12,2024,11
1320,18,Ferrari,341.89,29.0,33.04,29.88,2024,5
1323,7,Alpine,321.72,29.11,38.97,30.12,2024,19
1327,20,AlphaTauri,332.74,37.18,30.52,24.71,2024,6
1332,6,Mercedes,306.1,28.38,43.52,28.89,2024,16
1334,8,Ferrari,342.73,26.31,39.17,20.5,2024,7
1336,7,Alpine,326.7,31.18,36.41,20.66,2024,1
1344,18,Ferrari,300.51,29.35,40.02,31.01,2024,8
1346,7,Alpine,313.83,28.81,32.18,32.4,2024,1
1351,5,Ferrari,286.06,38.41,33.01,21.52,2024,22
1355,7,Alpine,334.54,32.57,36.47,30.11,2024,3
1358,6,Mercedes,339.19,32.02,42.69,23.53,2024,18
1365,13,Mercedes,337.41,36.49,35.59,20.33,2024,15
1368,15,Alpine,306.82,33.95,40.55,33.28,2024,6
1370,1,RedBull,340.63,39.67,44.64,31.02,2024,9
1371,2,AlphaTauri,283.26,26.42,31.78,23.03,2024,14
1390,6,Mercedes,344.03,26.47,35.94,23.35,2024,3
1395,1,RedBull,281.73,29.9,44.91,23.39,2024,24
1402,7,Alpine,285.31,35.68,36.13,22.68,2024,11
1406,10,Alpine,285.5,34.77,41.15,27.94,2024,16
1407,19,McLaren,295.23,39.4,34.9,25.45,2024,6
1409,10,Alpine,320.84,27.23,31.86,22.56,2024,11
1416,3,McLaren,306.44,36.35,38.17,29.43,2024,22
1418,10,Alpine,282.78,31.52,43.53,26.06,2024,14
1424,10,Alpine,285.02,30.68,35.66,32.22,2024,10
1426,18,Ferrari,293.0,39.51,38.23,31.57,2024,18
1433,16,RedBull,281.39,37.23,38.68,27.87,2024,20
1445,14,Ferrari,325.15,25.96,42.68,24.73,2024,22
1449,13,Mercedes,300.93,35.15,37.28,30.2,2024,3
1451,5,Ferrari,315.28,37.14,34.91,28.92,2024,7
1455,20,AlphaTauri,309.37,34.0,32.4,28.48,2024,5
1458,13,Mercedes,312.29,27.31,41.77,22.34,2024,23
1459,4,Williams,326.3,39.64,43.2,21.12,2024,9
1466,1,RedBull,341.05,38.14,34.23,22.46,2024,11
1471,7,Alpine,306.07,28.67,37.23,24.95,2024,3
1472,19,McLaren,312.79,29.7,39.16,21.29,2024,22
1474,13,Mercedes,313.43,29.62,30.25,21.67,2024,14
1480,12,RedBull,312.54,25.67,33.37,24.32,2024,13
1485,19,McLaren,289.32,32.88,41.2,22.25,2024,9
1488,6,Mercedes,293.36,34.93,36.11,29.55,2024,2
1499,4,Williams,307.97,37.34,42.46,21.73,2024,21
1503,5,Ferrari,340.38,29.49,31.27,29.69,2024,2
1504,4,Williams,290.69,27.27,41.12,32.38,2024,19
1506,16,RedBull,331.03,36.06,44.55,22.17,2024,18
1513,5,Ferrari,331.19,27.69,44.04,32.24,2024,8
1543,2,AlphaTauri,328.15,30.51,43.42,23.34,2024,5
1546,10,Alpine,310.26,39.75,30.95,32.44,2024,1
1548,11,Williams,282.31,28.11,44.24,29.93,2024,2
1551,1,RedBull,297.51,28.78,34.83,24.89,2024,14
1552,1,RedBull,338.54,31.43,30.16,30.04,2024,11
1556,2,AlphaTauri,285.34,25.73,37.74,22.18,2024,9
1557,7,Alpine,282.41,28.68,43.62,33.38,2024,12
1559,4,Williams,333.53,27.25,36.75,32.9,2024,20
1575,19,McLaren,326.15,29.88,37.06,27.57,2024,13
1579,12,RedBull,291.71,39.5,39.75,20.32,2024,13
1581,20,AlphaTauri,298.31,26.06,36.91,20.2,2024,4
1593,20,AlphaTauri,320.2,27.67,42.65,23.6,2024,17
1598,1,RedBull,285.47,33.77,37.17,22.67,2024,1
1601,14,Ferrari,340.79,25.83,36.14,27.84,2024,17
1611,7,Alpine,330.77,34.89,32.05,24.0,2024,7
1612,18,Ferrari,336.4,38.64,37.13,24.02,2024,9
1613,1,RedBull,284.93,30.35,38.68,24.94,2024,24
1618,10,Alpine,306.63,26.92,44.42,30.26,2024,7
1627,3,McLaren,338.7,28.82,36.2,22.79,2024,7
1629,1,RedBull,281.33,36.79,30.75,26.54,2024,3
1637,14,Ferrari,302.62,33.3,41.19,27.14,2024,11
1643,12,RedBull,305.84,26.0,40.12,31.14,2024,1
1647,8,Ferrari,341.6,34.97,35.1,32.79,2024,23
1649,8,Ferrari,332.58,28.85,35.39,31.72,2024,13
1651,13,Mercedes,339.59,36.48,32.17,29.04,2024,4
1652,5,Ferrari,321.76,30.25,41.72,28.76,2024,6
1661,15,Alpine,308.95,37.27,38.67,27.3,2024,9
1664,6,Mercedes,321.11,32.44,32.78,26.52,2024,6
1665,7,Alpine,288.01,35.29,43.69,21.54,2024,22
1669,18,Ferrari,301.81,25.77,35.13,30.1,2024,3
1679,7,Alpine,290.21,25.37,36.4,27.2,2024,1
1684,7,Alpine,315.91,39.96,41.76,24.9,2024,23
1685,17,McLaren,290.36,35.23,33.19,33.56,2024,12
1687,19,McLaren,292.72,39.34,35.33,28.54,2024,16
1691,16,RedBull,314.93,25.19,44.12,29.17,2024,3
1695,5,Ferrari,341.82,27.8,40.12,21.93,2024,21
1698,10,Alpine,290.18,34.33,43.63,23.08,2024,5
1701,1,RedBull,332.71,30.13,35.8,25.97,2024,10
1705,2,AlphaTauri,318.53,26.5,36.88,32.86,2024,15
1709,17,McLaren,308.08,36.51,30.72,26.92,2024,10
1710,12,RedBull,302.72,32.13,30.79,28.55,2024,18
1714,14,Ferrari,287.59,25.96,33.39,34.79,2024,6
1729,8,Ferrari,338.67,32.43,43.51,28.78,2024,3
1731,8,Ferrari,294.02,32.18,33.08,30.72,2024,15
1734,18,Ferrari,309.94,27.99,36.06,26.04,2024,22
1738,9,Ferrari,305.0,28.04,35.44,25.0,2024,20
1754,13,Mercedes,343.67,29.4,41.73,20.97,2024,4
1756,6,Mercedes,313.56,27.71,33.71,26.7,2024,13
1764,11,Williams,331.72,30.14,43.26,23.47,2024,6
1768,7,Alpine,341.14,36.65,44.54,30.64,2024,14
1774,19,McLaren,329.48,28.05,43.72,22.64,2024,9
1777,18,Ferrari,322.93,25.13,30.31,23.7,2024,24
1778,7,Alpine,311.08,31.35,33.18,30.03,2024,2
1781,15,Alpine,316.63,31.92,36.12,20.68,2024,10
1785,3,McLaren,320.78,27.35,42.31,29.6,2024,11
1790,9,Ferrari,311.05,38.47,34.8,21.34,2024,16
1793,5,Ferrari,316.19,28.36,31.03,25.4,2024,5
1794,20,AlphaTauri,292.35,28.98,39.23,33.69,2024,14
1802,18,Ferrari,322.6,28.73,41.25,23.6,2024,5
1806,6,Mercedes,317.77,29.86,32.86,23.17,2024,15
1807,16,RedBull,327.31,31.07,30.07,23.66,2024,23
1817,9,Ferrari,321.77,34.9,32.97,24.66,2024,3
1821,15,Alpine,285.3,31.76,36.9,27.23,2024,23
1824,7,Alpine,289.1,34.34,35.54,24.42,2024,20
1826,6,Mercedes,323.3,29.16,39.7,25.91,2024,12
1831,11,Williams,321.7,30.86,33.41,34.91,2024,3
1835,18,Ferrari,292.45,32.68,35.01,21.83,2024,12
1838,3,McLaren,315.54,27.33,38.45,29.2,2024,3
1839,15,Alpine,315.13,32.47,34.91,30.13,2024,18
1842,3,McLaren,336.06,29.25,41.04,25.49,2024,11
1845,8,Ferrari,307.46,33.81,41.51,28.48,2024,18
1849,12,RedBull,337.53,26.64,33.57,26.91,2024,2
1851,15,Alpine,310.68,37.88,41.03,30.32,2024,17
1853,2,AlphaTauri,344.0,38.21,43.63,31.83,2024,18
1869,7,Alpine,280.77,29.48,40.8,26.38,2024,16
1871,7,Alpine,308.6,27.48,38.41,29.69,2024,3
1878,17,McLaren,344.19,32.28,43.9,21.9,2024,6
1881,5,Ferrari,281.54,39.96,37.41,26.39,2024,10
1893,6,Mercedes,309.28,34.37,40.3,24.1,2024,9
1903,20,AlphaTauri,280.77,34.38,34.47,28.39,2024,7
1904,15,Alpine,299.06,35.3,30.25,28.45,2024,3
1906,8,Ferrari,343.52,37.88,35.97,24.11,2024,15
1913,4,Williams,302.78,25.38,32.59,29.63,2024,2
1923,15,Alpine,325.66,28.18,34.01,31.68,2024,4
1929,12,RedBull,287.34,33.34,39.39,27.6,2024,6
1932,20,AlphaTauri,337.34,25.81,43.33,27.6,2024,23
1938,17,McLaren,326.62,26.71,37.77,31.54,2024,22
1941,17,McLaren,335.3,35.73,44.41,26.57,2024,3
1944,9,Ferrari,290.0,36.74,37.68,34.36,2024,21
1948,17,McLaren,289.95,28.53,44.27,25.88,2024,23
1952,14,Ferrari,296.45,27.5,35.52,26.48,2024,12
1954,1,RedBull,332.49,31.84,40.17,28.31,2024,23
1961,18,Ferrari,299.41,30.73,32.38,24.13,2024,6
1965,9,Ferrari,298.72,33.8,39.48,28.4,2024,16
1967,3,McLaren,331.56,32.97,35.31,23.22,2024,10
1969,8,Ferrari,293.46,36.1,41.13,25.95,2024,8
1978,5,Ferrari,341.5,32.92,33.17,30.24,2024,7
1981,16,RedBull,283.64,30.78,35.38,30.43,2024,15
1985,12,RedBull,301.13,38.49,37.49,22.72,2024,14
1990,14,Ferrari,289.93,35.3,30.7,30.87,2024,11
1992,4,Williams,303.41,28.09,43.3,31.32,2024,13
1996,5,Ferrari,323.96,25.8,35.46,22.62,2024,15
2011,19,McLaren,330.13,25.2,30.81,24.7,2024,11
2013,7,Alpine,290.73,34.58,43.86,27.28,2024,10
2015,7,Alpine,317.46,36.34,36.45,27.33,2024,2
2020,11,Williams,321.11,32.66,33.16,34.06,2024,18
2021,17,McLaren,281.98,30.94,41.97,21.64,2024,16
2024,5,Ferrari,299.51,26.67,33.22,26.34,2024,3
2026,16,RedBull,339.87,26.98,35.22,31.05,2024,18
2031,10,Alpine,329.16,32.77,43.08,34.12,2024,16
2034,19,McLaren,307.17,32.47,43.81,25.43,2024,9
2038,11,Williams,324.06,38.37,42.7,20.81,2024,14
2040,5,Ferrari,286.56,27.31,42.59,34.82,2024,5
2042,11,Williams,334.17,30.51,36.99,20.35,2024,8
2045,1,RedBull,291.45,38.39,33.13,24.18,2024,5
2060,18,Ferrari,292.21,25.47,37.11,23.45,2024,19
2062,4,Williams,320.27,35.84,42.73,30.38,2024,18
2067,2,AlphaTauri,305.99,32.39,44.73,32.78,2024,1
2073,16,RedBull,282.1,34.06,42.47,31.2,2024,21
2075,19,McLaren,301.48,36.04,36.2,33.62,2024,7
2098,16,RedBull,320.66,39.56,38.89,31.31,2024,13
2104,4,Williams,327.59,33.3,30.8,28.04,2024,14
2107,3,McLaren,344.45,37.11,37.46,22.65,2024,15
2108,13,Mercedes,297.27,26.16,34.24,31.65,2024,24
2117,10,Alpine,294.76,25.67,41.62,33.26,2024,7
2119,13,Mercedes,289.98,36.28,35.54,25.89,2024,8
2120,8,Ferrari,308.41,38.62,39.52,22.63,2024,11
2128,1,RedBull,344.2,37.41,34.0,22.41,2024,19
2132,20,AlphaTauri,313.57,38.27,33.31,34.3,2024,19
2133,17,McLaren,338.04,36.77,30.16,20.94,2024,8
2136,5,Ferrari,338.55,30.45,40.61,23.18,2024,20
2139,20,AlphaTauri,335.3,30.62,42.6,23.02,2024,19
2140,20,AlphaTauri,307.7,29.21,44.63,28.84,2024,2
2154,6,Mercedes,307.9,27.17,41.45,22.17,2024,24
2158,19,McLaren,334.23,34.73,34.24,20.77,2024,24
2159,18,Ferrari,291.24,35.76,43.56,33.86,2024,18
2164,7,Alpine,321.69,32.43,43.71,31.68,2024,12
2165,4,Williams,326.61,27.67,31.32,32.66,2024,23
2168,16,RedBull,318.41,31.34,41.78,29.53,2024,20
2174,7,Alpine,325.55,25.62,31.18,24.49,2024,22
2175,8,Ferrari,333.36,30.14,40.05,25.51,2024,4
2185,1,RedBull,308.61,37.13,34.64,29.05,2024,2
2186,4,Williams,284.36,27.83,37.43,25.7,2024,11
2187,20,AlphaTauri,341.58,39.09,31.89,27.44,2024,11
2188,11,Williams,303.13,31.96,38.03,27.45,2024,3
2190,4,Williams,283.76,37.46,34.97,28.05,2024,17
2193,12,RedBull,331.17,33.88,32.52,21.01,2024,15
2195,8,Ferrari,285.27,33.64,30.69,34.78,2024,16
2202,17,McLaren,339.96,33.23,35.37,20.48,2024,14
2203,14,Ferrari,316.13,34.21,31.5,28.92,2024,17
2209,14,Ferrari,342.9,29.79,42.42,33.75,2024,17
2210,14,Ferrari,327.33,26.47,44.09,30.28,2024,10
2219,7,Alpine,291.48,27.58,40.9,31.03,2024,23
2228,3,McLaren,305.31,35.83,35.03,33.42,2024,3
2230,17,McLaren,300.87,39.04,30.43,30.18,2024,11
2232,15,Alpine,291.35,25.38,43.58,33.25,2024,17
2233,8,Ferrari,321.23,28.19,42.46,26.34,2024,10
2242,4,Williams,306.79,37.95,34.03,26.33,2024,18
2244,9,Ferrari,290.17,32.98,31.25,29.22,2024,8
2251,1,RedBull,329.8,25.92,37.25,29.3,2024,17
2255,14,Ferrari,330.27,30.03,37.53,32.32,2024,9
2256,15,Alpine,309.29,33.44,33.91,32.93,2024,10
2266,8,Ferrari,285.23,38.55,33.52,32.73,2024,5
2267,1,RedBull,329.65,28.57,36.65,26.81,2024,13
2281,17,McLaren,283.65,32.92,32.79,33.05,2024,18
2282,13,Mercedes,336.2,26.12,36.12,31.12,2024,23
2286,2,AlphaTauri,295.47,28.94,44.77,21.81,2024,8
2303,16,RedBull,327.46,29.44,36.64,34.32,2024,11
2308,5,Ferrari,303.05,35.85,33.05,22.6,2024,13
2315,17,McLaren,324.26,38.24,34.38,30.68,2024,20
2318,10,Alpine,329.54,38.93,32.69,27.49,2024,4
2326,9,Ferrari,340.99,35.79,33.01,23.16,2024,12
2330,7,Alpine,319.13,26.59,40.79,23.07,2024,7
2334,11,Williams,330.54,32.34,40.17,24.36,2024,23
2335,9,Ferrari,305.11,28.57,44.08,25.52,2024,17
2345,7,Alpine,291.63,34.83,38.72,21.75,2024,4
2355,2,AlphaTauri,344.45,37.52,38.59,33.06,2024,3
2356,2,AlphaTauri,324.65,30.06,34.64,28.64,2024,18
2361,17,McLaren,307.48,30.95,34.78,29.07,2024,23
2364,14,Ferrari,301.64,35.07,32.35,31.33,2024,13
2366,6,Mercedes,292.93,29.61,34.02,25.09,2024,16
2367,17,McLaren,324.15,32.81,37.77,20.08,2024,24
2376,2,AlphaTauri,330.97,33.64,44.3,23.56,2024,20
2377,10,Alpine,340.31,38.09,33.54,33.46,2024,7
2378,5,Ferrari,282.49,36.44,33.23,26.13,2024,6
2381,12,RedBull,325.92,31.59,43.68,26.13,2024,20
2383,17,McLaren,312.1,29.25,30.15,34.44,2024,16
2387,17,McLaren,332.33,31.58,30.43,31.25,2024,22
2391,1,RedBull,298.09,27.33,44.52,26.4,2024,12
2393,15,Alpine,324.57,33.59,43.6,20.72,2024,14
2396,3,McLaren,315.42,27.91,38.72,20.98,2024,12
2404,2,AlphaTauri,301.59,37.53,40.29,21.25,2024,4
2407,17,McLaren,317.04,32.5,43.15,33.93,2024,15
2408,12,RedBull,282.07,29.62,43.51,28.35,2024,2
2409,16,RedBull,315.58,30.19,34.46,25.17,2024,5
2416,17,McLaren,286.1,35.19,42.56,27.85,2024,18
2425,16,RedBull,282.66,35.65,30.6,26.4,2024,4
2434,2,AlphaTauri,292.45,33.11,42.83,28.83,2024,18
2437,13,Mercedes,316.9,29.63,30.41,28.86,2024,4
2438,3,McLaren,335.06,32.32,42.18,34.3,2024,3
2441,10,Alpine,317.25,25.63,40.84,33.27,2024,23
2444,1,RedBull,329.23,32.75,35.68,33.68,2024,19
2449,6,Mercedes,323.21,27.18,43.41,29.74,2024,18
2450,5,Ferrari,344.53,35.12,31.53,20.91,2024,16
2451,12,RedBull,312.4,28.3,33.83,29.93,2024,2
2452,9,Ferrari,331.79,38.73,43.89,27.45,2024,11
2457,10,Alpine,342.48,35.95,40.54,34.13,2024,10
2460,8,Ferrari,330.45,36.61,30.15,21.06,2024,1
2470,15,Alpine,325.51,37.8,42.16,28.2,2024,1
2472,7,Alpine,285.09,33.68,39.31,20.12,2024,18
2476,5,Ferrari,330.13,37.68,41.21,25.97,2024,20
2480,7,Alpine,300.75,28.54,39.31,22.8,2024,16
2482,15,Alpine,323.78,31.17,44.82,23.06,2024,11
2483,15,Alpine,289.64,35.73,31.88,24.93,2024,19
2484,11,Williams,305.1,33.57,44.07,24.07,2024,15
2486,1,RedBull,337.05,31.95,43.31,25.14,2024,8
2488,19,McLaren,281.08,29.87,39.97,31.78,2024,18
2490,19,McLaren,301.45,39.07,36.19,30.97,2024,2
2491,6,Mercedes,340.7,36.47,36.47,26.93,2024,18
2493,17,McLaren,309.95,37.11,43.4,33.69,2024,12
2505,16,RedBull,325.46,36.33,32.45,28.42,2024,14
2509,5,Ferrari,314.2,32.71,42.65,31.24,2024,17
2511,17,McLaren,319.66,26.04,42.43,23.93,2024,8
2515,1,RedBull,341.66,25.57,43.07,34.84,2024,1
2526,16,RedBull,291.32,38.7,41.17,28.09,2024,21
2528,16,RedBull,337.86,26.52,37.64,29.76,2024,4
2529,20,AlphaTauri,292.61,33.18,36.24,34.64,2024,18
2534,19,McLaren,310.26,37.7,34.28,30.93,2024,23
2535,20,AlphaTauri,295.73,28.27,41.51,22.38,2024,13
2537,16,RedBull,304.53,39.91,39.3,29.67,2024,14
2538,13,Mercedes,328.22,30.97,44.34,30.5,2024,14
2540,18,Ferrari,314.47,37.24,33.25,29.14,2024,6
2542,9,Ferrari,286.48,34.18,35.59,25.55,2024,8
2549,12,RedBull,283.43,26.65,36.68,28.37,2024,3
2551,5,Ferrari,294.09,37.57,37.49,31.2,2024,1
2559,13,Mercedes,330.76,37.3,36.47,31.5,2024,24
2566,4,Williams,307.64,27.51,40.76,23.17,2024,20
2572,17,McLaren,343.13,29.67,40.82,28.08,2024,10
2576,3,McLaren,331.93,33.77,33.8,32.19,2024,15
2581,11,Williams,343.2,26.45,38.44,24.42,2024,12
2584,6,Mercedes,333.32,32.1,33.07,34.81,2024,3
2587,10,Alpine,312.35,32.86,32.95,21.86,2024,23
2589,4,Williams,328.65,39.85,43.76,32.9,2024,3
2595,3,McLaren,309.48,33.05,37.91,22.69,2024,15
2600,16,RedBull,300.09,34.58,40.06,25.61,2024,3
2602,11,Williams,290.69,34.94,34.98,27.42,2024,4
2610,8,Ferrari,319.15,36.05,35.11,31.42,2024,22
2613,10,Alpine,300.89,29.8,37.28,31.02,2024,23
2617,6,Mercedes,344.02,38.9,32.86,21.42,2024,13
2618,7,Alpine,327.45,29.71,40.82,25.3,2024,10
2619,18,Ferrari,289.69,25.48,31.35,31.16,2024,17
2624,15,Alpine,316.39,27.01,31.44,31.0,2024,15
2636,10,Alpine,335.91,26.57,37.91,34.17,2024,20
2642,2,AlphaTauri,340.58,38.42,32.75,28.08,2024,19
2646,2,AlphaTauri,344.75,31.45,30.52,21.22,2024,7
2649,12,RedBull,317.61,29.38,42.79,26.75,2024,22
2652,2,AlphaTauri,289.45,28.46,30.09,28.04,2024,9
2657,3,McLaren,307.98,39.62,36.07,32.29,2024,14
2660,8,Ferrari,343.69,34.75,31.58,30.01,2024,13
2662,6,Mercedes,337.88,36.02,44.47,22.66,2024,13
2664,14,Ferrari,316.58,25.61,35.58,21.51,2024,2
2666,19,McLaren,303.08,35.32,34.63,24.69,2024,7
2667,8,Ferrari,343.67,25.63,40.79,23.74,2024,12
2673,18,Ferrari,337.15,31.79,31.28,30.51,2024,18
2677,15,Alpine,298.69,31.42,40.35,33.5,2024,22
2678,8,Ferrari,335.1,35.97,38.39,31.89,2024,3
2685,7,Alpine,335.27,37.22,33.28,26.17,2024,22
2687,4,Williams,339.03,37.47,40.16,23.64,2024,7
2694,17,McLaren,322.65,25.49,44.63,29.86,2024,19
2696,2,AlphaTauri,302.69,29.59,35.49,34.34,2024,1
2701,6,Mercedes,285.13,33.88,43.05,33.49,2024,23
2702,14,Ferrari,328.59,35.31,34.85,25.22,2024,22
2705,7,Alpine,337.84,27.58,30.17,21.32,2024,4
2714,9,Ferrari,310.88,32.06,38.08,24.45,2024,24
2715,4,Williams,280.55,39.87,35.88,20.74,2024,18
2721,14,Ferrari,321.8,28.15,32.23,29.32,2024,18
2726,18,Ferrari,322.72,33.35,38.67,33.43,2024,1
2727,12,RedBull,338.07,31.37,33.5,25.05,2024,2
2734,6,Mercedes,333.11,36.79,36.2,20.9,2024,5
2740,8,Ferrari,314.24,28.43,35.44,25.91,2024,13
2744,13,Mercedes,317.42,31.42,39.26,26.04,2024,10
2747,12,RedBull,329.93,37.89,43.08,27.81,2024,3
2749,10,Alpine,282.85,33.3,36.5,24.83,2024,7
2750,2,AlphaTauri,320.93,33.35,40.16,30.99,2024,9
2752,11,Williams,305.1,30.25,41.15,21.87,2024,23
2753,6,Mercedes,330.53,39.57,30.2,25.04,2024,24
2760,15,Alpine,284.47,36.82,34.69,27.09,2024,24
2762,3,McLaren,294.07,38.95,33.97,21.8,2024,17
2767,19,McLaren,291.42,35.03,34.03,33.38,2024,14
2779,4,Williams,293.15,37.41,43.56,24.04,2024,22
2781,9,Ferrari,284.93,30.94,34.27,29.82,2024,17
2783,2,AlphaTauri,320.99,34.74,42.52,21.05,2024,3
2799,5,Ferrari,311.95,29.55,36.27,26.63,2024,8
2802,2,AlphaTauri,325.27,35.79,31.03,27.78,2024,11
2804,7,Alpine,305.73,25.36,36.75,23.61,2024,10
2808,6,Mercedes,299.93,25.86,41.68,33.75,2024,23
2813,7,Alpine,287.08,39.88,30.7,32.42,2024,11
2820,7,Alpine,329.57,25.3,44.14,25.88,2024,9
2823,16,RedBull,287.24,38.7,42.99,21.07,2024,16
2828,13,Mercedes,340.34,33.81,33.45,21.23,2024,10
2833,13,Mercedes,311.79,27.24,36.01,27.12,2024,16
2839,20,AlphaTauri,310.12,36.23,34.16,27.51,2024,22
2848,20,AlphaTauri,331.54,29.7,43.32,20.15,2024,10
2852,13,Mercedes,319.84,32.56,34.91,34.89,2024,19
2867,8,Ferrari,292.86,26.28,36.42,30.72,2024,12
2880,17,McLaren,344.69,36.35,32.07,25.27,2024,20
2884,19,McLaren,322.42,26.65,39.05,22.91,2024,16
2890,20,AlphaTauri,333.23,32.98,34.82,34.46,2024,15
2895,4,Williams,302.97,39.26,31.89,25.21,2024,17
2897,6,Mercedes,303.06,27.41,37.85,25.14,2024,11
2902,14,Ferrari,338.19,30.03,37.77,26.85,2024,15
2908,13,Mercedes,316.58,38.97,35.32,33.73,2024,16
2911,10,Alpine,298.37,34.03,40.92,31.19,2024,21
2916,18,Ferrari,329.88,36.94,31.91,28.98,2024,3
2917,8,Ferrari,282.27,30.22,38.08,33.74,2024,17
2920,4,Williams,290.74,27.0,36.69,26.82,2024,2
2921,14,Ferrari,316.2,28.09,41.63,24.72,2024,6
2931,8,Ferrari,285.5,26.79,33.34,28.66,2024,8
2934,12,RedBull,337.0,33.09,39.83,33.32,2024,22
2937,1,RedBull,327.75,33.95,42.44,23.8,2024,23
2940,2,AlphaTauri,296.26,36.16,30.85,28.71,2024,10
2949,19,McLaren,316.13,35.91,31.59,27.84,2024,5
2951,17,McLaren,300.47,37.79,30.44,21.06,2024,2
2954,1,RedBull,325.04,39.22,38.58,20.5,2024,1
2955,4,Williams,340.86,29.07,30.02,34.84,2024,4
2957,18,Ferrari,329.09,30.01,36.98,25.61,2024,3
2964,9,Ferrari,302.18,26.8,38.72,33.53,2024,2
2966,10,Alpine,289.22,38.92,34.02,32.08,2024,5
2970,10,Alpine,320.06,27.08,40.73,24.93,2024,9
2971,1,RedBull,324.66,27.11,34.06,24.02,2024,16
2974,20,AlphaTauri,287.39,32.9,40.74,30.49,2024,2
2981,7,Alpine,282.54,28.1,37.03,24.08,2024,16
2982,18,Ferrari,326.28,34.28,40.87,25.53,2024,8
2983,4,Williams,329.9,34.77,31.13,30.02,2024,6
2984,12,RedBull,294.91,32.11,44.98,30.68,2024,17
2996,2,AlphaTauri,291.53,26.34,36.84,32.06,2024,14
3003,12,RedBull,294.13,35.54,30.43,29.73,2024,9
3006,15,Alpine,306.74,25.39,33.73,33.65,2024,1
3012,11,Williams,316.5,36.36,42.55,25.65,2024,11
3016,6,Mercedes,341.87,34.83,42.59,29.99,2024,18
3017,19,McLaren,316.34,33.91,42.05,31.38,2024,17
3021,17,McLaren,319.86,28.55,38.66,33.59,2024,3
3038,4,Williams,331.05,29.41,37.57,23.19,2024,23
3044,16,RedBull,282.23,39.88,41.94,25.48,2024,10
3049,10,Alpine,311.91,35.65,43.31,21.47,2024,7
3055,19,McLaren,312.32,25.78,31.43,32.42,2024,7
3060,2,AlphaTauri,303.27,35.76,32.32,29.06,2024,18
3062,13,Mercedes,339.4,30.65,39.39,30.77,2024,6
3067,16,RedBull,311.42,26.1,42.49,24.08,2024,13
3068,19,McLaren,320.68,31.72,38.54,20.91,2024,23
3073,10,Alpine,337.16,25.06,43.71,23.55,2024,21
3082,8,Ferrari,324.96,29.03,36.95,25.43,2024,19
3084,1,RedBull,291.2,29.1,43.83,20.53,2024,10
3086,16,RedBull,330.94,28.32,39.31,31.55,2024,11
3088,4,Williams,321.44,37.36,39.83,25.33,2024,10
3097,1,RedBull,338.06,29.68,34.73,31.45,2024,1
3098,11,Williams,337.81,27.33,37.57,34.92,2024,7
3099,18,Ferrari,308.14,31.79,38.66,23.01,2024,7
3100,1,RedBull,333.84,29.74,33.64,29.66,2024,16
3101,10,Alpine,282.75,28.4,35.78,28.13,2024,23
3103,16,RedBull,311.64,29.46,44.22,20.3,2024,10
3104,17,McLaren,337.15,39.86,44.57,31.87,2024,19
3114,10,Alpine,324.12,35.88,32.96,34.69,2024,2
3120,19,McLaren,344.02,28.29,34.42,23.85,2024,23
3121,17,McLaren,289.05,33.01,37.33,29.64,2024,19
3124,15,Alpine,315.73,25.43,39.6,30.65,2024,24
3137,8,Ferrari,283.18,29.16,34.61,27.56,2024,8
3138,9,Ferrari,327.54,31.75,41.58,30.9,2024,16
3141,14,Ferrari,286.04,29.19,32.55,20.36,2024,21
3142,4,Williams,322.29,39.1,30.17,27.57,2024,17
3147,18,Ferrari,339.68,27.57,33.48,25.61,2024,4
3151,16,RedBull,288.02,30.71,35.87,23.3,2024,20
3157,3,McLaren,309.95,35.35,35.75,31.78,2024,13
3160,4,Williams,283.99,26.37,35.87,29.25,2024,18
3177,4,Williams,334.38,28.8,40.94,33.34,2024,23
3186,15,Alpine,312.84,32.44,41.86,23.14,2024,8
3190,17,McLaren,340.32,36.08,36.71,21.46,2024,3
3191,14,Ferrari,310.67,33.15,31.15,22.6,2024,1
3195,12,RedBull,332.68,35.92,31.86,32.0,2024,19
3197,8,Ferrari,333.98,36.25,44.39,27.85,2024,4
3198,19,McLaren,283.44,30.24,36.54,24.67,2024,23
3206,6,Mercedes,321.49,34.56,31.13,33.21,2024,1
3207,10,Alpine,304.83,32.03,40.39,31.08,2024,15
3215,17,McLaren,335.15,30.03,43.99,20.27,2024,22
3217,12,RedBull,320.49,30.74,32.76,34.86,2024,17
3219,10,Alpine,286.88,39.61,44.92,31.0,2024,13
3225,11,Williams,310.67,25.6,36.19,29.09,2024,22
3229,4,Williams,309.53,34.04,44.38,20.92,2024,4
3234,17,McLaren,286.62,35.81,44.69,29.75,2024,18
3240,3,McLaren,304.71,34.75,40.09,28.33,2024,8
3241,7,Alpine,327.37,30.94,37.62,34.82,2024,22
3243,4,Williams,321.26,26.64,42.62,25.85,2024,3
3247,7,Alpine,343.89,25.49,39.27,34.09,2024,20
3249,9,Ferrari,282.29,38.39,35.89,22.74,2024,15
3250,1,RedBull,301.23,30.55,31.46,25.62,2024,14
3253,3,McLaren,284.78,33.4,44.37,28.04,2024,14
3260,1,RedBull,289.98,35.86,40.18,28.04,2024,2
3263,2,AlphaTauri,285.9,28.9,39.49,25.55,2024,7
3266,18,Ferrari,286.14,32.5,44.03,29.6,2024,2
3271,5,Ferrari,344.29,30.39,36.92,27.21,2024,12
3276,9,Ferrari,282.69,35.15,33.78,28.9,2024,8
3279,17,McLaren,308.1,32.54,40.61,27.25,2024,19
3287,1,RedBull,304.18,33.36,40.42,32.08,2024,12
3289,14,Ferrari,317.48,30.41,32.25,30.01,2024,11
3306,15,Alpine,302.57,36.23,30.5,23.97,2024,18
3313,20,AlphaTauri,330.09,35.54,35.86,33.98,2024,20
3314,18,Ferrari,293.63,38.17,40.93,24.56,2024,24
3316,6,Mercedes,309.98,37.66,38.33,29.31,2024,11
3319,3,McLaren,310.97,36.6,31.62,33.78,2024,19
3320,6,Mercedes,295.84,29.67,38.07,30.82,2024,16
3324,13,Mercedes,291.62,32.65,43.42,23.22,2024,20
3325,1,RedBull,299.78,27.72,37.96,22.58,2024,23
3326,6,Mercedes,341.95,26.62,42.28,22.37,2024,12
3328,3,McLaren,321.67,33.43,33.62,29.83,2024,13
3330,1,RedBull,312.17,27.5,39.8,27.31,2024,22
3331,3,McLaren,305.09,27.24,36.91,25.66,2024,18
3335,3,McLaren,282.63,25.27,30.74,22.04,2024,3
3337,15,Alpine,330.03,35.24,42.65,32.7,2024,21
3341,7,Alpine,283.14,36.83,30.57,26.63,2024,12
3342,13,Mercedes,333.32,25.72,44.88,33.79,2024,1
3350,20,AlphaTauri,317.61,34.01,38.41,20.34,2024,13
3354,6,Mercedes,285.72,34.0,35.23,23.16,2024,1
3356,13,Mercedes,340.58,38.23,30.23,20.52,2024,18
3358,9,Ferrari,338.42,27.19,36.69,28.36,2024,4
3359,1,RedBull,336.71,26.44,30.97,31.09,2024,22
3362,2,AlphaTauri,341.2,31.85,41.97,25.99,2024,24
3371,2,AlphaTauri,294.39,38.78,30.83,24.62,2024,6
3373,5,Ferrari,296.44,28.74,38.76,22.89,2024,12
3377,2,AlphaTauri,333.21,32.09,40.79,21.36,2024,12
3385,18,Ferrari,303.04,36.11,35.75,33.3,2024,3
3387,6,Mercedes,334.51,38.79,32.71,33.77,2024,12
3391,6,Mercedes,337.32,25.05,43.12,32.21,2024,20
3397,19,McLaren,294.27,29.45,33.45,22.18,2024,2
3398,13,Mercedes,310.22,36.2,37.4,31.49,2024,11
3399,15,Alpine,297.08,25.21,37.13,25.93,2024,4
3400,16,RedBull,301.94,32.45,37.7,31.23,2024,7
3401,15,Alpine,309.11,29.59,31.26,20.02,2024,22
3403,16,RedBull,328.69,25.45,38.64,29.24,2024,22
3409,11,Williams,340.69,34.73,44.22,21.02,2024,3
3412,9,Ferrari,285.96,29.01,36.02,30.92,2024,10
3414,18,Ferrari,322.79,26.13,32.22,29.81,2024,2
3415,10,Alpine,315.53,38.55,44.72,30.65,2024,13
3420,17,McLaren,322.07,36.85,34.97,27.97,2024,20
3422,3,McLaren,288.05,38.71,35.56,20.39,2024,24
3424,12,RedBull,282.84,25.38,37.86,30.47,2024,20
3433,10,Alpine,323.98,34.96,35.49,34.51,2024,4
3435,14,Ferrari,288.09,30.35,34.22,30.44,2024,16
3439,19,McLaren,288.12,37.1,42.75,23.09,2024,10
3440,15,Alpine,284.05,37.59,43.71,31.13,2024,17
3443,18,Ferrari,320.94,39.81,32.32,31.86,2024,14
3447,1,RedBull,283.1,31.36,36.52,26.65,2024,8
3449,6,Mercedes,321.25,31.67,36.88,21.85,2024,18
3450,14,Ferrari,318.9,39.65,35.85,30.12,2024,17
3454,15,Alpine,338.53,37.43,42.93,33.11,2024,23
3455,17,McLaren,325.13,25.7,39.86,24.2,2024,15
3460,1,RedBull,333.25,39.48,43.43,28.13,2024,24
3462,15,Alpine,283.19,26.23,32.6,28.95,2024,4
3463,11,Williams,301.69,27.78,41.66,24.73,2024,23
3464,2,AlphaTauri,314.52,26.09,37.59,23.71,2024,23
3465,7,Alpine,282.42,31.19,39.92,27.69,2024,6
3467,6,Mercedes,314.87,38.24,44.0,31.61,2024,2
3469,11,Williams,344.97,26.24,32.71,22.52,2024,14
3475,10,Alpine,327.92,37.62,41.89,24.81,2024,1
3483,2,AlphaTauri,288.15,33.68,41.46,23.54,2024,6
3485,16,RedBull,341.33,30.35,34.34,27.31,2024,2
3488,10,Alpine,339.32,27.37,41.08,21.29,2024,8
3491,18,Ferrari,333.33,36.2,36.34,21.09,2024,15
3497,7,Alpine,327.02,38.15,42.32,21.39,2024,10
3507,12,RedBull,315.69,34.7,36.4,34.36,2024,9
3509,12,RedBull,301.28,35.04,43.01,25.68,2024,3
3513,8,Ferrari,316.81,37.77,32.61,27.14,2024,18
3517,6,Mercedes,298.47,25.85,38.28,24.37,2024,13
3518,2,AlphaTauri,299.97,30.05,40.61,30.35,2024,10
3521,5,Ferrari,305.32,36.35,42.78,34.78,2024,19
3523,7,Alpine,322.39,30.28,32.12,27.88,2024,14
3529,1,RedBull,338.77,30.51,34.35,28.67,2024,12
3536,18,Ferrari,285.42,26.02,38.85,26.68,2024,4
3544,14,Ferrari,283.44,26.3,43.75,25.43,2024,1
3550,19,McLaren,336.22,37.74,32.51,33.22,2024,21
3553,20,AlphaTauri,293.08,39.24,31.24,23.31,2024,22
3555,1,RedBull,292.59,26.47,43.85,33.37,2024,16
3557,13,Mercedes,302.66,30.0,44.71,32.35,2024,24
3559,8,Ferrari,334.17,27.3,32.55,24.0,2024,3
3560,9,Ferrari,322.15,38.38,44.52,34.89,2024,7
3566,7,Alpine,313.38,37.63,31.59,33.07,2024,14
3569,1,RedBull,332.26,35.35,35.13,33.87,2024,13
3571,18,Ferrari,293.56,37.46,36.39,32.89,2024,14
3577,19,McLaren,283.96,31.28,38.72,20.85,2024,19
3579,8,Ferrari,312.53,29.07,41.54,24.34,2024,3
3595,15,Alpine,307.77,26.8,30.71,21.24,2024,3
3596,13,Mercedes,334.59,30.0,37.68,29.08,2024,6
3600,18,Ferrari,320.8,29.78,40.86,27.66,2024,21
3607,12,RedBull,288.01,27.43,44.63,32.44,2024,13
3608,8,Ferrari,330.29,36.17,31.84,21.64,2024,9
3612,3,McLaren,337.88,39.85,35.87,31.28,2024,22
3617,5,Ferrari,304.24,34.42,38.17,28.6,2024,24
3622,1,RedBull,295.37,35.69,44.56,21.09,2024,3
3627,17,McLaren,326.37,32.78,32.28,31.03,2024,1
3631,19,McLaren,317.47,28.38,33.3,25.32,2024,22
3637,19,McLaren,323.17,33.19,34.33,23.16,2024,4
3638,1,RedBull,285.2,32.62,32.92,29.4,2024,3
3639,7,Alpine,284.83,26.27,37.52,27.15,2024,3
3641,18,Ferrari,332.24,29.77,37.01,23.31,2024,21
3645,18,Ferrari,340.2,28.15,33.99,29.75,2024,5
3646,16,RedBull,312.42,28.06,38.94,30.63,2024,11
3652,5,Ferrari,343.45,30.15,37.57,34.86,2024,11
3653,8,Ferrari,280.15,27.74,40.58,25.54,2024,23
3655,14,Ferrari,309.26,28.39,39.29,27.22,2024,13
3661,7,Alpine,318.66,35.94,31.68,28.21,2024,22
3665,17,McLaren,336.78,36.5,42.55,20.1,2024,22
3680,9,Ferrari,303.58,37.09,37.9,32.67,2024,4
3686,14,Ferrari,307.2,27.56,32.98,33.39,2024,16
3687,13,Mercedes,325.19,36.72,32.14,28.61,2024,7
3688,6,Mercedes,320.88,33.45,38.89,33.52,2024,23
3690,6,Mercedes,333.83,29.66,37.74,25.66,2024,16
3691,3,McLaren,325.0,31.83,42.37,32.08,2024,8
3694,11,Williams,334.19,27.27,38.46,21.38,2024,6
3699,15,Alpine,291.74,37.72,34.68,24.92,2024,13
3709,1,RedBull,305.09,36.3,34.3,20.9,2024,2
3713,6,Mercedes,300.66,39.56,37.23,33.46,2024,13
3719,4,Williams,289.89,33.24,31.06,28.05,2024,9
3720,1,RedBull,328.9,30.4,38.92,22.99,2024,15
3721,3,McLaren,331.91,33.45,31.8,23.3,2024,6
3728,9,Ferrari,290.77,32.19,40.53,30.58,2024,7
3730,1,RedBull,300.8,35.37,40.69,33.59,2024,6
3734,1,RedBull,299.65,38.2,32.93,33.42,2024,6
3735,3,McLaren,324.42,28.56,43.71,27.75,2024,10
3736,6,Mercedes,322.65,28.47,43.97,30.9,2024,21
3742,3,McLaren,297.19,37.98,31.5,33.82,2024,19
3746,2,AlphaTauri,290.26,27.76,44.14,33.92,2024,17
3749,13,Mercedes,281.52,28.53,41.19,29.07,2024,5
3754,9,Ferrari,303.72,28.98,37.18,21.27,2024,7
3755,10,Alpine,287.12,34.23,39.36,29.4,2024,13
3757,1,RedBull,341.49,29.49,42.4,21.73,2024,12
3759,4,Williams,339.07,36.42,37.33,30.95,2024,1
3780,12,RedBull,295.02,30.28,30.71,21.18,2024,24
3783,18,Ferrari,310.32,38.48,40.68,21.1,2024,24
3790,1,RedBull,329.41,29.14,30.64,29.27,2024,23
3791,4,Williams,328.96,35.66,42.81,34.07,2024,1
3793,17,McLaren,310.46,31.2,41.4,23.98,2024,10
3798,12,RedBull,286.93,29.54,40.82,32.74,2024,21
3805,17,McLaren,331.13,26.87,35.93,23.9,2024,24
3813,5,Ferrari,287.75,33.11,41.61,33.69,2024,12
3816,14,Ferrari,283.52,25.26,35.12,27.91,2024,13
3817,6,Mercedes,284.16,38.16,42.97,26.0,2024,24
3819,7,Alpine,295.5,27.57,34.1,28.82,2024,24
3823,17,McLaren,306.48,28.4,34.9,25.73,2024,2
3828,8,Ferrari,314.42,38.64,32.97,22.01,2024,24
3829,9,Ferrari,307.95,35.78,37.26,26.15,2024,23
3832,10,Alpine,309.04,37.03,33.49,22.97,2024,20
3836,3,McLaren,331.98,27.41,32.4,29.13,2024,9
3854,4,Williams,300.13,28.33,41.55,29.52,2024,8
3864,15,Alpine,299.74,39.23,44.57,20.16,2024,12
3867,20,AlphaTauri,280.09,33.85,30.75,26.92,2024,11
3868,10,Alpine,306.23,32.4,43.91,28.53,2024,9
3877,2,AlphaTauri,328.24,39.09,44.05,22.84,2024,5
3881,2,AlphaTauri,294.73,31.97,36.1,21.19,2024,10
3882,18,Ferrari,280.01,34.92,44.75,27.49,2024,7
3887,9,Ferrari,326.8,32.4,30.53,27.5,2024,22
3891,18,Ferrari,315.7,26.1,44.18,33.46,2024,23
3894,4,Williams,317.72,27.4,40.77,25.12,2024,17
3914,5,Ferrari,316.65,28.54,35.25,23.27,2024,2
3917,9,Ferrari,341.46,27.18,42.65,23.44,2024,7
3921,8,Ferrari,328.2,32.51,37.86,20.74,2024,18
3927,3,McLaren,318.02,39.76,40.21,24.75,2024,19
3930,18,Ferrari,332.67,27.41,43.49,20.86,2024,16
3931,15,Alpine,329.1,28.53,33.01,34.12,2024,1
3932,18,Ferrari,344.07,28.02,35.32,23.73,2024,20
3933,4,Williams,338.88,28.63,42.55,22.4,2024,14
3943,11,Williams,313.35,29.37,31.69,33.37,2024,21
3944,11,Williams,321.8,27.64,34.19,26.15,2024,10
3948,15,Alpine,305.45,33.76,32.5,27.36,2024,7
3951,16,RedBull,307.13,39.5,32.02,21.42,2024,3
3956,19,McLaren,344.62,39.37,44.21,29.17,2024,23
3964,6,Mercedes,329.0,27.15,42.03,25.49,2024,8
3969,18,Ferrari,317.87,26.02,34.14,24.02,2024,18
3971,1,RedBull,309.92,37.13,42.16,24.45,2024,20
3975,15,Alpine,285.09,38.16,43.57,24.04,2024,10
3979,15,Alpine,285.04,39.31,32.82,24.73,2024,21
3982,11,Williams,321.77,39.65,41.05,26.09,2024,23
3990,11,Williams,294.27,29.48,43.73,23.3,2024,2
3991,3,McLaren,280.15,29.18,30.81,24.49,2024,22
3996,8,Ferrari,295.56,26.93,39.7,33.97,2024,19
3997,5,Ferrari,284.91,37.9,30.7,27.9,2024,8
3998,9,Ferrari,297.36,39.76,36.72,29.09,2024,23
4008,19,McLaren,289.61,32.57,30.03,28.49,2024,19
4009,20,AlphaTauri,302.62,31.35,35.06,34.96,2024,7
4017,11,Williams,315.61,26.6,39.95,22.81,2024,6
4019,4,Williams,282.63,32.05,37.34,24.86,2024,23
4023,6,Mercedes,311.71,30.0,35.31,28.59,2024,15
4026,2,AlphaTauri,338.27,30.62,42.83,34.03,2024,7
4028,20,AlphaTauri,304.62,31.72,32.9,24.63,2024,6
4038,18,Ferrari,326.92,31.03,41.82,29.56,2024,16
4041,13,Mercedes,326.93,37.19,43.89,26.92,2024,7
4044,18,Ferrari,337.21,27.23,31.54,20.36,2024,4
4046,8,Ferrari,308.61,38.72,32.18,27.06,2024,5
4060,15,Alpine,326.55,35.35,40.19,30.64,2024,22
4064,13,Mercedes,343.54,28.05,40.7,32.41,2024,22
4065,1,RedBull,304.36,35.77,33.83,29.51,2024,8
4067,7,Alpine,323.4,33.24,41.73,33.9,2024,15
4068,18,Ferrari,316.3,38.09,37.46,22.87,2024,13
4069,4,Williams,286.07,27.0,31.84,29.25,2024,19
4074,16,RedBull,331.37,30.24,33.05,31.21,2024,10
4081,15,Alpine,317.24,32.11,31.39,26.76,2024,5
4082,13,Mercedes,338.24,34.68,37.93,30.16,2024,21
4083,3,McLaren,283.6,29.13,30.38,26.86,2024,22
4084,7,Alpine,306.9,25.88,44.9,31.47,2024,15
4093,19,McLaren,344.85,31.17,38.7,26.81,2024,14
4094,9,Ferrari,323.29,34.7,43.26,34.69,2024,19
4096,20,AlphaTauri,337.84,30.67,35.38,20.26,2024,2
4097,10,Alpine,316.55,27.28,39.05,27.28,2024,13
4098,5,Ferrari,332.17,25.74,35.65,26.35,2024,5
4103,13,Mercedes,337.8,27.81,41.91,26.7,2024,1
4110,5,Ferrari,287.04,35.37,38.91,32.49,2024,2
4114,20,AlphaTauri,315.6,37.09,37.43,29.1,2024,11
4116,5,Ferrari,317.99,32.94,34.5,25.21,2024,8
4119,15,Alpine,334.31,34.06,43.03,30.73,2024,8
4121,11,Williams,332.18,30.35,40.92,24.15,2024,24
4125,10,Alpine,288.74,30.86,35.34,25.93,2024,10
4126,6,Mercedes,306.12,27.17,30.16,20.78,2024,2
4127,6,Mercedes,315.92,38.91,31.13,28.4,2024,7
4128,4,Williams,337.04,37.6,31.15,30.45,2024,4
4129,3,McLaren,307.85,30.55,35.1,22.9,2024,14
4131,7,Alpine,337.58,38.62,42.29,26.55,2024,24
4139,13,Mercedes,330.12,35.3,34.4,23.56,2024,23
4142,16,RedBull,318.64,39.61,40.63,20.39,2024,11
4148,19,McLaren,280.29,32.73,33.91,22.2,2024,12
4149,16,RedBull,299.51,28.43,41.22,27.51,2024,22
4163,4,Williams,330.91,33.55,30.55,33.33,2024,8
4167,2,AlphaTauri,286.68,30.59,43.33,29.94,2024,16
4168,4,Williams,301.71,28.4,32.08,26.81,2024,13
4171,9,Ferrari,287.05,34.16,41.72,28.67,2024,15
4173,17,McLaren,286.77,25.32,40.62,31.21,2024,10
4183,11,Williams,309.62,33.29,38.36,29.63,2024,19
4187,11,Williams,292.4,38.9,32.31,30.69,2024,9
4196,16,RedBull,337.54,25.58,32.48,31.49,2024,20
4201,13,Mercedes,327.62,37.22,38.07,30.76,2024,10
4210,13,Mercedes,326.27,34.48,32.28,34.94,2024,18
4215,17,McLaren,315.71,37.58,43.08,30.75,2024,19
4218,19,McLaren,304.33,37.64,32.36,27.23,2024,5
4226,19,McLaren,292.69,28.94,44.55,23.68,2024,6
4227,10,Alpine,284.0,25.83,37.8,29.3,2024,5
4229,11,Williams,295.7,25.23,44.34,31.93,2024,7
4232,8,Ferrari,300.44,31.41,39.11,32.71,2024,3
4236,8,Ferrari,308.41,28.91,44.4,23.32,2024,13
4249,13,Mercedes,343.13,26.11,40.81,33.78,2024,18
4250,5,Ferrari,329.26,26.37,35.12,25.2,2024,14
4253,17,McLaren,329.29,35.19,41.2,24.56,2024,11
4255,2,AlphaTauri,320.81,34.81,39.7,23.94,2024,7
4256,7,Alpine,298.46,37.65,41.23,33.18,2024,7
4258,16,RedBull,300.93,37.02,36.26,25.7,2024,22
4267,11,Williams,316.56,31.48,35.81,28.98,2024,3
4270,6,Mercedes,296.09,30.63,38.62,26.38,2024,10
4273,1,RedBull,313.33,31.78,32.93,27.78,2024,20
4274,3,McLaren,298.8,35.7,44.34,20.87,2024,3
4277,7,Alpine,286.86,31.34,42.22,23.54,2024,20
4279,19,McLaren,306.91,29.43,34.54,29.32,2024,7
4280,15,Alpine,340.68,28.37,40.28,25.39,2024,12
4285,2,AlphaTauri,296.62,34.67,30.31,33.32,2024,18
4291,20,AlphaTauri,291.08,28.14,43.63,20.68,2024,7
4292,7,Alpine,325.77,35.87,44.19,25.91,2024,5
4296,20,AlphaTauri,300.51,25.18,37.38,27.66,2024,9
4303,8,Ferrari,331.82,30.27,38.97,21.54,2024,19
4312,2,AlphaTauri,300.76,35.34,43.3,28.61,2024,4
4326,13,Mercedes,294.47,33.79,35.09,20.91,2024,23
4330,19,McLaren,337.61,36.29,33.2,33.46,2024,6
4333,6,Mercedes,297.8,36.18,30.19,31.39,2024,10
4342,3,McLaren,322.68,27.9,34.09,26.13,2024,11
4344,9,Ferrari,314.29,36.56,30.17,30.24,2024,13
4360,16,RedBull,301.31,33.86,31.33,22.0,2024,14
4364,12,RedBull,299.49,34.06,41.96,20.76,2024,13
4365,1,RedBull,303.84,28.44,37.47,23.61,2024,23
4366,2,AlphaTauri,284.82,37.67,37.73,21.23,2024,9
4368,3,McLaren,334.41,37.86,32.04,33.04,2024,18
4373,18,Ferrari,291.14,38.15,38.99,33.6,2024,6
4379,10,Alpine,320.91,27.68,38.97,23.09,2024,12
4380,11,Williams,319.21,28.43,30.27,22.31,2024,16
4381,18,Ferrari,314.86,33.64,31.27,27.48,2024,14
4388,8,Ferrari,344.74,32.08,31.64,25.44,2024,9
4389,15,Alpine,301.97,25.55,43.49,32.14,2024,17
4398,6,Mercedes,307.67,32.68,30.13,27.21,2024,14
4405,3,McLaren,330.71,38.32,31.26,33.98,2024,4
4406,19,McLaren,344.78,35.76,30.9,27.92,2024,5
4408,13,Mercedes,332.14,38.54,44.09,32.21,2024,1
4409,8,Ferrari,317.89,39.31,34.52,24.23,2024,13
4415,2,AlphaTauri,310.97,38.13,32.61,20.38,2024,12
4417,19,McLaren,320.6,26.28,40.01,31.63,2024,15
4425,5,Ferrari,289.03,25.44,34.64,28.11,2024,9
4426,20,AlphaTauri,326.14,33.58,41.4,26.49,2024,8
4437,8,Ferrari,286.56,25.87,36.6,20.14,2024,9
4440,20,AlphaTauri,337.32,34.05,41.04,28.64,2024,16
4446,5,Ferrari,311.95,30.74,32.72,31.76,2024,14
4449,12,RedBull,342.93,34.81,40.06,22.25,2024,23
4455,19,McLaren,285.3,36.66,41.49,25.29,2024,8
4457,3,McLaren,303.43,28.95,39.43,24.3,2024,2
4459,17,McLaren,344.69,37.51,30.92,26.05,2024,24
4461,12,RedBull,281.29,33.16,42.7,25.57,2024,5
4470,14,Ferrari,314.57,37.81,37.2,28.84,2024,10
4477,1,RedBull,331.77,29.97,31.42,27.57,2024,2
4479,1,RedBull,308.94,38.02,37.81,28.5,2024,8
4481,6,Mercedes,292.73,27.36,31.79,23.1,2024,19
4482,17,McLaren,295.11,28.62,31.06,31.24,2024,18
4484,6,Mercedes,307.39,31.03,35.63,31.87,2024,8
4486,15,Alpine,285.66,37.16,30.82,31.05,2024,12
4492,20,AlphaTauri,306.23,30.03,35.87,27.8,2024,18
4493,3,McLaren,313.78,39.0,33.75,26.46,2024,15
4494,15,Alpine,331.33,27.07,34.62,24.65,2024,20
4498,1,RedBull,281.01,35.66,32.53,21.34,2024,2
4506,11,Williams,334.4,31.6,33.7,27.54,2024,6
4507,11,Williams,314.32,26.96,32.56,31.52,2024,15
4518,1,RedBull,307.5,36.8,39.03,21.38,2024,21
4521,17,McLaren,310.89,26.89,42.91,32.31,2024,2
4522,15,Alpine,284.06,38.81,30.56,31.25,2024,3
4528,18,Ferrari,323.26,27.34,36.1,27.08,2024,9
4529,12,RedBull,298.38,26.14,35.41,22.31,2024,5
4530,15,Alpine,317.82,30.02,35.2,33.29,2024,23
4533,5,Ferrari,339.57,32.38,32.39,31.11,2024,17
4537,15,Alpine,344.36,34.21,43.26,32.42,2024,9
4538,4,Williams,330.96,34.79,39.28,30.78,2024,11
4539,5,Ferrari,344.27,29.5,32.05,31.65,2024,15
4542,19,McLaren,313.6,31.8,30.29,34.75,2024,10
4548,5,Ferrari,312.31,39.18,30.37,28.4,2024,6
4551,13,Mercedes,289.45,30.06,44.06,33.01,2024,8
4553,18,Ferrari,299.61,29.7,40.08,25.73,2024,7
4557,20,AlphaTauri,337.19,28.82,37.26,34.31,2024,21
4561,5,Ferrari,312.16,28.41,44.76,20.65,2024,15
4566,10,Alpine,327.01,31.25,32.93,33.32,2024,4
4569,14,Ferrari,333.08,26.92,34.06,23.78,2024,19
4573,2,AlphaTauri,309.12,25.8,42.95,29.27,2024,15
4576,15,Alpine,282.39,36.65,30.06,20.33,2024,22
4581,4,Williams,303.97,34.51,43.52,22.81,2024,1
4582,16,RedBull,281.74,30.76,37.14,21.28,2024,18
4583,17,McLaren,325.94,34.14,35.97,29.7,2024,17
4584,7,Alpine,294.56,39.28,40.53,32.34,2024,18
4585,7,Alpine,308.45,37.41,44.08,27.99,2024,21
4589,15,Alpine,342.51,38.25,40.92,32.86,2024,24
4596,16,RedBull,321.23,29.32,38.55,23.36,2024,17
4606,19,McLaren,281.3,33.59,40.56,27.41,2024,13
4609,17,McLaren,318.77,38.12,42.18,32.33,2024,8
4613,12,RedBull,287.58,32.46,44.4,21.4,2024,6
4614,2,AlphaTauri,320.17,36.19,38.66,31.64,2024,14
4616,6,Mercedes,316.67,36.94,31.92,26.75,2024,15
4631,12,RedBull,288.39,37.54,37.99,23.85,2024,11
4636,6,Mercedes,287.85,36.68,44.05,20.23,2024,1
4643,3,McLaren,341.72,25.7,31.95,26.41,2024,21
4648,1,RedBull,285.0,29.75,32.78,29.92,2024,5
4650,19,McLaren,309.16,39.88,31.65,31.41,2024,6
4651,2,AlphaTauri,319.56,26.53,40.84,30.66,2024,14
4655,18,Ferrari,323.97,31.95,34.57,24.59,2024,21
4657,15,Alpine,316.99,37.03,43.81,23.7,2024,9
4666,13,Mercedes,314.89,28.94,33.25,27.31,2024,6
4669,13,Mercedes,328.22,37.41,32.96,28.99,2024,16
4675,10,Alpine,334.31,30.08,42.87,22.45,2024,19
4679,4,Williams,303.09,30.78,44.34,27.56,2024,12
4692,19,McLaren,295.85,31.75,36.18,32.06,2024,10
4694,10,Alpine,283.35,34.65,33.37,23.03,2024,23
4710,20,AlphaTauri,314.61,27.67,35.66,27.67,2024,16
4717,8,Ferrari,332.85,32.0,43.34,28.02,2024,19
4719,3,McLaren,339.41,38.04,39.39,23.5,2024,16
4723,11,Williams,340.64,33.79,32.38,26.54,2024,5
4724,5,Ferrari,329.84,27.9,39.99,31.03,2024,24
4729,18,Ferrari,339.11,29.64,42.53,25.91,2024,7
4730,5,Ferrari,287.42,34.74,35.9,33.61,2024,4
4731,8,Ferrari,328.33,33.61,38.99,24.89,2024,4
4735,3,McLaren,344.15,25.19,44.34,27.53,2024,7
4738,19,McLaren,313.14,25.68,39.6,28.71,2024,6
4741,14,Ferrari,296.94,35.01,43.75,34.53,2024,2
4745,6,Mercedes,322.33,32.96,36.59,30.7,2024,9
4752,5,Ferrari,326.51,39.62,34.59,32.19,2024,7
4758,16,RedBull,281.9,30.73,39.54,23.32,2024,15
4767,11,Williams,315.92,27.92,37.61,34.76,2024,6
4768,4,Williams,339.91,34.3,40.07,23.66,2024,2
4778,14,Ferrari,305.98,35.98,34.66,28.08,2024,4
4781,11,Williams,296.21,27.93,34.36,23.43,2024,20
4782,4,Williams,325.37,33.69,33.82,31.23,2024,20
4784,16,RedBull,283.08,35.97,34.12,27.97,2024,10
4786,10,Alpine,293.37,26.29,34.49,31.05,2024,12
4788,6,Mercedes,316.75,37.2,43.17,33.89,2024,16
4789,3,McLaren,338.81,37.47,32.48,25.83,2024,9
4790,6,Mercedes,322.24,33.97,44.13,26.12,2024,8
4791,12,RedBull,291.31,29.86,38.74,24.51,2024,17
4792,5,Ferrari,304.67,31.18,32.0,21.94,2024,10
4793,3,McLaren,301.71,31.92,39.61,24.72,2024,14
4798,6,Mercedes,281.51,25.14,40.09,33.03,2024,2
4799,10,Alpine,340.05,28.45,32.03,28.87,2024,22
4801,7,Alpine,317.76,25.36,39.34,20.43,2024,18
4803,14,Ferrari,310.6,32.06,37.32,28.78,2024,21
4804,4,Williams,293.44,27.81,44.13,33.92,2024,11
4812,9,Ferrari,324.25,34.5,43.58,23.84,2024,24
4813,14,Ferrari,343.85,25.57,40.3,30.64,2024,15
4814,9,Ferrari,312.35,25.4,36.17,33.23,2024,14
4815,12,RedBull,295.22,25.31,42.43,24.0,2024,8
4818,5,Ferrari,339.54,39.19,32.49,24.04,2024,10
4819,20,AlphaTauri,316.84,37.5,36.7,21.33,2024,9
4820,19,McLaren,333.22,34.43,34.62,31.55,2024,18
4821,17,McLaren,314.51,38.44,30.43,23.89,2024,18
4828,19,McLaren,327.2,34.5,30.83,34.14,2024,12
4832,17,McLaren,297.36,27.96,37.49,33.33,2024,8
4836,20,AlphaTauri,334.15,33.7,30.74,33.24,2024,4
4839,11,Williams,286.98,27.42,35.2,24.08,2024,23
4840,19,McLaren,340.34,35.68,39.21,23.88,2024,11
4844,2,AlphaTauri,287.25,31.33,31.39,30.74,2024,7
4846,3,McLaren,336.5,32.76,40.68,29.38,2024,7
4854,15,Alpine,330.04,39.92,40.79,34.49,2024,22
4860,12,RedBull,330.35,38.94,41.25,20.79,2024,3
4861,12,RedBull,339.69,25.57,31.94,33.0,2024,5
4866,1,RedBull,315.35,35.55,37.89,28.98,2024,5
4867,2,AlphaTauri,338.98,27.23,42.96,33.17,2024,22
4872,5,Ferrari,343.09,37.94,39.2,33.86,2024,5
4873,4,Williams,301.29,34.31,43.52,30.4,2024,18
4876,6,Mercedes,290.12,35.93,30.36,29.95,2024,8
4880,2,AlphaTauri,325.72,26.75,42.66,34.52,2024,23
4881,6,Mercedes,292.74,31.49,38.63,31.05,2024,13
4889,3,McLaren,341.02,25.54,40.7,29.06,2024,16
4898,3,McLaren,344.36,36.65,34.45,23.16,2024,7
4903,9,Ferrari,335.5,32.06,41.62,31.67,2024,1
4905,10,Alpine,344.62,35.59,41.98,30.3,2024,14
4908,12,RedBull,319.08,35.73,38.77,31.15,2024,17
4911,8,Ferrari,319.6,30.94,33.31,21.84,2024,21
4912,10,Alpine,337.08,38.15,42.71,33.63,2024,9
4918,7,Alpine,290.04,25.19,30.75,30.52,2024,15
4919,2,AlphaTauri,298.36,36.53,42.87,23.73,2024,13
4920,12,RedBull,338.51,34.72,39.66,23.35,2024,12
4932,3,McLaren,343.97,34.13,44.35,34.19,2024,24
4935,5,Ferrari,285.26,33.82,40.3,34.87,2024,22
4940,9,Ferrari,333.69,25.77,36.67,26.24,2024,18
4942,15,Alpine,293.81,32.57,39.32,31.48,2024,21
4944,17,McLaren,305.08,34.23,30.26,25.68,2024,16
4945,9,Ferrari,325.9,33.69,35.95,30.14,2024,3
4947,6,Mercedes,333.73,34.08,40.89,33.33,2024,19
4948,3,McLaren,331.83,29.08,38.77,29.84,2024,4
4950,20,AlphaTauri,306.46,29.58,44.1,31.02,2024,17
4960,15,Alpine,291.05,33.81,44.32,24.0,2024,17
4962,6,Mercedes,317.51,33.12,37.49,21.62,2024,4
4966,14,Ferrari,338.09,34.8,43.51,33.33,2024,2
4968,2,AlphaTauri,344.27,28.95,40.52,23.51,2024,19
4974,17,McLaren,302.08,38.3,35.63,21.84,2024,9
4975,1,RedBull,341.6,37.05,37.87,23.17,2024,20
4977,14,Ferrari,321.36,37.82,41.1,20.61,2024,10
4978,6,Mercedes,329.42,31.31,40.95,28.17,2024,23
4979,13,Mercedes,334.86,28.0,41.51,29.92,2024,10
4980,14,Ferrari,306.09,31.45,36.6,28.93,2024,4
4981,5,Ferrari,317.74,25.84,31.41,24.27,2024,13
4983,19,McLaren,328.81,39.98,32.9,21.4,2024,13
4998,7,Alpine,333.64,38.56,36.88,23.37,2024,18
5005,5,Ferrari,286.28,30.18,41.87,22.18,2024,8
5011,16,RedBull,343.56,29.51,44.28,25.04,2024,16
5012,20,AlphaTauri,296.91,39.98,31.99,22.42,2024,22
5015,7,Alpine,341.86,27.22,30.7,24.43,2024,18
5017,15,Alpine,340.13,32.86,33.78,25.52,2024,10
5020,14,Ferrari,291.95,33.15,40.81,21.69,2024,11
5022,14,Ferrari,301.42,29.0,44.0,26.7,2024,1
5023,20,AlphaTauri,290.25,31.41,43.02,20.41,2024,1
5026,15,Alpine,321.26,35.4,43.98,24.0,2024,2
5035,6,Mercedes,311.48,26.19,32.59,26.72,2024,5
5037,17,McLaren,307.2,34.78,43.48,32.05,2024,18
5039,3,McLaren,305.66,38.74,34.67,26.21,2024,12
5045,4,Williams,280.44,37.45,32.55,20.4,2024,19
5046,6,Mercedes,326.52,35.0,34.72,27.12,2024,16
5051,13,Mercedes,293.93,27.37,38.93,21.97,2024,16
5052,14,Ferrari,281.99,34.39,31.47,26.12,2024,22
5056,12,RedBull,311.02,27.17,35.23,31.58,2024,18
5058,20,AlphaTauri,331.33,31.1,42.84,26.22,2024,4
5062,12,RedBull,296.8,33.02,32.59,26.16,2024,16
5065,4,Williams,336.83,37.52,34.27,24.68,2024,11
5070,1,RedBull,283.4,28.04,34.34,25.73,2024,18
5071,13,Mercedes,299.01,29.87,36.94,33.48,2024,4
5075,19,McLaren,287.1,27.99,37.84,25.65,2024,9
5078,8,Ferrari,331.59,39.62,32.82,24.99,2024,20
5093,19,McLaren,317.49,27.43,41.73,24.53,2024,11
5098,12,RedBull,337.83,28.43,44.61,34.04,2024,12
5099,2,AlphaTauri,286.57,26.47,34.28,28.79,2024,1
5101,6,Mercedes,325.69,27.65,34.38,33.91,2024,9
5102,11,Williams,320.47,33.45,36.72,23.79,2024,9
5103,9,Ferrari,286.0,25.28,39.36,21.31,2024,3
5105,14,Ferrari,282.78,37.0,36.31,32.86,2024,21
5107,15,Alpine,318.36,32.49,37.41,28.49,2024,4
5108,6,Mercedes,291.99,29.94,39.53,28.2,2024,22
5109,17,McLaren,285.79,34.33,40.29,31.31,2024,14
5114,3,McLaren,318.94,38.34,34.25,28.17,2024,24
5115,7,Alpine,288.95,36.98,32.14,34.53,2024,20
5119,11,Williams,318.41,34.02,43.31,33.62,2024,7
5122,15,Alpine,327.14,27.93,38.89,31.24,2024,13
5124,4,Williams,330.77,39.61,43.49,34.14,2024,11
5126,15,Alpine,303.32,35.99,44.65,26.74,2024,9
5130,2,AlphaTauri,283.9,28.17,40.72,28.51,2024,11
5140,4,Williams,296.26,32.37,41.32,34.99,2024,14
5152,13,Mercedes,296.12,26.89,30.31,23.45,2024,7
5153,7,Alpine,323.77,31.81,34.57,22.48,2024,24
5157,12,RedBull,302.34,36.23,40.67,21.14,2024,15
5160,4,Williams,325.65,39.87,32.83,30.43,2024,7
5176,2,AlphaTauri,305.83,29.37,39.34,27.88,2024,3
5178,12,RedBull,287.54,34.49,34.11,20.81,2024,20
5181,19,McLaren,286.26,29.17,43.35,21.85,2024,9
5183,5,Ferrari,329.27,37.11,41.09,20.53,2024,17
5186,13,Mercedes,322.61,27.06,38.56,30.54,2024,19
5189,11,Williams,300.27,25.27,31.58,31.16,2024,23
5192,2,AlphaTauri,292.68,37.31,31.47,30.91,2024,5
5195,16,RedBull,288.61,38.76,33.83,34.22,2024,22
5200,18,Ferrari,337.96,39.8,30.98,27.02,2024,19
5210,6,Mercedes,288.0,29.99,34.12,33.45,2024,10
5215,7,Alpine,314.04,25.81,36.54,27.07,2024,8
5217,16,RedBull,336.37,34.56,30.01,28.15,2024,13
5238,12,RedBull,285.93,32.79,39.48,32.47,2024,21
5239,7,Alpine,286.79,25.29,43.51,27.92,2024,12
5241,7,Alpine,323.39,39.77,30.58,24.38,2024,16
5244,19,McLaren,286.57,26.9,39.01,34.44,2024,8
5245,19,McLaren,323.7,38.21,41.95,29.27,2024,24
5246,13,Mercedes,340.31,29.24,42.85,32.56,2024,16
5250,3,McLaren,295.01,34.71,37.07,34.0,2024,2
5256,15,Alpine,319.32,37.26,30.23,30.2,2024,23
5258,5,Ferrari,288.38,28.85,33.74,30.76,2024,15
5262,8,Ferrari,323.8,25.68,38.74,31.17,2024,19
5264,20,AlphaTauri,287.1,31.9,38.39,31.38,2024,4
5267,3,McLaren,283.53,36.08,40.22,33.28,2024,20
5269,16,RedBull,300.83,36.02,34.13,32.42,2024,9
5286,14,Ferrari,291.73,25.46,34.98,32.52,2024,4
5287,13,Mercedes,289.09,26.63,35.2,22.78,2024,13
5288,13,Mercedes,339.05,36.24,44.94,34.29,2024,9
5289,12,RedBull,338.58,26.12,36.81,31.49,2024,10
5292,10,Alpine,321.25,30.77,33.56,30.08,2024,22
5297,19,McLaren,334.37,25.25,42.85,20.11,2024,11
5298,11,Williams,310.33,38.84,36.42,31.64,2024,7
5299,11,Williams,291.61,25.66,41.15,23.95,2024,6
5303,16,RedBull,329.16,38.37,42.83,22.51,2024,4
5307,8,Ferrari,319.84,30.24,44.99,34.25,2024,15
5318,19,McLaren,344.79,33.51,35.07,31.78,2024,8
5320,20,AlphaTauri,343.12,35.63,42.96,26.1,2024,4
5323,1,RedBull,291.69,33.23,43.04,25.83,2024,10
5324,1,RedBull,300.52,25.04,33.84,21.18,2024,18
5325,12,RedBull,319.62,31.37,34.88,33.04,2024,21
5330,11,Williams,331.02,26.42,31.49,31.24,2024,12
5333,18,Ferrari,286.39,25.97,37.81,23.38,2024,12
5336,11,Williams,327.39,29.61,40.79,31.42,2024,18
5344,4,Williams,311.42,32.65,34.69,27.79,2024,9
5352,14,Ferrari,334.26,26.49,39.39,26.23,2024,16
5356,12,RedBull,332.86,25.32,41.42,33.34,2024,11
5378,8,Ferrari,326.78,26.19,35.63,30.47,2024,5
5384,17,McLaren,336.89,34.54,42.58,22.42,2024,10
5387,9,Ferrari,312.7,26.93,41.66,31.45,2024,8
5393,10,Alpine,314.84,34.46,43.92,22.12,2024,6
5395,16,RedBull,320.38,36.78,39.46,31.39,2024,23
5399,1,RedBull,343.97,31.77,41.19,30.15,2024,20
5400,5,Ferrari,306.71,39.47,40.22,28.07,2024,22
5409,16,RedBull,315.63,39.69,31.69,20.59,2024,3
5414,12,RedBull,299.02,39.36,36.63,27.36,2024,23
5415,15,Alpine,322.99,37.35,42.74,34.83,2024,21
5420,6,Mercedes,300.27,32.62,34.21,28.11,2024,11
5421,7,Alpine,293.81,31.12,40.87,33.4,2024,8
5424,4,Williams,282.98,39.51,44.8,20.38,2024,8
5425,12,RedBull,344.26,33.64,33.5,20.88,2024,23
5427,6,Mercedes,280.37,25.71,44.62,32.82,2024,3
5430,3,McLaren,302.77,36.82,44.6,25.83,2024,7
5432,12,RedBull,335.34,25.1,33.98,23.82,2024,3
5442,20,AlphaTauri,281.99,34.63,43.91,24.42,2024,5
5449,17,McLaren,310.34,35.09,41.38,26.16,2024,15
5452,2,AlphaTauri,323.07,38.13,30.39,24.22,2024,1
5454,14,Ferrari,333.36,32.08,37.28,23.32,2024,3
5459,2,AlphaTauri,301.49,32.08,39.99,23.47,2024,4
5460,4,Williams,309.23,38.01,43.05,28.03,2024,16
5477,8,Ferrari,286.67,36.11,43.85,31.22,2024,17
5481,3,McLaren,342.15,26.85,39.59,20.44,2024,21
5482,2,AlphaTauri,314.72,26.28,40.04,24.73,2024,1
5490,12,RedBull,337.8,37.07,32.31,27.2,2024,19
5492,11,Williams,296.8,25.69,34.81,24.51,2024,21
5493,20,AlphaTauri,330.58,36.76,38.47,30.59,2024,18
5507,3,McLaren,339.04,29.62,34.29,25.34,2024,11
5512,11,Williams,280.06,39.64,34.63,29.33,2024,9
5513,4,Williams,327.95,31.92,43.34,29.21,2024,19
5518,16,RedBull,281.24,32.38,32.81,24.13,2024,20
5523,6,Mercedes,336.34,38.63,35.22,29.93,2024,24
5524,14,Ferrari,341.29,39.59,30.41,28.5,2024,8
5526,17,McLaren,288.24,29.75,42.41,22.21,2024,11
5540,19,McLaren,344.46,25.31,36.61,29.65,2024,17
5549,12,RedBull,305.71,29.49,41.54,28.29,2024,20
5556,17,McLaren,301.63,31.02,41.74,23.57,2024,13
5557,5,Ferrari,290.85,37.43,31.41,27.11,2024,7
5567,5,Ferrari,328.19,32.73,39.02,27.2,2024,20
5573,13,Mercedes,327.34,37.39,30.46,31.66,2024,16
5574,20,AlphaTauri,294.6,25.7,35.42,30.27,2024,4
5581,8,Ferrari,293.19,34.44,35.5,25.03,2024,4
5582,13,Mercedes,337.43,37.48,34.06,33.33,2024,21
5587,10,Alpine,339.4,36.34,32.32,34.44,2024,23
5593,1,RedBull,292.86,38.05,43.22,31.25,2024,18
5606,18,Ferrari,301.48,35.25,30.76,21.45,2024,16
5607,3,McLaren,314.26,37.0,36.69,20.34,2024,18
5609,20,AlphaTauri,313.99,37.45,41.79,31.12,2024,16
5612,10,Alpine,292.95,39.51,43.21,31.37,2024,4
5613,5,Ferrari,282.34,33.44,37.88,21.67,2024,2
5614,10,Alpine,285.92,33.97,43.19,26.93,2024,2
5623,2,AlphaTauri,283.63,39.92,44.24,30.81,2024,20
5629,2,AlphaTauri,319.43,35.4,38.0,32.07,2024,15
5630,19,McLaren,299.9,37.18,34.93,31.94,2024,21
5634,15,Alpine,315.86,39.98,41.46,21.52,2024,5
5637,20,AlphaTauri,332.95,28.82,42.89,26.22,2024,15
5638,2,AlphaTauri,299.54,38.9,41.39,29.11,2024,1
5639,5,Ferrari,314.84,37.19,37.47,20.78,2024,6
5643,16,RedBull,304.28,35.19,41.71,32.97,2024,5
5651,19,McLaren,343.02,27.25,35.97,32.39,2024,12
5652,4,Williams,297.81,32.93,41.76,20.11,2024,9
5653,9,Ferrari,295.82,30.64,40.09,27.02,2024,5
5661,18,Ferrari,280.05,37.09,32.86,29.07,2024,17
5666,7,Alpine,321.54,36.87,41.9,21.79,2024,3
5668,19,McLaren,333.51,25.87,39.33,24.58,2024,3
5671,19,McLaren,314.65,25.9,44.88,30.15,2024,19
5675,7,Alpine,332.26,37.78,43.43,21.3,2024,7
5682,6,Mercedes,321.07,32.46,30.69,22.33,2024,15
5684,12,RedBull,280.63,39.16,35.78,28.02,2024,23
5693,7,Alpine,280.3,32.23,34.15,32.01,2024,20
5699,13,Mercedes,336.22,27.21,34.98,31.19,2024,13
5701,2,AlphaTauri,311.15,29.16,34.65,28.29,2024,17
5707,3,McLaren,296.49,28.09,36.36,29.41,2024,1
5721,6,Mercedes,291.35,36.39,36.79,21.74,2024,16
5723,1,RedBull,282.94,39.61,41.72,25.15,2024,15
5728,1,RedBull,286.44,36.22,38.12,26.72,2024,8
5730,20,AlphaTauri,319.08,39.25,34.48,34.33,2024,7
5747,8,Ferrari,292.76,34.31,40.44,22.62,2024,2
5749,12,RedBull,297.75,37.65,38.38,33.59,2024,23
5751,9,Ferrari,306.28,26.01,39.75,26.46,2024,8
5752,5,Ferrari,284.85,32.58,42.98,23.21,2024,1
5758,8,Ferrari,306.91,37.66,38.76,34.03,2024,2
5762,8,Ferrari,333.16,37.38,43.25,21.14,2024,5
5766,18,Ferrari,332.96,38.85,31.56,21.96,2024,5
5767,1,RedBull,338.89,37.55,34.51,21.79,2024,16
5768,9,Ferrari,336.61,26.64,44.39,22.16,2024,7
5776,15,Alpine,282.36,38.16,37.96,27.0,2024,16
5781,13,Mercedes,282.53,37.36,43.15,25.61,2024,22
5782,14,Ferrari,333.29,25.49,40.33,30.96,2024,7
5788,2,AlphaTauri,335.43,26.6,34.83,25.2,2024,18
5789,15,Alpine,329.18,26.75,37.51,32.32,2024,7
5791,15,Alpine,290.09,36.24,33.89,26.26,2024,10
5794,3,McLaren,338.11,30.57,30.69,21.36,2024,24
5800,15,Alpine,288.98,32.66,33.27,32.52,2024,6
5805,15,Alpine,312.64,29.17,37.69,26.18,2024,2
5807,5,Ferrari,309.66,38.06,33.81,22.38,2024,23
5809,12,RedBull,311.05,25.91,33.07,33.55,2024,10
5811,4,Williams,283.61,27.86,38.56,32.85,2024,5
5820,8,Ferrari,284.46,32.12,33.71,28.7,2024,13
5823,18,Ferrari,324.43,34.24,33.34,33.55,2024,17
5825,1,RedBull,311.82,34.65,37.79,27.36,2024,1
5829,11,Williams,291.5,32.65,32.82,30.27,2024,12
5834,14,Ferrari,310.34,39.62,34.65,25.62,2024,20
5835,1,RedBull,305.38,31.92,43.6,26.11,2024,11
5838,12,RedBull,308.68,31.02,39.06,29.17,2024,12
5840,11,Williams,282.02,34.62,36.6,28.32,2024,19
5849,16,RedBull,307.8,30.24,44.15,22.88,2024,17
5850,10,Alpine,310.66,25.39,39.96,24.54,2024,5
5854,13,Mercedes,289.51,27.74,35.19,29.2,2024,10
5856,6,Mercedes,302.56,38.93,31.77,29.38,2024,6
5858,13,Mercedes,303.39,25.28,38.36,34.33,2024,11
5859,17,McLaren,292.15,29.32,39.59,21.68,2024,22
5861,19,McLaren,287.08,36.93,30.21,24.19,2024,8
5872,7,Alpine,319.34,27.32,41.1,34.43,2024,22
5876,20,AlphaTauri,320.42,25.83,37.2,24.65,2024,8
5879,8,Ferrari,344.49,36.08,30.23,27.63,2024,3
5884,11,Williams,304.07,38.73,37.93,25.5,2024,6
5890,15,Alpine,319.75,28.65,42.08,25.33,2024,19
5891,20,AlphaTauri,343.12,39.45,36.78,34.04,2024,5
5893,13,Mercedes,297.7,32.54,38.24,24.76,2024,3
5898,10,Alpine,305.6,27.79,35.38,32.31,2024,4
5903,5,Ferrari,335.43,30.76,30.21,31.02,2024,12
5904,5,Ferrari,302.26,36.93,30.7,28.2,2024,13
5913,9,Ferrari,304.45,29.11,34.82,32.29,2024,1
5921,16,RedBull,287.93,27.19,37.05,22.69,2024,13
5922,17,McLaren,290.72,26.44,43.04,30.97,2024,4
5923,14,Ferrari,308.45,33.24,34.76,20.58,2024,15
5924,7,Alpine,315.48,37.36,44.17,25.88,2024,1
5926,9,Ferrari,285.04,38.35,30.7,31.45,2024,5
5938,14,Ferrari,303.69,30.35,30.02,32.27,2024,15
5943,15,Alpine,339.14,26.29,33.54,31.98,2024,22
5945,15,Alpine,285.32,37.17,44.01,30.48,2024,17
5948,13,Mercedes,307.65,32.6,36.93,20.61,2024,16
5957,6,Mercedes,283.23,31.21,41.71,34.27,2024,5
5974,18,Ferrari,282.09,29.07,40.1,20.5,2024,10
5987,14,Ferrari,320.19,31.61,35.19,32.9,2024,3
5999,16,RedBull,329.3,27.78,43.31,31.7,2024,17
6001,17,McLaren,342.3,33.49,41.92,34.98,2024,22
6005,13,Mercedes,286.39,26.26,40.9,30.8,2024,23
6015,15,Alpine,341.08,26.54,35.95,28.25,2024,8
6018,10,Alpine,285.2,29.12,39.38,34.76,2024,3
6020,20,AlphaTauri,321.32,27.84,31.53,28.39,2024,12
6024,17,McLaren,309.12,31.29,30.27,34.43,2024,1
6026,12,RedBull,293.29,29.57,30.82,32.48,2024,2
6029,13,Mercedes,303.23,30.31,36.38,24.77,2024,16
6032,9,Ferrari,317.22,32.57,33.55,24.54,2024,5
6034,9,Ferrari,332.0,30.52,40.0,26.36,2024,22
6036,11,Williams,296.76,29.8,43.02,31.89,2024,4
6039,16,RedBull,288.59,31.38,34.45,28.02,2024,7
6041,15,Alpine,323.42,37.91,31.88,21.91,2024,7
6046,10,Alpine,284.71,38.64,39.9,27.09,2024,1
6052,1,RedBull,281.76,31.41,31.79,23.09,2024,6
6055,6,Mercedes,338.05,36.35,30.54,22.62,2024,7
6056,13,Mercedes,341.55,27.73,30.91,28.89,2024,18
6058,16,RedBull,298.4,38.49,33.5,23.67,2024,8
6065,18,Ferrari,285.13,38.55,32.59,32.66,2024,10
6066,1,RedBull,328.84,39.75,43.87,28.48,2024,6
6077,17,McLaren,286.13,36.12,38.34,28.68,2024,15
6078,4,Williams,318.1,33.71,36.73,33.45,2024,1
6098,2,AlphaTauri,284.01,25.73,36.98,25.61,2024,18
6102,13,Mercedes,321.83,30.18,32.2,27.88,2024,15
6107,13,Mercedes,325.76,35.85,39.74,20.77,2024,12
6108,3,McLaren,337.5,27.0,36.1,33.96,2024,24
6109,2,AlphaTauri,280.69,35.37,30.5,31.62,2024,3
6111,8,Ferrari,286.61,36.14,32.69,31.23,2024,18
6113,19,McLaren,312.14,33.92,42.81,31.16,2024,8
6122,12,RedBull,288.46,30.21,38.72,32.73,2024,11
6132,17,McLaren,289.4,31.28,41.55,22.57,2024,17
6140,9,Ferrari,340.05,25.02,40.43,32.69,2024,17
6150,10,Alpine,336.17,29.82,31.93,33.74,2024,7
6156,2,AlphaTauri,342.35,30.54,33.47,32.48,2024,2
6163,5,Ferrari,329.21,31.94,35.09,27.33,2024,2
6171,12,RedBull,286.46,38.19,35.46,22.79,2024,19
6173,1,RedBull,318.51,38.69,36.75,28.38,2024,6
6176,12,RedBull,289.84,32.46,33.21,21.34,2024,23
6180,13,Mercedes,336.0,26.44,43.61,24.2,2024,19
6181,13,Mercedes,321.15,30.69,31.33,21.9,2024,10
6189,14,Ferrari,339.16,29.37,37.69,29.82,2024,21
6192,4,Williams,344.5,26.15,38.6,34.19,2024,19
6194,12,RedBull,281.53,39.09,32.67,32.21,2024,20
6199,15,Alpine,307.35,31.89,34.4,31.15,2024,18
6204,1,RedBull,291.88,36.99,44.03,34.22,2024,10
6209,14,Ferrari,298.09,35.86,37.51,24.28,2024,14
6212,9,Ferrari,317.14,38.69,44.97,29.83,2024,4
6218,15,Alpine,301.95,34.22,42.5,23.58,2024,6
6229,2,AlphaTauri,318.3,30.86,39.58,33.8,2024,1
6233,11,Williams,296.68,26.9,43.99,23.05,2024,13
6247,9,Ferrari,304.65,37.56,43.39,21.04,2024,22
6248,18,Ferrari,320.75,39.74,31.49,30.57,2024,10
6252,1,RedBull,305.76,39.47,33.75,28.03,2024,8
6255,1,RedBull,281.27,30.83,38.88,20.2,2024,21
6261,4,Williams,289.96,35.37,40.25,28.58,2024,18
6271,8,Ferrari,335.76,34.16,32.5,24.92,2024,18
6272,16,RedBull,286.61,26.04,44.84,29.31,2024,21
6280,3,McLaren,304.71,28.22,41.22,32.82,2024,16
6285,5,Ferrari,334.91,35.15,40.85,21.6,2024,18
6290,1,RedBull,282.5,28.21,43.58,20.88,2024,11
6295,10,Alpine,331.83,36.19,38.48,26.45,2024,16
6298,20,AlphaTauri,328.37,29.18,43.71,26.65,2024,7
6302,7,Alpine,300.82,34.79,41.93,23.96,2024,3
6310,14,Ferrari,298.01,35.01,43.72,31.58,2024,23
6316,4,Williams,315.34,32.63,30.77,22.31,2024,13
6317,20,AlphaTauri,284.6,28.81,30.15,21.64,2024,11
6319,1,RedBull,291.59,32.85,31.77,34.69,2024,18
6323,5,Ferrari,336.59,31.78,36.53,33.54,2024,18
6327,16,RedBull,300.02,29.82,31.71,26.55,2024,22
6330,5,Ferrari,318.36,38.09,35.05,25.4,2024,5
6337,4,Williams,323.68,28.72,38.31,23.94,2024,11
6342,12,RedBull,317.75,39.71,35.41,27.04,2024,16
6345,6,Mercedes,295.77,31.41,42.15,33.92,2024,10
6347,15,Alpine,314.9,26.24,32.22,22.26,2024,3
6348,9,Ferrari,316.32,36.71,30.99,31.19,2024,9
6354,8,Ferrari,326.6,26.18,31.18,31.05,2024,4
6357,6,Mercedes,339.58,37.99,40.27,28.45,2024,9
6370,10,Alpine,335.6,25.75,38.53,33.9,2024,23
6375,11,Williams,298.12,33.81,38.5,28.39,2024,14
6378,15,Alpine,293.54,39.95,36.8,26.55,2024,10
6380,11,Williams,286.85,32.46,37.57,23.15,2024,5
6386,6,Mercedes,336.22,35.07,40.24,23.32,2024,17
6387,7,Alpine,313.43,30.59,39.84,26.96,2024,23
6390,5,Ferrari,336.19,34.47,43.02,27.96,2024,8
6400,6,Mercedes,310.63,30.23,37.47,30.26,2024,9
6403,4,Williams,303.59,25.77,38.01,32.77,2024,24
6413,6,Mercedes,320.65,29.77,42.06,26.07,2024,14
6424,4,Williams,325.72,39.4,38.71,30.45,2024,7
6426,7,Alpine,283.74,34.12,30.59,20.96,2024,7
6429,14,Ferrari,297.95,32.47,30.32,26.45,2024,22
6432,5,Ferrari,296.16,34.53,36.12,28.05,2024,14
6438,18,Ferrari,319.9,25.12,35.57,25.92,2024,21
6442,4,Williams,321.17,31.14,37.5,21.28,2024,14
6449,14,Ferrari,320.15,39.95,34.86,33.99,2024,12
6450,8,Ferrari,291.42,27.02,38.0,27.88,2024,15
6451,11,Williams,304.48,35.65,38.21,32.53,2024,10
6455,4,Williams,338.15,38.48,34.67,21.51,2024,20
6457,11,Williams,291.33,25.19,41.05,34.89,2024,4
6458,9,Ferrari,300.47,34.55,32.07,34.86,2024,7
6463,20,AlphaTauri,339.51,33.14,40.52,28.96,2024,3
6467,3,McLaren,312.11,39.72,35.96,22.01,2024,13
6468,16,RedBull,287.13,34.94,43.15,21.28,2024,8
6471,7,Alpine,309.11,39.49,44.69,29.79,2024,9
6476,20,AlphaTauri,321.65,34.19,40.6,26.31,2024,4
6482,19,McLaren,318.1,37.56,32.87,31.99,2024,8
6483,20,AlphaTauri,298.18,29.95,31.23,31.34,2024,14
6485,16,RedBull,333.59,34.7,43.5,23.15,2024,19
6486,11,Williams,332.46,32.7,41.48,24.79,2024,17
6488,1,RedBull,309.08,25.32,39.63,28.18,2024,11
6494,19,McLaren,332.12,33.93,42.44,29.04,2024,2
6495,6,Mercedes,311.04,36.99,32.98,30.56,2024,12
6497,13,Mercedes,328.08,34.56,33.15,33.01,2024,17
6505,1,RedBull,343.88,31.66,40.32,33.49,2024,16
6510,16,RedBull,314.55,30.09,39.83,26.43,2024,10
6512,2,AlphaTauri,289.88,35.65,42.71,20.77,2024,11
6525,13,Mercedes,332.52,28.28,35.38,20.24,2024,4
6529,1,RedBull,332.75,31.9,34.29,26.2,2024,21
6531,5,Ferrari,324.59,39.42,43.04,35.0,2024,14
6532,6,Mercedes,326.98,34.58,30.61,22.82,2024,24
6534,14,Ferrari,290.56,32.38,41.52,27.1,2024,7
6535,1,RedBull,315.89,34.75,41.44,25.49,2024,6
6537,19,McLaren,315.9,33.11,31.1,24.05,2024,24
6540,20,AlphaTauri,320.13,25.76,39.16,23.37,2024,5
6544,18,Ferrari,285.74,34.0,30.41,34.3,2024,12
6548,5,Ferrari,314.18,32.9,34.73,31.86,2024,7
6567,3,McLaren,289.07,28.44,41.6,29.07,2024,19
6568,3,McLaren,329.6,33.43,43.15,22.24,2024,2
6576,11,Williams,334.58,25.82,30.59,25.69,2024,2
6577,6,Mercedes,314.78,29.77,39.17,25.73,2024,13
6579,18,Ferrari,321.92,39.13,36.67,21.32,2024,5
6581,12,RedBull,338.06,26.49,33.61,24.13,2024,3
6584,11,Williams,291.18,26.9,34.3,26.79,2024,2
6588,17,McLaren,292.74,31.51,36.61,23.07,2024,8
6590,10,Alpine,309.54,33.25,38.67,31.94,2024,23
6592,16,RedBull,332.44,31.26,34.96,32.45,2024,20
6593,13,Mercedes,308.93,35.37,40.4,26.59,2024,4
6595,15,Alpine,280.92,32.71,32.42,32.47,2024,4
6607,7,Alpine,308.08,29.41,30.98,30.64,2024,4
6609,12,RedBull,293.28,37.04,37.4,28.94,2024,5
6611,16,RedBull,324.05,39.14,40.12,34.84,2024,10
6616,10,Alpine,283.04,29.03,37.66,31.88,2024,3
6618,16,RedBull,323.97,37.81,35.78,32.77,2024,22
6621,10,Alpine,331.75,28.12,35.78,27.1,2024,11
6623,2,AlphaTauri,293.75,28.69,39.52,25.13,2024,24
6627,18,Ferrari,334.84,25.64,40.61,27.43,2024,2
6629,13,Mercedes,301.86,29.59,37.54,33.17,2024,3
6632,17,McLaren,334.98,32.53,36.61,34.65,2024,4
6633,3,McLaren,293.68,25.55,43.87,30.82,2024,8
6635,9,Ferrari,293.85,30.52,31.69,21.61,2024,22
6638,17,McLaren,306.9,38.05,40.26,26.72,2024,9
6643,17,McLaren,313.01,36.51,32.62,31.54,2024,16
6647,3,McLaren,344.73,27.48,34.17,33.96,2024,23
6648,6,Mercedes,304.42,26.39,33.99,32.38,2024,1
6652,14,Ferrari,343.31,27.24,31.66,34.2,2024,21
6653,14,Ferrari,290.78,33.91,35.31,25.47,2024,21
6657,14,Ferrari,283.64,35.49,35.59,28.65,2024,15
6658,9,Ferrari,313.56,29.88,32.71,29.84,2024,18
6660,8,Ferrari,290.43,26.25,39.83,24.2,2024,11
6666,2,AlphaTauri,335.39,29.39,40.39,25.84,2024,23
6667,12,RedBull,303.94,29.18,31.75,33.53,2024,22
6668,1,RedBull,284.97,36.14,44.24,31.28,2024,6
6674,18,Ferrari,305.19,32.99,31.95,23.42,2024,3
6678,2,AlphaTauri,333.57,27.76,35.51,28.78,2024,14
6679,7,Alpine,339.03,39.52,44.03,31.73,2024,24
6682,16,RedBull,337.66,39.04,34.1,26.56,2024,18
6683,19,McLaren,307.84,35.1,34.85,26.31,2024,14
6689,11,Williams,302.37,31.17,38.76,26.43,2024,18
6692,3,McLaren,289.17,33.58,34.77,27.22,2024,22
6693,1,RedBull,321.82,31.03,42.87,21.6,2024,19
6698,3,McLaren,281.61,31.1,30.11,29.38,2024,13
6707,2,AlphaTauri,333.33,26.48,41.9,24.95,2024,17
6712,15,Alpine,335.27,33.52,35.22,28.73,2024,12
6715,14,Ferrari,280.44,37.85,40.12,22.57,2024,6
6718,12,RedBull,303.31,34.24,39.61,30.44,2024,22
6719,8,Ferrari,281.34,26.51,36.41,33.27,2024,6
6724,14,Ferrari,296.38,28.15,32.06,26.97,2024,13
6732,2,AlphaTauri,302.94,31.35,31.19,22.98,2024,18
6734,9,Ferrari,319.18,28.29,44.89,25.74,2024,18
6735,6,Mercedes,333.66,39.25,36.13,24.9,2024,18
6736,15,Alpine,335.35,38.07,39.7,20.54,2024,1
6741,15,Alpine,337.72,32.95,44.5,34.49,2024,3
6745,8,Ferrari,301.37,31.44,31.0,27.44,2024,14
6756,15,Alpine,340.48,36.98,38.32,33.27,2024,15
6760,5,Ferrari,307.05,39.27,32.81,28.02,2024,8
6774,9,Ferrari,287.99,26.24,36.07,29.91,2024,15
6778,2,AlphaTauri,326.8,30.18,31.03,33.4,2024,19
6779,10,Alpine,305.5,34.97,31.98,27.79,2024,4
6784,1,RedBull,316.61,32.16,36.4,31.15,2024,12
6785,14,Ferrari,300.02,39.3,40.55,24.73,2024,4
6788,4,Williams,319.85,31.52,41.39,34.26,2024,15
6789,10,Alpine,321.35,32.48,40.69,26.56,2024,6
6791,20,AlphaTauri,323.44,37.08,35.16,26.15,2024,3
6799,16,RedBull,290.56,36.91,30.01,32.92,2024,6
6800,4,Williams,340.85,26.66,42.39,30.23,2024,22
6806,6,Mercedes,286.0,31.48,39.12,29.05,2024,19
6816,10,Alpine,283.7,29.35,33.97,25.51,2024,11
6818,19,McLaren,323.58,32.66,33.4,21.3,2024,4
6821,13,Mercedes,288.9,39.13,35.32,28.36,2024,11
6825,6,Mercedes,333.6,33.22,44.06,23.53,2024,18
6827,12,RedBull,322.65,27.24,34.07,24.68,2024,7
6828,19,McLaren,311.06,30.37,37.8,23.78,2024,2
6829,9,Ferrari,310.85,33.41,32.93,21.13,2024,15
6833,18,Ferrari,302.91,28.42,35.08,20.03,2024,17
6834,17,McLaren,317.95,30.2,35.49,26.81,2024,4
6842,20,AlphaTauri,325.28,38.28,31.25,22.63,2024,24
6844,13,Mercedes,298.68,28.6,42.33,23.03,2024,4
6845,17,McLaren,291.08,37.08,31.05,27.4,2024,12
6856,10,Alpine,339.79,30.03,40.73,31.73,2024,15
6862,20,AlphaTauri,333.9,38.87,32.49,33.66,2024,15
6863,3,McLaren,323.1,36.18,44.27,29.16,2024,2
6870,14,Ferrari,330.35,25.48,43.43,29.82,2024,15
6871,10,Alpine,283.29,25.64,36.45,27.24,2024,24
6873,2,AlphaTauri,342.19,30.45,35.7,33.04,2024,3
6876,20,AlphaTauri,326.11,31.24,31.0,21.02,2024,6
6884,2,AlphaTauri,335.83,37.65,39.31,28.51,2024,6
6886,9,Ferrari,295.62,33.04,32.84,25.8,2024,22
6889,7,Alpine,308.99,37.32,31.84,27.33,2024,17
6891,13,Mercedes,324.36,27.06,31.92,34.78,2024,15
6894,2,AlphaTauri,337.82,37.99,41.56,31.56,2024,14
6897,13,Mercedes,336.57,30.55,35.1,32.56,2024,1
6898,19,McLaren,300.01,32.62,32.98,28.69,2024,20
6899,20,AlphaTauri,337.62,27.89,41.22,25.27,2024,14
6903,17,McLaren,325.74,37.11,36.18,20.47,2024,22
6904,1,RedBull,324.59,27.3,41.3,32.05,2024,19
6906,3,McLaren,305.74,35.4,39.39,28.8,2024,19
6911,16,RedBull,284.89,30.42,41.53,28.78,2024,11
6915,8,Ferrari,325.91,33.75,33.34,31.49,2024,14
6916,14,Ferrari,292.3,33.99,40.93,23.46,2024,22
6917,3,McLaren,282.28,32.49,31.09,21.59,2024,16
6922,8,Ferrari,323.56,32.92,32.91,31.45,2024,7
6923,18,Ferrari,282.16,35.48,37.58,28.52,2024,9
6925,7,Alpine,338.67,39.85,40.16,20.7,2024,16
6927,6,Mercedes,309.8,26.23,37.67,25.57,2024,11
6928,13,Mercedes,314.85,25.57,38.42,34.73,2024,14
6936,8,Ferrari,313.46,30.52,32.62,20.48,2024,9
6938,6,Mercedes,304.59,33.85,34.61,23.44,2024,2
6942,19,McLaren,318.22,33.1,39.04,20.06,2024,1
6943,5,Ferrari,294.09,39.86,43.71,23.73,2024,24
6954,13,Mercedes,284.22,31.81,36.56,34.83,2024,24
6956,14,Ferrari,336.48,37.7,34.12,29.29,2024,4
6967,1,RedBull,319.81,32.24,33.65,28.27,2024,24
6969,18,Ferrari,308.91,30.71,40.19,21.43,2024,13
6972,18,Ferrari,285.48,30.65,34.91,23.83,2024,6
6998,3,McLaren,339.95,36.72,33.59,34.63,2024,23
7004,19,McLaren,293.82,38.77,35.33,21.53,2024,2
7007,14,Ferrari,282.62,30.97,44.7,30.46,2024,3
7017,13,Mercedes,331.76,36.92,30.36,20.99,2024,8
7019,10,Alpine,316.0,37.45,34.08,25.9,2024,6
7026,14,Ferrari,292.23,28.0,31.98,28.75,2024,24
7034,2,AlphaTauri,306.82,39.41,40.61,22.94,2024,19
7039,13,Mercedes,282.6,30.27,38.11,27.27,2024,11
7042,16,RedBull,307.03,36.71,37.34,33.62,2024,3
7052,1,RedBull,300.73,28.38,40.67,24.83,2024,21
7053,13,Mercedes,305.4,32.41,35.33,29.75,2024,10
7060,18,Ferrari,283.87,30.6,36.65,29.57,2024,6
7061,15,Alpine,291.4,29.8,38.09,20.68,2024,17
7068,15,Alpine,343.45,38.23,34.82,34.09,2024,11
7069,11,Williams,339.18,25.92,35.47,33.89,2024,20
7070,6,Mercedes,295.58,38.95,43.35,27.2,2024,9
7072,18,Ferrari,333.14,31.52,38.55,20.89,2024,20
7076,18,Ferrari,299.96,27.35,36.11,28.29,2024,1
7077,18,Ferrari,336.02,30.53,36.65,23.64,2024,6
7078,7,Alpine,335.46,38.21,32.99,21.19,2024,11
7086,16,RedBull,317.2,28.68,42.16,23.8,2024,18
7087,19,McLaren,326.07,35.55,33.48,30.52,2024,5
7091,11,Williams,336.2,29.31,38.53,33.7,2024,23
7096,1,RedBull,287.49,34.19,44.97,30.85,2024,12
7099,17,McLaren,286.52,33.84,34.53,31.81,2024,22
7112,17,McLaren,311.99,34.43,37.93,22.7,2024,1
7113,20,AlphaTauri,283.58,39.2,32.57,30.56,2024,21
7119,4,Williams,283.42,37.01,36.26,29.92,2024,13
7121,4,Williams,327.54,35.93,33.42,22.44,2024,9
7125,6,Mercedes,341.9,38.74,30.1,30.09,2024,2
7126,18,Ferrari,296.61,28.84,44.43,20.31,2024,24
7128,14,Ferrari,282.5,30.25,35.19,28.35,2024,16
7131,4,Williams,283.06,33.74,42.86,29.36,2024,19
7132,4,Williams,341.46,36.65,33.35,31.3,2024,14
7134,12,RedBull,326.36,25.74,31.83,27.11,2024,15
7138,8,Ferrari,295.16,39.41,36.66,33.01,2024,23
7145,12,RedBull,344.65,25.15,32.64,30.98,2024,15
7149,20,AlphaTauri,308.13,39.36,35.8,26.76,2024,22
7150,12,RedBull,295.76,33.21,43.94,32.65,2024,23
7151,11,Williams,307.48,31.29,40.46,28.82,2024,1
7157,4,Williams,324.08,35.84,33.85,21.08,2024,10
7159,8,Ferrari,304.49,31.09,36.68,26.35,2024,2
7163,4,Williams,299.38,38.65,30.77,22.92,2024,5
7165,19,McLaren,287.48,33.05,44.8,32.69,2024,1
7167,18,Ferrari,314.27,35.66,44.82,27.09,2024,5
7168,4,Williams,310.47,32.23,38.22,31.46,2024,7
7177,11,Williams,297.98,34.26,32.67,27.2,2024,17
7181,8,Ferrari,308.37,37.19,33.42,27.13,2024,18
7182,2,AlphaTauri,313.85,33.31,35.6,24.78,2024,12
7186,5,Ferrari,343.02,37.63,41.96,24.79,2024,21
7188,13,Mercedes,325.58,28.32,40.91,25.59,2024,11
7191,19,McLaren,298.82,37.28,34.09,20.78,2024,13
7192,17,McLaren,315.56,34.21,42.76,22.07,2024,16
7198,2,AlphaTauri,322.98,31.8,36.09,31.03,2024,24
7199,1,RedBull,343.72,32.78,41.41,25.92,2024,11
7206,3,McLaren,290.37,38.3,34.18,20.14,2024,6
7210,12,RedBull,292.02,37.3,44.19,25.45,2024,7
7219,15,Alpine,328.58,38.56,42.89,26.63,2024,13
7226,17,McLaren,302.65,35.13,30.45,28.63,2024,10
7243,3,McLaren,305.41,27.84,33.81,29.08,2024,18
7246,17,McLaren,329.83,38.14,39.56,34.41,2024,22
7255,10,Alpine,330.72,38.48,39.84,27.07,2024,23
7257,14,Ferrari,296.07,39.96,34.56,26.89,2024,24
7258,13,Mercedes,285.23,30.62,32.75,31.26,2024,20
7260,18,Ferrari,288.61,25.91,30.12,24.43,2024,21
7262,8,Ferrari,312.99,37.35,41.5,30.65,2024,21
7263,7,Alpine,305.11,34.77,37.85,30.91,2024,10
7265,16,RedBull,319.64,34.67,30.66,20.86,2024,10
7266,19,McLaren,320.74,36.35,44.04,33.94,2024,18
7267,5,Ferrari,304.6,36.98,42.62,25.1,2024,20
7273,17,McLaren,290.36,36.83,33.83,30.04,2024,15
7275,11,Williams,329.34,26.39,34.6,27.22,2024,16
7278,11,Williams,282.36,36.95,39.1,34.05,2024,16
7288,5,Ferrari,299.72,37.29,32.63,29.27,2024,5
7289,7,Alpine,280.82,26.46,36.77,34.73,2024,7
7290,3,McLaren,306.73,25.63,40.65,28.45,2024,11
7295,14,Ferrari,311.38,30.9,41.15,27.22,2024,20
7298,15,Alpine,298.09,37.1,37.67,23.16,2024,19
7305,12,RedBull,299.39,37.89,30.11,24.92,2024,1
7306,17,McLaren,320.63,26.98,40.4,30.47,2024,9
7315,11,Williams,319.22,34.33,41.36,34.02,2024,21
7318,9,Ferrari,310.54,38.64,41.68,30.8,2024,2
7319,17,McLaren,298.5,27.11,39.44,21.2,2024,24
7330,18,Ferrari,301.05,38.91,35.15,22.87,2024,23
7332,4,Williams,323.83,36.64,41.15,34.39,2024,20
7334,8,Ferrari,300.04,38.89,41.89,28.05,2024,2
7335,12,RedBull,322.36,37.22,31.67,30.48,2024,7
7339,5,Ferrari,301.41,31.33,38.1,27.05,2024,2
7340,5,Ferrari,314.88,27.82,33.32,28.88,2024,6
7351,1,RedBull,305.5,30.03,42.18,21.56,2024,22
7352,14,Ferrari,329.07,34.14,30.55,28.21,2024,23
7362,13,Mercedes,323.51,38.45,37.76,24.38,2024,20
7367,12,RedBull,301.29,31.02,34.02,31.84,2024,13
7370,19,McLaren,284.96,37.24,35.37,32.87,2024,10
7372,8,Ferrari,320.36,26.98,33.96,23.34,2024,19
7374,12,RedBull,336.07,33.36,34.21,25.82,2024,14
7378,5,Ferrari,304.92,34.2,43.55,20.1,2024,10
7386,20,AlphaTauri,299.18,25.4,37.05,34.25,2024,4
7388,4,Williams,295.08,35.33,30.51,23.4,2024,24
7391,1,RedBull,337.57,33.21,31.23,21.67,2024,13
7408,20,AlphaTauri,312.78,35.18,42.14,31.36,2024,11
7409,13,Mercedes,289.73,32.43,35.88,20.14,2024,13
7414,6,Mercedes,335.3,27.76,41.83,22.71,2024,11
7416,7,Alpine,289.38,27.99,33.28,29.13,2024,8
7420,19,McLaren,321.8,30.97,34.84,22.54,2024,7
7422,15,Alpine,301.5,38.71,31.6,23.84,2024,23
7425,15,Alpine,343.5,26.33,38.13,26.76,2024,16
7430,3,McLaren,316.41,32.93,37.7,28.31,2024,5
7441,18,Ferrari,296.76,39.07,44.46,33.66,2024,5
7442,14,Ferrari,293.82,29.2,42.97,28.9,2024,23
7444,9,Ferrari,341.6,38.41,35.78,23.94,2024,20
7449,20,AlphaTauri,342.13,26.25,40.57,29.02,2024,13
7450,12,RedBull,319.17,31.69,39.79,30.49,2024,9
7452,7,Alpine,338.06,30.58,30.85,21.64,2024,15
7456,15,Alpine,284.18,27.37,41.47,26.78,2024,2
7457,2,AlphaTauri,322.48,36.34,36.83,20.09,2024,7
7464,17,McLaren,340.03,34.22,30.08,20.17,2024,19
7465,6,Mercedes,332.01,27.62,42.44,21.01,2024,23
7466,18,Ferrari,287.2,33.88,41.78,21.7,2024,2
7475,15,Alpine,334.53,25.45,34.65,26.6,2024,19
7485,20,AlphaTauri,335.37,29.21,39.39,33.06,2024,4
7486,18,Ferrari,332.32,35.42,40.58,32.22,2024,16
7491,14,Ferrari,338.28,38.72,37.06,23.83,2024,4
7496,2,AlphaTauri,288.34,28.08,32.26,21.94,2024,3
7497,7,Alpine,343.45,29.78,41.22,33.87,2024,16
7499,15,Alpine,280.34,35.13,38.53,30.39,2024,20
7500,11,Williams,281.9,30.38,30.51,28.99,2024,11
7503,12,RedBull,318.23,37.23,33.03,23.35,2024,6
7511,10,Alpine,334.41,29.03,31.33,21.96,2024,14
7518,7,Alpine,344.89,36.85,36.38,33.43,2024,11
7520,14,Ferrari,283.1,31.9,32.81,31.12,2024,19
7521,10,Alpine,299.47,29.97,37.55,33.35,2024,5
7524,16,RedBull,329.3,26.02,44.57,34.61,2024,8
7525,8,Ferrari,321.45,36.27,44.29,28.64,2024,24
7529,15,Alpine,287.62,29.69,43.46,32.41,2024,20
7531,17,McLaren,296.05,38.67,36.9,31.68,2024,5
7532,12,RedBull,341.52,38.83,43.88,24.32,2024,7
7533,4,Williams,310.99,32.96,39.28,30.55,2024,7
7542,4,Williams,323.04,38.94,40.31,21.19,2024,11
7544,8,Ferrari,343.19,25.04,33.84,33.44,2024,12
7545,19,McLaren,309.47,37.19,36.7,23.07,2024,3
7549,8,Ferrari,282.01,38.7,36.86,30.69,2024,16
7562,12,RedBull,302.13,25.73,31.86,24.72,2024,1
7563,13,Mercedes,297.12,32.96,32.19,22.85,2024,6
7570,19,McLaren,314.84,36.75,39.91,20.15,2024,17
7578,11,Williams,320.81,31.96,35.09,23.24,2024,13
7579,11,Williams,320.21,37.81,39.85,21.52,2024,19
7586,15,Alpine,289.32,32.94,41.07,32.67,2024,23
7594,5,Ferrari,307.65,35.91,34.01,25.3,2024,7
7596,2,AlphaTauri,291.84,31.04,40.97,28.04,2024,6
7600,16,RedBull,321.97,35.26,33.76,33.91,2024,8
7602,12,RedBull,323.97,35.87,43.98,21.65,2024,14
7609,5,Ferrari,294.07,32.93,43.36,25.77,2024,18
7611,15,Alpine,330.45,34.4,30.09,32.56,2024,4
7623,13,Mercedes,304.92,30.06,36.66,32.3,2024,22
7632,2,AlphaTauri,321.57,38.53,42.38,34.62,2024,21
7636,16,RedBull,305.94,28.26,30.1,33.93,2024,16
7637,9,Ferrari,336.68,26.82,35.06,29.4,2024,23
7638,9,Ferrari,292.53,28.11,34.48,33.18,2024,3
7640,7,Alpine,306.2,31.7,39.76,25.58,2024,12
7644,5,Ferrari,324.78,26.46,34.5,34.91,2024,22
7645,12,RedBull,330.59,28.81,35.0,23.12,2024,17
7648,1,RedBull,320.5,35.62,41.8,28.35,2024,15
7650,14,Ferrari,318.33,36.42,43.32,21.64,2024,2
7657,17,McLaren,302.18,34.53,35.81,27.89,2024,16
7660,20,AlphaTauri,332.72,32.01,38.76,25.93,2024,4
7661,11,Williams,316.99,35.58,32.1,24.19,2024,15
7664,13,Mercedes,310.6,34.76,31.54,23.92,2024,2
7671,6,Mercedes,281.01,31.2,34.18,28.69,2024,15
7674,14,Ferrari,331.83,36.56,35.94,29.58,2024,12
7679,5,Ferrari,327.71,25.86,40.01,29.17,2024,23
7683,7,Alpine,315.17,32.86,41.69,20.1,2024,17
7686,9,Ferrari,309.35,29.27,31.3,20.38,2024,2
7692,4,Williams,312.47,37.24,44.28,32.44,2024,6
7694,13,Mercedes,307.32,37.34,37.1,34.58,2024,3
7704,1,RedBull,326.21,39.69,30.71,31.79,2024,17
7708,15,Alpine,344.53,39.4,39.68,27.8,2024,18
7711,18,Ferrari,312.77,37.16,41.7,25.2,2024,10
7717,20,AlphaTauri,297.04,29.46,41.49,20.14,2024,23
7721,19,McLaren,342.27,34.62,37.05,30.48,2024,17
7727,13,Mercedes,311.44,34.01,34.41,22.21,2024,21
7728,7,Alpine,330.43,25.98,39.7,28.09,2024,21
7736,11,Williams,286.8,34.54,41.59,23.06,2024,17
7737,20,AlphaTauri,337.26,38.09,30.16,24.04,2024,2
7741,7,Alpine,284.2,26.65,33.79,23.53,2024,21
7742,2,AlphaTauri,284.52,39.12,31.81,30.31,2024,6
7745,3,McLaren,336.13,28.4,34.78,27.93,2024,18
7747,9,Ferrari,317.8,28.07,37.4,31.39,2024,2
7750,13,Mercedes,310.09,31.09,37.22,20.48,2024,19
7752,9,Ferrari,291.12,29.9,41.2,25.07,2024,5
7755,3,McLaren,306.88,38.2,34.16,23.28,2024,4
7759,17,McLaren,283.26,28.18,44.13,22.13,2024,8
7761,4,Williams,316.21,30.16,41.87,26.57,2024,6
7766,13,Mercedes,337.89,31.6,34.01,34.18,2024,4
7770,11,Williams,316.76,38.28,42.59,33.87,2024,20
7773,7,Alpine,338.56,33.84,40.86,21.65,2024,20
7774,18,Ferrari,316.89,30.09,39.33,20.2,2024,20
7782,11,Williams,323.36,29.33,37.1,20.16,2024,14
7785,6,Mercedes,301.47,26.69,30.14,33.32,2024,19
7796,7,Alpine,313.41,35.3,40.29,25.91,2024,5
7803,12,RedBull,325.35,36.22,40.29,25.97,2024,3
7806,8,Ferrari,335.34,30.99,36.58,27.35,2024,21
7809,8,Ferrari,302.8,26.6,41.4,33.83,2024,17
7817,9,Ferrari,305.5,35.05,31.6,33.88,2024,15
7821,2,AlphaTauri,298.85,36.68,33.32,23.18,2024,15
7834,16,RedBull,314.95,37.3,44.69,31.01,2024,12
7836,11,Williams,319.92,33.62,34.58,20.37,2024,22
7841,12,RedBull,312.31,25.2,36.93,20.39,2024,11
7843,6,Mercedes,305.42,28.22,39.53,32.4,2024,3
7844,16,RedBull,319.9,35.08,35.11,27.44,2024,20
7849,7,Alpine,296.55,31.08,36.14,33.26,2024,4
7852,8,Ferrari,302.9,27.84,31.9,22.7,2024,24
7853,11,Williams,298.71,31.2,43.64,25.14,2024,8
7868,12,RedBull,284.36,36.47,35.02,32.02,2024,13
7871,20,AlphaTauri,317.82,37.57,39.58,23.88,2024,23
7876,8,Ferrari,325.69,31.62,36.29,26.5,2024,7
7881,7,Alpine,292.43,34.64,35.03,34.78,2024,13
7882,4,Williams,313.56,28.21,43.58,22.57,2024,2
7884,17,McLaren,282.87,37.46,39.52,21.52,2024,2
7885,9,Ferrari,285.67,26.42,38.21,28.14,2024,24
7886,3,McLaren,325.73,38.2,34.24,22.15,2024,1
7896,9,Ferrari,340.08,32.57,33.69,24.46,2024,3
7904,12,RedBull,318.83,31.77,33.9,23.45,2024,5
7910,6,Mercedes,297.82,31.98,42.23,28.6,2024,11
7911,3,McLaren,297.24,35.58,36.75,28.55,2024,3
7912,13,Mercedes,329.47,36.41,31.63,33.21,2024,19
7921,15,Alpine,335.82,31.76,43.99,34.9,2024,23
7922,17,McLaren,310.9,27.41,39.97,32.22,2024,24
7925,4,Williams,311.91,32.18,35.2,26.43,2024,24
7930,13,Mercedes,320.38,31.72,34.41,23.01,2024,15
7931,17,McLaren,330.6,28.74,33.24,33.44,2024,18
7932,11,Williams,288.24,25.83,41.32,26.86,2024,12
7938,7,Alpine,322.73,33.21,34.05,25.58,2024,5
7939,17,McLaren,287.55,33.88,32.9,28.48,2024,15
7952,15,Alpine,310.02,26.1,42.51,25.03,2024,21
7953,4,Williams,315.57,28.51,38.66,27.76,2024,1
7958,1,RedBull,293.42,33.98,39.5,31.33,2024,15
7964,9,Ferrari,324.49,38.51,35.0,26.67,2024,6
7976,17,McLaren,293.25,37.33,31.11,32.76,2024,7
7978,15,Alpine,290.65,30.97,43.38,32.39,2024,4
7979,3,McLaren,315.69,26.63,33.5,27.46,2024,18
7982,1,RedBull,329.71,36.0,42.44,26.02,2024,17
7986,3,McLaren,340.71,29.82,34.35,31.22,2024,18
7987,14,Ferrari,324.26,28.83,42.53,23.28,2024,15
7992,10,Alpine,336.5,36.11,40.5,34.26,2024,8
7993,11,Williams,284.26,25.96,39.4,24.78,2024,20
7995,4,Williams,285.08,27.46,34.63,31.92,2024,9
7996,7,Alpine,313.31,34.14,33.47,27.22,2024,10
7998,6,Mercedes,283.2,33.86,36.87,34.53,2024,16
8008,9,Ferrari,327.29,28.07,33.06,27.79,2024,7
8012,14,Ferrari,301.67,28.85,44.74,26.89,2024,10
8022,6,Mercedes,301.16,37.32,43.75,21.45,2024,4
8023,20,AlphaTauri,313.39,29.15,42.95,33.11,2024,3
8024,9,Ferrari,341.41,25.36,33.59,34.44,2024,19
8028,6,Mercedes,292.99,37.5,32.97,20.62,2024,10
8031,9,Ferrari,289.56,34.67,32.07,20.54,2024,6
8033,4,Williams,305.71,28.29,38.06,33.41,2024,4
8034,4,Williams,285.76,28.09,38.97,27.78,2024,14
8035,13,Mercedes,327.08,30.1,37.2,34.06,2024,12
8039,17,McLaren,286.49,33.73,41.35,33.18,2024,14
8043,13,Mercedes,321.67,30.21,33.59,27.49,2024,8
8044,5,Ferrari,297.58,25.22,43.99,32.68,2024,12
8046,8,Ferrari,339.37,39.62,38.06,29.91,2024,22
8050,11,Williams,314.4,27.66,36.1,30.17,2024,24
8055,11,Williams,333.82,36.18,36.34,20.17,2024,15
8056,6,Mercedes,324.22,39.18,35.23,27.07,2024,4
8057,17,McLaren,284.0,35.0,32.7,32.31,2024,17
8058,8,Ferrari,282.71,27.58,39.8,25.17,2024,2
8059,10,Alpine,280.99,29.89,32.94,34.93,2024,13
8070,15,Alpine,317.6,26.15,43.23,31.5,2024,5
8079,17,McLaren,344.45,30.69,39.48,22.63,2024,10
8081,2,AlphaTauri,283.94,34.77,30.33,28.52,2024,23
8083,18,Ferrari,319.62,34.04,35.54,26.76,2024,11
8084,8,Ferrari,286.28,37.88,33.4,23.81,2024,18
8086,16,RedBull,305.6,31.51,36.8,30.99,2024,24
8087,3,McLaren,335.12,25.52,32.61,25.98,2024,21
8089,14,Ferrari,282.36,32.12,41.31,25.07,2024,8
8092,7,Alpine,312.63,27.49,35.89,24.57,2024,17
8094,17,McLaren,324.39,39.71,37.0,23.22,2024,5
8103,14,Ferrari,298.86,37.06,41.88,31.84,2024,7
8104,19,McLaren,341.08,34.92,40.1,31.17,2024,10
8107,15,Alpine,280.98,30.39,38.23,30.96,2024,3
8121,5,Ferrari,311.14,37.78,36.69,33.24,2024,18
8125,8,Ferrari,320.62,38.41,44.9,22.28,2024,11
8131,17,McLaren,342.31,38.24,41.55,25.36,2024,6
8139,17,McLaren,312.98,33.72,36.89,20.31,2024,5
8149,15,Alpine,316.5,28.71,43.17,23.04,2024,7
8156,17,McLaren,282.59,33.04,39.62,34.09,2024,12
8157,14,Ferrari,309.97,33.49,38.12,30.77,2024,4
8161,5,Ferrari,308.96,33.58,39.83,31.26,2024,19
8162,4,Williams,314.59,34.86,41.12,26.67,2024,23
8170,9,Ferrari,330.26,25.44,36.87,32.09,2024,6
8172,15,Alpine,301.03,39.62,37.79,26.78,2024,15
8175,19,McLaren,289.92,32.75,30.64,26.3,2024,8
8188,18,Ferrari,306.74,37.22,42.13,29.57,2024,12
8190,12,RedBull,308.94,39.48,32.55,20.41,2024,2
8192,13,Mercedes,290.28,29.83,30.51,30.68,2024,2
8198,9,Ferrari,336.47,33.16,37.67,27.06,2024,21
8199,10,Alpine,329.55,33.54,32.81,20.35,2024,15
8203,19,McLaren,311.49,33.71,35.37,23.95,2024,10
8209,7,Alpine,308.85,30.62,37.46,29.75,2024,5
8217,13,Mercedes,301.82,30.01,38.81,26.9,2024,22
8221,18,Ferrari,280.37,29.37,32.26,24.87,2024,14
8223,14,Ferrari,287.24,36.91,41.12,27.63,2024,1
8225,1,RedBull,289.11,37.7,36.76,30.79,2024,23
8231,9,Ferrari,336.2,35.25,44.74,26.54,2024,5
8239,17,McLaren,290.89,27.49,43.63,28.5,2024,13
8241,19,McLaren,320.0,27.51,30.54,33.41,2024,5
8243,1,RedBull,307.57,27.69,39.56,31.57,2024,16
8250,7,Alpine,297.97,27.88,30.74,22.23,2024,19
8253,19,McLaren,313.49,37.69,36.59,20.88,2024,10
8274,19,McLaren,283.25,35.64,30.53,30.14,2024,17
8276,19,McLaren,310.29,31.03,35.17,33.8,2024,15
8286,18,Ferrari,299.07,33.0,41.47,25.13,2024,1
8288,16,RedBull,344.37,35.12,36.82,23.53,2024,3
8289,11,Williams,302.17,26.25,40.67,20.56,2024,2
8291,15,Alpine,337.92,26.62,44.99,33.28,2024,16
8295,19,McLaren,343.31,38.19,41.09,28.24,2024,4
8297,3,McLaren,308.31,29.23,33.96,25.05,2024,4
8299,17,McLaren,320.39,31.83,30.64,34.01,2024,6
8300,18,Ferrari,301.4,25.22,44.7,26.7,2024,12
8308,13,Mercedes,304.45,29.82,39.45,20.5,2024,23
8312,10,Alpine,299.96,38.16,41.51,24.24,2024,19
8321,15,Alpine,306.78,30.94,38.43,27.26,2024,7
8324,9,Ferrari,311.88,39.06,37.6,22.97,2024,17
8327,5,Ferrari,297.75,34.76,37.98,21.01,2024,22
8329,8,Ferrari,310.63,31.0,37.49,29.96,2024,4
8332,14,Ferrari,340.01,28.08,32.85,29.49,2024,4
8333,18,Ferrari,306.15,30.31,41.74,26.61,2024,17
8334,12,RedBull,327.86,38.9,31.52,28.16,2024,19
8335,19,McLaren,284.28,34.72,43.19,31.17,2024,12
8337,4,Williams,319.3,27.57,37.57,27.04,2024,19
8346,6,Mercedes,313.84,26.33,31.64,26.37,2024,11
8359,11,Williams,287.34,33.96,30.25,23.37,2024,15
8365,4,Williams,301.67,35.59,33.83,28.56,2024,19
8367,7,Alpine,304.66,35.08,38.02,27.59,2024,8
8368,3,McLaren,323.41,39.43,34.2,22.46,2024,7
8369,7,Alpine,304.39,29.57,32.54,30.01,2024,21
8381,6,Mercedes,300.64,35.47,44.13,31.65,2024,5
8382,20,AlphaTauri,334.07,38.87,31.64,20.22,2024,8
8389,9,Ferrari,321.04,26.13,36.37,28.78,2024,6
8393,5,Ferrari,343.67,37.66,35.93,20.36,2024,12
8394,12,RedBull,308.61,26.94,38.59,33.16,2024,14
8395,9,Ferrari,290.08,25.09,37.25,29.8,2024,7
8396,14,Ferrari,284.24,31.58,37.4,24.2,2024,2
8397,8,Ferrari,283.66,39.28,42.21,23.66,2024,8
8400,13,Mercedes,332.9,25.59,40.53,28.34,2024,5
8406,18,Ferrari,300.96,37.62,31.12,27.08,2024,3
8410,20,AlphaTauri,296.81,38.51,40.44,33.92,2024,18
8411,5,Ferrari,326.88,27.31,40.6,29.04,2024,13
8412,16,RedBull,303.58,36.49,38.25,25.23,2024,9
8415,16,RedBull,286.18,30.65,38.7,32.14,2024,16
8416,16,RedBull,314.3,27.57,31.85,34.15,2024,10
8421,5,Ferrari,337.96,39.52,44.66,22.75,2024,7
8429,8,Ferrari,316.07,38.64,34.66,20.03,2024,24
8433,1,RedBull,338.26,33.29,32.45,30.96,2024,8
8437,3,McLaren,288.78,25.52,42.11,23.9,2024,8
8439,18,Ferrari,308.51,33.75,44.65,23.21,2024,1
8440,7,Alpine,324.87,29.67,35.98,33.28,2024,15
8443,16,RedBull,287.87,29.08,35.02,31.23,2024,13
8446,13,Mercedes,301.35,25.9,37.68,24.15,2024,17
8447,18,Ferrari,285.45,29.44,44.0,23.91,2024,5
8454,15,Alpine,327.81,34.54,39.23,34.39,2024,13
8455,13,Mercedes,300.95,29.6,33.76,34.0,2024,23
8459,16,RedBull,296.97,31.97,32.98,24.67,2024,14
8461,4,Williams,344.0,38.71,40.55,33.14,2024,22
8463,3,McLaren,313.94,39.19,38.36,33.05,2024,19
8466,4,Williams,313.41,30.57,41.67,32.45,2024,2
8472,2,AlphaTauri,340.73,34.68,42.56,28.96,2024,5
8483,7,Alpine,342.51,31.42,33.66,21.07,2024,7
8489,1,RedBull,288.19,25.16,42.42,25.71,2024,6
8495,14,Ferrari,341.01,38.12,36.62,34.64,2024,7
8496,12,RedBull,338.63,29.95,39.32,31.27,2024,11
8501,13,Mercedes,305.52,30.97,30.08,26.88,2024,1
8506,4,Williams,287.24,37.04,44.34,34.02,2024,9
8508,13,Mercedes,320.55,39.14,37.81,21.02,2024,15
8510,15,Alpine,288.79,37.79,39.14,25.79,2024,4
8511,11,Williams,295.94,26.07,43.41,29.17,2024,16
8520,19,McLaren,306.8,33.86,44.59,33.09,2024,6
8528,9,Ferrari,304.88,27.06,43.47,27.93,2024,1
8530,11,Williams,334.21,34.77,38.87,29.13,2024,11
8533,5,Ferrari,305.93,34.48,43.32,22.47,2024,24
8534,17,McLaren,334.53,28.59,31.01,23.95,2024,22
8536,2,AlphaTauri,331.27,37.44,44.61,31.3,2024,1
8537,16,RedBull,302.28,31.04,43.97,28.38,2024,16
8538,4,Williams,343.96,36.81,35.75,34.16,2024,3
8545,12,RedBull,309.86,26.6,44.5,22.63,2024,6
8548,2,AlphaTauri,288.82,27.94,34.37,26.44,2024,8
8549,16,RedBull,289.14,35.99,32.95,30.98,2024,8
8556,2,AlphaTauri,297.34,35.35,32.06,20.67,2024,7
8558,16,RedBull,329.78,27.98,36.07,31.19,2024,4
8562,15,Alpine,334.79,27.88,41.65,31.88,2024,1
8569,2,AlphaTauri,328.65,33.78,32.03,22.84,2024,13
8573,9,Ferrari,292.75,34.53,37.68,25.54,2024,5
8574,16,RedBull,344.35,28.55,41.31,21.83,2024,22
8575,7,Alpine,333.35,33.26,37.89,22.1,2024,6
8585,1,RedBull,314.97,33.34,43.56,33.01,2024,19
8588,16,RedBull,326.02,26.73,42.78,34.83,2024,20
8589,20,AlphaTauri,327.74,35.84,35.69,21.46,2024,11
8591,16,RedBull,312.05,31.95,41.48,27.5,2024,22
8597,7,Alpine,335.86,36.5,37.35,28.88,2024,13
8603,8,Ferrari,309.99,37.29,32.42,27.01,2024,7
8606,8,Ferrari,293.27,29.9,41.82,20.32,2024,18
8608,1,RedBull,293.4,30.09,34.09,21.42,2024,17
8611,15,Alpine,296.49,35.29,43.55,28.87,2024,19
8613,17,McLaren,313.69,26.53,42.63,20.07,2024,20
8617,2,AlphaTauri,292.4,35.16,41.81,21.56,2024,6
8620,16,RedBull,285.98,27.2,30.02,31.5,2024,6
8629,8,Ferrari,331.22,38.44,31.88,20.79,2024,19
8630,3,McLaren,331.76,35.85,34.41,33.16,2024,13
8631,14,Ferrari,338.47,35.19,34.12,32.46,2024,1
8632,6,Mercedes,317.22,32.78,30.51,25.07,2024,6
8643,7,Alpine,328.79,29.01,36.68,25.71,2024,3
8644,8,Ferrari,304.61,33.66,32.57,26.04,2024,6
8657,4,Williams,306.9,33.16,37.75,27.93,2024,13
8658,6,Mercedes,335.47,28.12,35.13,27.94,2024,6
8660,7,Alpine,282.3,26.55,42.95,31.57,2024,8
8670,6,Mercedes,303.82,31.71,38.93,26.58,2024,21
8673,14,Ferrari,303.2,37.09,35.67,27.15,2024,13
8674,12,RedBull,325.83,38.02,33.39,28.47,2024,5
8685,8,Ferrari,340.71,33.64,41.62,28.5,2024,8
8690,17,McLaren,340.75,33.94,34.42,20.33,2024,10
8694,11,Williams,298.0,29.03,33.7,22.27,2024,20
8697,10,Alpine,312.92,28.2,41.3,24.76,2024,4
8699,8,Ferrari,341.42,28.95,33.43,29.67,2024,18
8705,14,Ferrari,313.02,34.42,40.95,29.53,2024,11
8706,6,Mercedes,319.82,31.78,43.97,31.0,2024,3
8715,10,Alpine,305.23,37.74,37.86,32.2,2024,2
8717,5,Ferrari,327.02,36.2,43.88,32.47,2024,15
8728,8,Ferrari,287.37,26.34,43.19,26.06,2024,6
8732,16,RedBull,324.16,30.28,38.85,32.45,2024,19
8750,16,RedBull,341.67,30.23,41.96,25.92,2024,12
8751,12,RedBull,334.55,33.15,30.54,23.88,2024,10
8758,5,Ferrari,290.52,35.15,36.65,22.35,2024,9
8759,20,AlphaTauri,331.53,29.83,36.72,30.62,2024,2
8766,15,Alpine,335.32,29.24,34.51,29.71,2024,8
8768,7,Alpine,303.22,38.78,42.95,32.72,2024,5
8783,10,Alpine,334.88,27.27,34.01,30.85,2024,8
8784,10,Alpine,295.1,27.52,41.24,30.17,2024,5
8789,14,Ferrari,314.65,30.51,35.64,32.78,2024,4
8795,15,Alpine,340.85,25.25,44.54,28.13,2024,5
8801,2,AlphaTauri,298.26,29.68,37.79,32.95,2024,13
8802,12,RedBull,329.02,38.61,36.34,24.87,2024,13
8808,19,McLaren,339.42,25.46,30.16,24.1,2024,13
8809,11,Williams,323.42,34.8,41.86,33.15,2024,9
8811,14,Ferrari,313.81,25.96,41.04,20.07,2024,8
8814,11,Williams,312.55,35.27,31.21,31.92,2024,21
8826,15,Alpine,336.52,37.7,32.03,27.09,2024,10
8834,8,Ferrari,303.85,28.57,34.86,33.99,2024,13
8836,7,Alpine,344.41,33.36,40.21,32.92,2024,23
8840,12,RedBull,316.06,35.54,40.04,22.43,2024,12
8851,13,Mercedes,336.82,29.61,31.61,28.11,2024,15
8853,2,AlphaTauri,305.52,38.53,41.16,21.74,2024,14
8854,7,Alpine,304.43,38.07,36.17,26.68,2024,9
8863,11,Williams,299.46,28.32,33.82,24.32,2024,21
8866,2,AlphaTauri,299.2,37.14,42.36,25.69,2024,10
8872,13,Mercedes,340.74,30.97,32.84,20.01,2024,14
8875,18,Ferrari,323.67,35.97,30.42,32.49,2024,24
8878,16,RedBull,319.82,37.94,44.24,30.0,2024,24
8881,5,Ferrari,301.11,33.3,36.79,21.45,2024,9
8882,2,AlphaTauri,329.46,37.12,37.0,22.51,2024,11
8884,15,Alpine,294.66,37.47,31.12,23.45,2024,18
8887,3,McLaren,296.84,33.61,34.12,31.02,2024,8
8888,9,Ferrari,289.58,34.4,31.49,20.66,2024,21
8892,5,Ferrari,342.3,34.91,33.9,31.99,2024,10
8893,11,Williams,329.27,33.53,40.41,21.74,2024,14
8896,3,McLaren,318.99,30.22,38.98,32.69,2024,1
8901,1,RedBull,282.95,31.38,37.28,26.08,2024,12
8902,8,Ferrari,292.71,39.65,37.36,30.62,2024,19
8904,14,Ferrari,334.56,36.98,33.6,34.26,2024,15
8908,10,Alpine,304.26,33.65,39.67,21.06,2024,23
8911,19,McLaren,337.03,28.35,35.22,26.0,2024,19
8913,2,AlphaTauri,292.92,35.99,40.85,34.4,2024,6
8914,5,Ferrari,285.85,36.98,40.25,25.25,2024,12
8918,18,Ferrari,303.76,30.45,34.93,26.5,2024,4
8924,15,Alpine,288.51,35.39,34.8,23.57,2024,17
8926,3,McLaren,286.56,35.94,38.38,28.97,2024,9
8930,15,Alpine,293.15,36.04,44.26,31.19,2024,16
8931,3,McLaren,291.35,26.04,31.46,25.75,2024,18
8932,6,Mercedes,323.19,36.2,32.51,30.87,2024,13
8933,2,AlphaTauri,321.61,27.09,34.24,33.04,2024,15
8935,17,McLaren,309.89,26.19,38.28,29.93,2024,11
8949,17,McLaren,340.03,35.92,34.38,31.22,2024,2
8962,15,Alpine,322.54,25.97,34.02,34.31,2024,7
8963,7,Alpine,289.82,35.16,43.13,30.21,2024,7
8964,1,RedBull,295.34,27.95,43.73,30.37,2024,1
8970,10,Alpine,328.62,28.22,35.55,20.62,2024,17
8979,13,Mercedes,332.05,34.31,33.22,34.35,2024,5
8985,7,Alpine,286.82,26.2,43.05,27.92,2024,2
8986,3,McLaren,320.12,38.85,42.06,20.31,2024,20
8987,11,Williams,310.46,34.32,31.89,28.65,2024,8
8997,2,AlphaTauri,308.27,33.9,32.49,32.61,2024,2
9000,7,Alpine,337.18,32.34,42.01,30.19,2024,8
9006,14,Ferrari,329.49,35.35,39.53,32.31,2024,6
9011,14,Ferrari,289.48,39.48,31.37,24.95,2024,7
9012,11,Williams,332.75,32.51,44.0,34.93,2024,15
9014,2,AlphaTauri,317.21,39.97,41.73,32.77,2024,23
9016,2,AlphaTauri,299.24,34.14,36.55,21.97,2024,11
9017,12,RedBull,325.34,34.02,43.99,28.29,2024,1
9023,18,Ferrari,335.35,35.68,35.74,26.8,2024,3
9034,5,Ferrari,302.3,31.97,43.6,24.09,2024,17
9036,13,Mercedes,291.23,38.81,41.81,32.06,2024,23
9042,11,Williams,306.61,39.15,32.75,21.9,2024,18
9043,6,Mercedes,289.02,31.0,41.97,32.39,2024,2
9051,19,McLaren,311.65,35.21,42.68,26.12,2024,11
9053,9,Ferrari,326.33,26.3,36.55,25.28,2024,17
9055,17,McLaren,293.83,29.28,36.26,32.74,2024,14
9059,10,Alpine,312.86,37.87,42.47,22.4,2024,9
9061,6,Mercedes,329.22,29.95,40.9,27.26,2024,10
9062,16,RedBull,280.13,30.52,35.93,30.72,2024,2
9066,1,RedBull,297.8,33.37,30.51,20.76,2024,15
9069,6,Mercedes,284.81,31.85,30.97,32.64,2024,2
9073,17,McLaren,299.59,35.64,34.01,34.91,2024,15
9075,16,RedBull,344.17,27.95,30.13,27.27,2024,16
9076,11,Williams,302.19,36.77,41.51,20.97,2024,8
9077,12,RedBull,333.32,36.27,30.62,26.33,2024,2
9079,15,Alpine,303.35,38.12,35.14,31.33,2024,23
9090,8,Ferrari,308.25,29.8,41.02,30.35,2024,14
9091,18,Ferrari,302.13,34.39,39.01,20.36,2024,24
9092,2,AlphaTauri,302.18,29.87,42.06,31.39,2024,3
9093,20,AlphaTauri,314.58,34.82,33.53,21.27,2024,12
9099,17,McLaren,338.71,38.65,33.12,24.11,2024,16
9101,11,Williams,333.3,29.6,41.87,21.69,2024,6
9105,13,Mercedes,313.68,25.6,41.55,20.46,2024,6
9107,6,Mercedes,340.17,26.73,33.94,34.92,2024,21
9109,12,RedBull,321.87,30.82,38.49,23.85,2024,8
9114,4,Williams,310.38,33.45,40.02,34.51,2024,6
9120,18,Ferrari,344.62,37.34,38.51,31.87,2024,19
9124,10,Alpine,290.15,34.4,39.6,27.22,2024,17
9126,19,McLaren,329.45,27.2,42.83,20.04,2024,12
9136,11,Williams,341.45,35.6,40.18,27.23,2024,24
9139,8,Ferrari,305.42,34.89,31.73,30.74,2024,10
9143,4,Williams,327.55,26.19,33.28,21.6,2024,16
9144,4,Williams,301.64,29.43,38.97,22.46,2024,4
9146,9,Ferrari,332.74,34.15,41.1,28.83,2024,4
9151,20,AlphaTauri,323.61,27.72,34.63,30.59,2024,19
9155,12,RedBull,298.34,31.95,30.31,27.11,2024,17
9160,18,Ferrari,317.24,27.29,39.61,21.96,2024,7
9165,3,McLaren,315.8,33.42,40.69,34.83,2024,18
9172,4,Williams,287.12,31.24,37.37,30.37,2024,4
9174,3,McLaren,340.02,39.6,44.08,22.81,2024,22
9175,13,Mercedes,283.87,36.14,32.73,22.35,2024,17
9186,11,Williams,327.14,36.28,40.94,30.81,2024,13
9187,6,Mercedes,294.84,38.73,43.63,28.73,2024,7
9189,5,Ferrari,332.52,26.25,42.42,32.13,2024,17
9190,11,Williams,328.25,30.09,40.0,32.47,2024,5
9194,10,Alpine,344.5,26.65,40.86,34.06,2024,7
9199,2,AlphaTauri,336.25,28.05,32.7,30.75,2024,21
9200,9,Ferrari,332.57,31.11,39.34,34.26,2024,13
9205,8,Ferrari,310.94,36.8,38.9,22.63,2024,11
9206,15,Alpine,334.46,27.25,31.65,28.61,2024,15
9214,11,Williams,300.86,38.97,30.06,32.32,2024,2
9216,17,McLaren,342.92,26.04,32.85,20.24,2024,14
9222,18,Ferrari,286.99,35.33,43.47,30.45,2024,20
9228,8,Ferrari,329.62,37.03,41.46,24.8,2024,14
9231,16,RedBull,305.7,28.87,44.69,25.27,2024,11
9233,4,Williams,333.86,39.95,30.44,32.61,2024,6
9237,6,Mercedes,310.0,26.91,31.19,24.82,2024,1
9238,7,Alpine,337.5,38.46,43.25,33.04,2024,11
9239,19,McLaren,286.3,29.3,44.56,22.26,2024,4
9242,20,AlphaTauri,308.67,26.65,39.59,34.88,2024,13
9243,3,McLaren,296.17,35.05,38.84,25.59,2024,14
9244,6,Mercedes,282.25,35.59,39.56,23.08,2024,17
9245,8,Ferrari,336.25,33.43,39.87,33.48,2024,20
9249,6,Mercedes,341.42,25.48,30.87,34.01,2024,10
9250,20,AlphaTauri,323.12,37.35,37.24,27.85,2024,2
9251,9,Ferrari,324.52,32.0,34.98,27.78,2024,9
9252,17,McLaren,302.31,38.02,35.54,22.4,2024,10
9256,5,Ferrari,337.12,29.04,34.9,20.35,2024,3
9259,15,Alpine,286.4,30.41,39.1,20.58,2024,5
9264,13,Mercedes,334.37,36.98,36.31,23.41,2024,24
9268,19,McLaren,312.0,26.01,37.11,34.81,2024,19
9280,20,AlphaTauri,312.0,39.33,36.25,32.64,2024,1
9282,9,Ferrari,338.45,28.38,33.14,33.81,2024,15
9296,10,Alpine,294.01,34.91,34.11,30.28,2024,20
9298,3,McLaren,332.8,35.06,40.88,22.91,2024,2
9300,14,Ferrari,305.68,25.8,40.82,33.18,2024,2
9302,17,McLaren,334.85,32.85,43.59,30.48,2024,7
9303,2,AlphaTauri,330.88,26.9,44.28,34.36,2024,22
9312,4,Williams,289.99,34.57,30.26,28.7,2024,24
9322,10,Alpine,300.42,33.43,33.04,26.5,2024,6
9327,18,Ferrari,304.59,37.09,41.96,32.44,2024,16
9328,18,Ferrari,304.77,30.11,31.14,33.56,2024,5
9329,16,RedBull,310.4,38.42,44.74,29.92,2024,6
9344,3,McLaren,287.95,27.87,43.93,29.64,2024,15
9345,19,McLaren,344.58,27.16,44.71,28.09,2024,17
9356,17,McLaren,338.63,28.57,37.82,30.16,2024,13
9357,6,Mercedes,338.35,29.3,43.33,22.99,2024,19
9363,19,McLaren,328.49,34.44,40.83,32.7,2024,9
9364,8,Ferrari,331.31,31.42,35.76,20.92,2024,15
9368,15,Alpine,328.26,38.17,30.96,34.68,2024,8
9369,16,RedBull,341.48,37.85,31.7,28.65,2024,5
9371,8,Ferrari,291.21,37.22,39.22,23.2,2024,2
9392,8,Ferrari,299.11,25.5,40.44,26.87,2024,22
9400,9,Ferrari,300.78,40.0,33.36,31.41,2024,23
9401,4,Williams,321.24,37.88,40.36,26.87,2024,14
9407,20,AlphaTauri,338.25,28.05,44.42,27.79,2024,14
9409,18,Ferrari,303.24,33.48,30.84,22.64,2024,11
9411,1,RedBull,280.09,32.21,35.71,23.28,2024,9
9424,6,Mercedes,294.5,30.43,35.35,20.82,2024,7
9425,13,Mercedes,300.62,30.18,40.52,22.42,2024,7
9426,3,McLaren,342.55,27.51,42.74,24.9,2024,24
9427,4,Williams,318.54,38.5,38.74,20.37,2024,11
9431,7,Alpine,305.73,25.14,39.21,27.03,2024,10
9434,5,Ferrari,291.72,33.5,43.37,20.81,2024,17
9436,18,Ferrari,306.82,28.83,41.33,22.02,2024,13
9439,16,RedBull,320.86,33.58,36.41,29.93,2024,6
9440,19,McLaren,343.86,37.72,40.66,29.54,2024,16
9444,4,Williams,310.04,37.99,37.24,25.86,2024,15
9445,9,Ferrari,283.26,26.76,36.52,21.5,2024,23
9450,2,AlphaTauri,281.93,32.61,36.26,31.28,2024,17
9458,4,Williams,302.65,36.17,37.67,21.68,2024,2
9459,1,RedBull,320.63,31.74,32.15,28.24,2024,3
9461,15,Alpine,320.22,30.16,37.44,26.23,2024,8
9467,6,Mercedes,344.27,37.21,33.07,26.98,2024,4
9469,8,Ferrari,309.38,37.3,31.47,31.9,2024,11
9474,15,Alpine,294.86,35.7,30.28,27.18,2024,9
9491,15,Alpine,312.11,31.96,36.44,23.84,2024,17
9494,13,Mercedes,285.91,26.86,38.07,29.72,2024,11
9497,8,Ferrari,306.92,35.83,42.48,20.11,2024,15
9505,1,RedBull,328.81,33.86,40.62,34.19,2024,3
9507,14,Ferrari,331.71,32.57,33.06,27.29,2024,7
9515,10,Alpine,323.78,30.81,33.14,27.47,2024,21
9517,4,Williams,322.58,27.72,44.19,25.33,2024,22
9522,12,RedBull,296.94,28.84,42.86,24.25,2024,1
9523,5,Ferrari,295.17,25.37,41.15,25.16,2024,22
9524,11,Williams,318.95,33.89,33.02,30.59,2024,5
9525,19,McLaren,289.34,25.27,41.32,28.39,2024,23
9526,3,McLaren,341.07,30.52,30.85,33.36,2024,18
9527,14,Ferrari,291.68,26.68,32.26,28.3,2024,1
9532,9,Ferrari,286.65,26.0,42.86,32.84,2024,4
9551,9,Ferrari,280.27,34.39,30.01,32.76,2024,7
9556,15,Alpine,294.51,34.29,30.01,31.53,2024,20
9559,13,Mercedes,287.1,32.13,38.82,25.14,2024,23
9560,15,Alpine,313.04,32.42,37.27,27.37,2024,8
9563,3,McLaren,304.58,31.49,40.59,24.66,2024,8
9575,18,Ferrari,316.38,29.68,30.29,29.03,2024,21
9577,2,AlphaTauri,330.94,30.4,41.3,29.87,2024,23
9578,4,Williams,303.08,37.14,33.24,27.08,2024,3
9579,10,Alpine,339.02,33.16,38.98,29.92,2024,10
9582,11,Williams,318.31,31.42,30.34,33.15,2024,6
9585,2,AlphaTauri,308.97,27.81,42.45,20.08,2024,7
9586,11,Williams,334.12,39.91,32.72,29.65,2024,10
9602,13,Mercedes,313.05,34.37,34.16,20.21,2024,4
9604,19,McLaren,335.58,38.78,39.01,34.49,2024,23
9605,2,AlphaTauri,337.0,30.86,35.6,22.36,2024,24
9606,14,Ferrari,318.35,36.61,37.33,21.64,2024,22
9607,18,Ferrari,336.96,38.12,41.65,34.28,2024,15
9608,12,RedBull,340.84,29.3,37.87,20.66,2024,6
9616,9,Ferrari,305.57,38.72,43.42,28.75,2024,4
9621,20,AlphaTauri,314.32,25.56,39.13,22.42,2024,15
9622,8,Ferrari,306.29,30.74,39.4,31.37,2024,20
9623,13,Mercedes,335.92,37.01,42.67,32.55,2024,19
9627,15,Alpine,294.6,30.89,41.38,21.24,2024,6
9634,19,McLaren,331.04,40.0,36.92,33.44,2024,7
9641,5,Ferrari,314.84,26.4,34.19,25.89,2024,8
9645,5,Ferrari,303.72,26.58,32.63,32.02,2024,4
9647,7,Alpine,316.41,25.81,31.24,20.25,2024,22
9656,5,Ferrari,298.7,28.58,36.23,22.77,2024,21
9664,4,Williams,328.58,34.21,30.43,26.98,2024,20
9667,13,Mercedes,319.29,38.04,37.29,26.0,2024,7
9673,6,Mercedes,305.15,32.54,31.17,24.29,2024,21
9674,3,McLaren,320.72,25.95,40.22,25.53,2024,24
9675,8,Ferrari,285.16,27.28,42.27,22.26,2024,17
9679,7,Alpine,305.41,37.86,41.99,34.41,2024,19
9688,15,Alpine,307.43,34.15,43.46,30.31,2024,22
9689,8,Ferrari,305.19,31.53,43.24,26.68,2024,4
9690,15,Alpine,334.52,27.26,43.88,24.8,2024,2
9691,4,Williams,322.92,26.15,38.82,29.17,2024,7
9697,18,Ferrari,287.18,37.8,38.15,32.78,2024,21
9698,20,AlphaTauri,334.48,28.15,42.99,30.05,2024,6
9701,5,Ferrari,297.55,26.15,43.9,20.48,2024,7
9703,8,Ferrari,335.9,26.47,40.83,25.37,2024,22
9709,17,McLaren,299.16,33.26,30.59,28.68,2024,23
9717,1,RedBull,320.99,32.91,31.37,30.2,2024,16
9718,14,Ferrari,337.46,36.83,31.13,28.19,2024,17
9726,2,AlphaTauri,300.07,27.09,32.02,32.32,2024,20
9734,1,RedBull,328.21,34.84,32.16,23.39,2024,13
9735,10,Alpine,327.31,37.19,42.83,30.07,2024,7
9737,11,Williams,340.8,36.15,43.77,24.8,2024,19
9738,12,RedBull,309.26,38.66,43.72,33.43,2024,19
9749,9,Ferrari,305.3,38.73,34.72,25.09,2024,6
9750,1,RedBull,306.32,35.74,31.91,31.03,2024,8
9754,7,Alpine,335.44,35.38,30.2,32.59,2024,14
9757,9,Ferrari,340.93,36.82,42.91,31.1,2024,6
9758,13,Mercedes,306.76,35.9,33.68,23.72,2024,5
9767,19,McLaren,338.03,36.11,42.93,23.59,2024,1
9770,9,Ferrari,283.4,34.1,41.36,34.44,2024,9
9774,19,McLaren,321.84,29.52,38.6,29.27,2024,20
9776,12,RedBull,327.22,38.05,43.89,31.3,2024,2
9779,5,Ferrari,310.66,27.56,32.7,26.45,2024,10
9781,8,Ferrari,325.1,37.71,35.24,25.17,2024,22
9787,6,Mercedes,341.45,26.68,42.21,22.64,2024,5
9788,10,Alpine,326.73,31.93,44.71,33.28,2024,18
9792,12,RedBull,299.48,28.16,43.58,21.16,2024,6
9793,20,AlphaTauri,299.76,35.72,37.77,22.29,2024,3
9797,9,Ferrari,298.91,37.11,35.1,27.74,2024,3
9799,11,Williams,300.57,27.85,35.77,31.3,2024,24
9804,3,McLaren,343.64,28.21,31.07,34.96,2024,16
9806,18,Ferrari,338.53,34.76,40.03,29.91,2024,17
9809,8,Ferrari,303.0,31.0,30.65,21.88,2024,9
9815,20,AlphaTauri,329.52,28.19,35.89,26.19,2024,6
9819,3,McLaren,316.63,26.84,32.59,29.81,2024,15
9821,5,Ferrari,328.35,31.87,37.57,27.2,2024,20
9822,10,Alpine,282.41,39.08,43.41,32.15,2024,10
9823,13,Mercedes,312.55,26.8,30.9,26.96,2024,21
9827,13,Mercedes,290.7,28.64,37.61,25.35,2024,4
9830,9,Ferrari,340.57,30.82,42.5,26.22,2024,23
9831,8,Ferrari,287.6,38.41,34.75,21.46,2024,8
9832,8,Ferrari,315.99,25.25,42.43,20.46,2024,3
9837,16,RedBull,280.98,31.31,38.64,20.48,2024,19
9838,13,Mercedes,305.79,25.99,41.52,31.13,2024,18
9846,4,Williams,325.38,37.22,37.49,24.93,2024,11
9848,2,AlphaTauri,332.68,37.47,39.39,20.86,2024,8
9851,19,McLaren,341.62,25.71,42.71,27.38,2024,17
9854,11,Williams,306.46,37.54,40.87,34.45,2024,21
9860,4,Williams,283.86,37.34,33.65,26.66,2024,3
9864,5,Ferrari,298.19,33.23,42.68,28.21,2024,6
9867,12,RedBull,336.69,26.55,33.94,32.82,2024,5
9875,11,Williams,326.16,31.9,35.43,24.27,2024,12
9876,8,Ferrari,303.24,39.26,35.6,30.65,2024,9
9878,9,Ferrari,339.69,39.99,34.68,21.5,2024,15
9888,8,Ferrari,342.95,35.1,37.05,22.46,2024,3
9890,13,Mercedes,324.2,27.72,39.67,25.06,2024,23
9895,17,McLaren,343.2,28.05,30.91,21.84,2024,10
9900,5,Ferrari,307.83,28.13,32.25,26.61,2024,8
9902,1,RedBull,285.44,37.46,34.35,33.9,2024,23
9903,18,Ferrari,297.03,28.36,38.56,30.65,2024,24
9905,17,McLaren,317.01,39.5,41.46,34.91,2024,12
9906,7,Alpine,310.78,33.23,38.44,25.99,2024,11
9911,5,Ferrari,308.49,35.03,33.92,26.14,2024,2
9912,15,Alpine,342.51,27.43,33.32,21.19,2024,9
9913,14,Ferrari,315.37,29.85,35.35,20.09,2024,17
9915,19,McLaren,332.44,39.05,33.08,20.58,2024,22
9917,8,Ferrari,312.32,27.42,36.18,28.55,2024,24
9919,5,Ferrari,343.6,30.62,43.4,26.33,2024,18
9929,4,Williams,303.8,37.92,36.34,24.61,2024,2
9930,3,McLaren,329.0,37.1,42.84,27.92,2024,11
9941,2,AlphaTauri,307.55,27.03,33.49,20.85,2024,16
9945,10,Alpine,315.84,28.99,33.75,23.97,2024,10
9949,2,AlphaTauri,305.23,33.53,32.27,29.28,2024,16
9955,4,Williams,334.13,32.7,38.11,23.49,2024,1
9958,12,RedBull,313.45,30.16,42.85,24.76,2024,5
9959,18,Ferrari,340.04,39.33,43.72,20.17,2024,5
9960,14,Ferrari,314.45,38.72,32.19,27.72,2024,16
9961,16,RedBull,326.72,36.55,38.38,31.36,2024,20
9962,4,Williams,317.81,33.12,40.99,33.16,2024,10
9967,18,Ferrari,283.62,39.69,38.41,25.2,2024,1
9968,1,RedBull,343.88,36.03,39.23,26.55,2024,6
9973,7,Alpine,313.54,30.34,43.01,28.91,2024,7
9974,4,Williams,325.23,35.86,40.37,32.13,2024,23
9975,9,Ferrari,344.39,25.51,35.88,24.03,2024,17
9976,5,Ferrari,309.73,33.58,33.47,20.57,2024,16
9978,3,McLaren,326.35,39.93,40.65,29.0,2024,10
9986,13,Mercedes,330.71,36.5,33.68,28.1,2024,8
9988,8,Ferrari,334.78,29.2,35.81,26.57,2024,5
9989,3,McLaren,308.43,29.33,30.8,32.95,2024,17
9990,2,AlphaTauri,300.63,33.03,33.0,28.45,2024,3
9991,6,Mercedes,319.0,37.36,39.08,21.56,2024,9
9994,19,McLaren,307.48,25.57,31.71,30.11,2024,8
9996,9,Ferrari,281.51,29.01,30.95,25.4,2024,22
1,16,RedBull,322.44,37.5,39.01,32.63,2025,4
3,3,McLaren,305.32,33.44,32.42,31.04,2025,19
6,5,Ferrari,319.7,36.22,39.68,32.93,2025,14
10,11,Williams,317.24,33.08,40.82,33.49,2025,11
18,10,Alpine,333.69,37.37,43.37,34.01,2025,17
27,10,Alpine,344.89,26.69,44.18,23.81,2025,6
29,15,Alpine,282.85,39.03,37.0,34.65,2025,6
32,8,Ferrari,339.75,30.29,37.8,25.21,2025,23
35,18,Ferrari,330.77,38.59,36.49,23.19,2025,22
39,13,Mercedes,325.76,32.84,35.11,28.14,2025,2
41,4,Williams,317.3,36.38,39.44,21.15,2025,2
44,11,Williams,301.77,34.84,33.18,28.38,2025,4
55,7,Alpine,293.28,29.53,42.14,24.85,2025,24
56,15,Alpine,340.59,34.8,31.61,24.57,2025,6
62,8,Ferrari,295.4,32.63,30.95,29.72,2025,20
76,14,Ferrari,322.25,30.63,38.02,21.9,2025,20
80,13,Mercedes,306.98,38.51,40.84,31.47,2025,5
87,9,Ferrari,298.77,30.77,33.37,27.87,2025,11
88,6,Mercedes,303.32,36.41,39.69,33.77,2025,11
90,1,RedBull,316.73,29.96,36.5,28.62,2025,14
92,16,RedBull,280.73,37.12,39.17,32.32,2025,5
93,11,Williams,336.55,27.6,36.94,21.49,2025,15
94,3,McLaren,282.38,36.78,44.36,34.33,2025,2
101,16,RedBull,285.59,36.96,42.38,21.96,2025,16
111,10,Alpine,343.78,30.86,36.11,28.59,2025,5
112,15,Alpine,325.39,35.81,36.98,28.56,2025,4
113,20,AlphaTauri,324.47,28.21,36.43,30.23,2025,7
115,17,McLaren,300.66,29.88,35.92,21.84,2025,19
116,12,RedBull,292.32,31.55,30.46,28.36,2025,2
118,12,RedBull,317.03,33.78,33.02,32.16,2025,13
120,20,AlphaTauri,337.24,33.77,42.83,34.29,2025,24
121,2,AlphaTauri,325.13,34.54,39.29,33.74,2025,15
122,2,AlphaTauri,284.36,31.31,33.22,33.53,2025,8
128,8,Ferrari,316.27,33.16,37.81,24.47,2025,8
140,14,Ferrari,328.44,31.03,43.42,28.11,2025,11
143,1,RedBull,309.45,38.49,40.0,30.83,2025,6
147,6,Mercedes,292.76,35.89,31.8,22.99,2025,24
150,4,Williams,326.73,35.59,32.16,33.49,2025,11
153,11,Williams,284.46,27.13,34.67,34.09,2025,14
154,2,AlphaTauri,312.09,26.96,35.48,33.08,2025,16
156,2,AlphaTauri,298.19,30.9,36.93,23.87,2025,22
160,9,Ferrari,319.02,28.84,37.73,27.72,2025,13
163,13,Mercedes,326.55,39.25,39.04,34.89,2025,16
167,14,Ferrari,312.42,34.89,40.89,20.4,2025,19
173,4,Williams,315.93,35.04,32.31,25.45,2025,9
175,14,Ferrari,305.11,38.28,31.41,28.18,2025,9
178,15,Alpine,341.4,35.53,44.4,29.48,2025,20
182,5,Ferrari,309.42,33.05,30.07,24.38,2025,22
190,3,McLaren,344.19,26.06,44.81,31.16,2025,21
193,7,Alpine,323.84,36.47,35.82,21.52,2025,11
195,6,Mercedes,337.66,34.8,35.52,25.4,2025,4
197,19,McLaren,291.5,34.97,37.09,29.59,2025,14
199,14,Ferrari,282.5,28.57,42.93,30.54,2025,20
213,15,Alpine,288.13,33.32,39.99,20.58,2025,24
220,3,McLaren,334.61,32.32,35.44,29.3,2025,17
221,2,AlphaTauri,321.42,29.97,44.05,29.85,2025,4
222,1,RedBull,298.33,38.7,41.08,34.19,2025,13
223,3,McLaren,283.67,30.34,43.51,30.15,2025,6
225,13,Mercedes,342.26,29.32,41.63,23.99,2025,8
229,9,Ferrari,335.22,27.13,42.7,20.17,2025,15
232,7,Alpine,326.49,26.76,40.9,25.24,2025,16
237,1,RedBull,315.73,28.77,38.12,34.18,2025,19
238,16,RedBull,283.36,38.35,34.63,23.42,2025,15
245,4,Williams,309.7,36.17,32.48,28.14,2025,4
246,7,Alpine,318.4,39.31,39.05,28.42,2025,6
255,16,RedBull,316.07,29.59,43.64,23.43,2025,1
257,20,AlphaTauri,341.02,37.76,32.28,23.23,2025,9
259,8,Ferrari,319.44,31.26,41.18,21.35,2025,14
262,16,RedBull,311.0,32.34,44.45,33.36,2025,19
267,2,AlphaTauri,311.27,32.91,43.5,25.28,2025,7
269,19,McLaren,312.1,34.03,33.05,34.02,2025,16
271,16,RedBull,331.99,28.48,42.71,34.06,2025,14
272,11,Williams,323.88,38.84,43.61,24.33,2025,16
282,7,Alpine,342.66,37.27,30.66,26.3,2025,8
291,18,Ferrari,299.86,39.4,43.94,28.58,2025,13
295,14,Ferrari,293.14,30.9,40.28,27.67,2025,1
305,10,Alpine,304.81,32.09,44.19,21.05,2025,8
306,14,Ferrari,332.22,37.49,42.59,28.31,2025,4
307,13,Mercedes,301.89,25.39,32.44,25.13,2025,10
310,5,Ferrari,312.77,25.29,38.38,25.33,2025,22
313,18,Ferrari,300.02,25.3,32.99,27.73,2025,9
314,16,RedBull,286.69,36.29,44.18,22.77,2025,24
322,13,Mercedes,331.69,37.97,37.62,21.6,2025,12
323,14,Ferrari,282.44,38.18,43.76,22.49,2025,17
324,4,Williams,285.38,36.02,31.85,20.99,2025,10
325,7,Alpine,328.02,29.86,44.28,28.89,2025,5
329,14,Ferrari,334.13,31.77,40.5,29.91,2025,9
336,8,Ferrari,302.3,32.57,31.84,32.98,2025,16
341,6,Mercedes,290.75,37.59,44.56,22.33,2025,10
343,3,McLaren,308.51,37.92,41.46,33.02,2025,13
348,18,Ferrari,308.39,29.67,33.32,21.98,2025,3
353,2,AlphaTauri,292.38,33.49,32.16,30.45,2025,22
354,5,Ferrari,312.99,33.23,41.36,26.51,2025,12
360,19,McLaren,316.77,39.14,38.04,31.75,2025,23
361,12,RedBull,290.12,31.36,43.78,26.07,2025,14
364,14,Ferrari,287.34,26.0,40.1,29.89,2025,13
367,7,Alpine,309.74,39.11,42.82,21.5,2025,21
378,18,Ferrari,282.09,38.01,44.48,25.49,2025,18
387,4,Williams,295.4,30.54,31.61,24.84,2025,17
392,18,Ferrari,325.01,29.5,38.2,29.82,2025,9
395,17,McLaren,307.93,28.5,36.54,34.07,2025,17
396,7,Alpine,326.42,27.5,43.18,22.89,2025,15
403,16,RedBull,299.31,25.58,43.92,30.63,2025,15
407,10,Alpine,304.65,35.79,30.12,30.99,2025,21
419,6,Mercedes,314.73,30.48,33.06,22.8,2025,20
423,3,McLaren,292.63,35.71,41.42,27.98,2025,18
430,17,McLaren,302.69,27.79,33.61,22.5,2025,14
433,17,McLaren,321.42,27.16,43.36,20.73,2025,24
440,10,Alpine,286.17,30.33,37.11,31.04,2025,15
441,8,Ferrari,298.49,33.76,32.61,33.29,2025,2
443,12,RedBull,308.96,25.42,42.51,32.55,2025,10
445,5,Ferrari,325.97,38.64,32.87,25.1,2025,16
448,13,Mercedes,296.2,33.88,37.43,33.16,2025,4
452,7,Alpine,314.74,29.75,38.12,32.69,2025,6
463,20,AlphaTauri,305.64,39.08,33.71,20.61,2025,20
466,20,AlphaTauri,301.2,25.37,30.06,28.0,2025,22
473,3,McLaren,287.01,30.69,44.34,29.5,2025,9
476,13,Mercedes,310.48,26.04,34.89,34.59,2025,6
480,1,RedBull,328.46,27.06,40.8,24.11,2025,22
494,9,Ferrari,342.96,26.44,30.22,32.34,2025,14
505,13,Mercedes,303.36,25.94,41.99,29.13,2025,10
507,14,Ferrari,341.79,28.85,39.0,24.53,2025,2
510,5,Ferrari,341.01,25.96,36.49,24.23,2025,1
511,17,McLaren,298.88,28.67,44.39,30.05,2025,5
514,7,Alpine,338.74,27.89,32.59,21.24,2025,4
516,20,AlphaTauri,330.95,29.87,43.53,21.33,2025,3
517,15,Alpine,326.9,30.52,44.17,21.94,2025,13
519,8,Ferrari,328.96,39.6,36.8,26.32,2025,9
520,2,AlphaTauri,290.01,36.17,41.78,34.09,2025,20
521,7,Alpine,339.37,28.66,31.07,28.87,2025,12
522,16,RedBull,321.37,26.64,38.14,27.89,2025,19
526,7,Alpine,312.89,39.48,30.84,23.27,2025,3
533,6,Mercedes,299.58,33.21,41.74,32.99,2025,19
534,17,McLaren,287.53,27.05,38.04,20.83,2025,13
538,7,Alpine,317.44,34.69,33.59,29.37,2025,19
539,15,Alpine,287.4,26.18,33.23,29.48,2025,11
541,11,Williams,317.44,36.88,44.71,25.1,2025,24
542,1,RedBull,286.06,27.32,38.27,30.74,2025,23
544,3,McLaren,343.19,38.91,30.17,28.42,2025,20
545,17,McLaren,286.56,30.3,34.26,24.05,2025,23
547,4,Williams,295.07,25.98,41.94,22.87,2025,13
556,20,AlphaTauri,299.76,28.6,44.0,22.53,2025,15
562,4,Williams,296.66,37.17,30.3,24.87,2025,23
566,1,RedBull,326.38,36.4,42.49,29.92,2025,5
571,11,Williams,315.02,37.59,35.06,21.12,2025,18
572,13,Mercedes,320.07,27.94,30.25,25.47,2025,24
573,5,Ferrari,343.03,31.99,35.93,22.3,2025,18
576,7,Alpine,306.9,27.75,42.77,27.98,2025,23
577,1,RedBull,286.18,34.65,36.36,33.33,2025,16
578,11,Williams,305.76,37.48,39.56,27.2,2025,21
586,5,Ferrari,317.08,31.75,34.1,25.43,2025,13
592,3,McLaren,344.37,36.81,42.95,31.75,2025,4
596,14,Ferrari,314.89,36.21,30.57,32.97,2025,3
610,3,McLaren,309.35,26.56,44.57,34.93,2025,23
624,18,Ferrari,323.41,38.6,38.69,28.79,2025,2
628,17,McLaren,286.67,38.06,31.87,23.66,2025,5
632,14,Ferrari,338.84,39.67,37.44,31.47,2025,6
633,5,Ferrari,337.86,26.12,32.16,23.04,2025,9
639,6,Mercedes,304.82,28.28,40.48,29.98,2025,14
645,14,Ferrari,296.06,39.73,30.72,34.79,2025,23
651,11,Williams,296.82,27.43,44.51,22.38,2025,15
659,19,McLaren,293.69,26.66,31.36,21.15,2025,20
660,1,RedBull,326.3,25.67,33.3,32.38,2025,22
663,3,McLaren,283.68,34.59,35.02,33.92,2025,15
665,16,RedBull,341.03,31.84,35.89,33.76,2025,9
667,13,Mercedes,322.29,38.35,36.64,34.26,2025,4
675,18,Ferrari,303.89,33.57,37.87,20.34,2025,9
678,16,RedBull,329.04,28.5,39.03,20.81,2025,12
681,13,Mercedes,318.59,39.03,43.0,25.94,2025,16
698,13,Mercedes,297.03,35.56,38.07,29.89,2025,17
707,6,Mercedes,299.01,30.38,34.31,31.11,2025,16
719,13,Mercedes,285.17,37.71,43.58,23.06,2025,1
724,10,Alpine,283.93,25.53,33.8,32.41,2025,3
726,16,RedBull,322.63,27.02,39.12,28.47,2025,16
739,2,AlphaTauri,319.15,25.45,33.23,33.08,2025,13
741,15,Alpine,333.28,30.25,34.36,20.46,2025,20
743,19,McLaren,281.11,37.79,39.02,32.18,2025,3
744,12,RedBull,316.07,28.37,36.71,32.61,2025,22
748,1,RedBull,341.39,35.3,39.98,34.46,2025,8
750,2,AlphaTauri,344.2,27.87,39.75,34.01,2025,12
753,3,McLaren,309.56,38.09,30.11,27.28,2025,13
755,15,Alpine,295.4,25.87,31.47,28.97,2025,20
756,13,Mercedes,342.46,32.68,44.43,25.02,2025,13
757,5,Ferrari,322.63,29.62,30.27,34.34,2025,1
758,16,RedBull,344.53,31.86,35.73,32.4,2025,8
759,1,RedBull,301.52,28.28,32.84,21.01,2025,5
763,7,Alpine,313.14,28.95,37.79,26.71,2025,1
771,6,Mercedes,328.59,30.13,32.34,28.35,2025,20
775,16,RedBull,332.39,33.89,40.07,26.88,2025,23
777,3,McLaren,309.57,29.4,30.7,27.72,2025,1
786,14,Ferrari,283.72,33.04,36.73,30.37,2025,14
788,16,RedBull,335.23,28.86,41.63,32.2,2025,14
790,20,AlphaTauri,343.4,25.85,44.47,23.06,2025,3
800,5,Ferrari,332.32,27.49,35.72,25.76,2025,13
802,11,Williams,312.36,26.09,42.8,32.8,2025,8
812,10,Alpine,302.93,30.62,37.26,27.18,2025,11
814,3,McLaren,343.53,29.76,31.04,29.74,2025,2
820,11,Williams,306.3,35.97,30.81,23.64,2025,11
821,15,Alpine,335.57,32.97,35.53,25.65,2025,6
828,9,Ferrari,301.85,38.94,35.99,24.18,2025,19
839,4,Williams,324.48,34.99,32.46,23.86,2025,6
844,14,Ferrari,341.1,26.97,40.8,29.03,2025,9
853,17,McLaren,314.1,29.95,41.83,21.86,2025,9
854,13,Mercedes,338.38,28.39,40.37,20.52,2025,21
855,1,RedBull,323.49,37.06,37.52,26.11,2025,23
859,5,Ferrari,300.18,38.26,31.87,33.51,2025,10
862,9,Ferrari,299.52,30.17,44.35,31.73,2025,22
866,16,RedBull,296.04,27.78,41.31,25.86,2025,3
870,4,Williams,315.89,38.32,39.66,31.02,2025,16
874,4,Williams,326.78,34.99,43.39,31.74,2025,11
881,13,Mercedes,307.98,31.43,40.31,31.56,2025,3
882,8,Ferrari,316.13,27.03,39.18,22.66,2025,22
889,7,Alpine,307.05,26.26,37.1,21.53,2025,24
893,12,RedBull,289.39,25.89,37.94,29.17,2025,23
895,4,Williams,319.27,25.56,44.92,32.96,2025,23
896,20,AlphaTauri,334.99,38.87,34.87,24.6,2025,2
905,17,McLaren,311.7,30.63,41.48,21.07,2025,10
906,19,McLaren,287.81,32.84,32.97,29.06,2025,14
907,14,Ferrari,284.92,28.47,35.61,34.03,2025,20
911,20,AlphaTauri,325.08,37.39,30.39,29.14,2025,24
914,9,Ferrari,335.69,38.05,44.12,23.53,2025,12
919,20,AlphaTauri,287.78,35.85,32.39,30.9,2025,13
921,8,Ferrari,316.26,38.39,34.87,20.32,2025,5
925,15,Alpine,344.98,35.09,38.32,30.8,2025,6
932,20,AlphaTauri,304.25,34.8,30.63,22.44,2025,12
937,10,Alpine,283.72,30.61,40.25,30.2,2025,9
942,9,Ferrari,296.25,33.75,37.28,20.89,2025,5
948,3,McLaren,304.01,31.64,33.54,31.96,2025,1
949,16,RedBull,294.13,32.21,39.84,27.23,2025,9
950,12,RedBull,307.74,30.19,40.7,34.22,2025,10
952,2,AlphaTauri,333.67,34.25,30.7,32.25,2025,24
975,1,RedBull,286.31,35.75,35.08,29.75,2025,9
983,9,Ferrari,327.69,30.18,32.34,27.67,2025,19
986,13,Mercedes,317.97,27.55,32.14,33.34,2025,16
987,9,Ferrari,340.77,31.58,31.23,20.93,2025,21
995,7,Alpine,324.23,27.33,34.69,22.98,2025,12
1003,4,Williams,326.95,32.11,30.09,24.47,2025,4
1012,18,Ferrari,339.32,29.39,36.78,28.34,2025,13
1018,10,Alpine,341.38,30.28,35.14,23.3,2025,18
1019,10,Alpine,330.67,28.56,43.5,22.53,2025,2
1020,7,Alpine,326.97,27.06,35.0,22.44,2025,8
1022,5,Ferrari,302.66,37.22,35.79,22.64,2025,24
1025,9,Ferrari,329.4,27.77,35.56,23.0,2025,24
1026,1,RedBull,327.85,34.72,37.56,27.99,2025,12
1027,2,AlphaTauri,306.29,27.5,34.01,34.8,2025,13
1033,13,Mercedes,281.24,38.14,37.45,22.68,2025,24
1036,2,AlphaTauri,325.52,33.28,30.23,20.26,2025,14
1043,16,RedBull,295.27,31.81,37.15,30.22,2025,15
1047,17,McLaren,309.99,28.76,44.12,22.46,2025,11
1048,10,Alpine,287.24,28.89,36.34,22.67,2025,10
1049,19,McLaren,317.18,32.79,30.93,25.27,2025,23
1059,6,Mercedes,288.88,28.0,41.81,28.36,2025,22
1062,19,McLaren,286.68,27.37,32.87,24.54,2025,18
1073,17,McLaren,338.05,26.73,41.57,29.11,2025,5
1082,9,Ferrari,335.83,25.01,39.49,22.61,2025,6
1083,8,Ferrari,299.11,30.5,33.94,27.71,2025,20
1094,5,Ferrari,286.1,38.01,39.25,24.42,2025,18
1095,12,RedBull,301.61,26.92,33.4,24.07,2025,18
1096,14,Ferrari,314.56,32.71,30.31,31.64,2025,12
1101,4,Williams,316.16,26.14,33.35,32.14,2025,19
1103,1,RedBull,287.92,36.26,30.57,25.26,2025,8
1104,7,Alpine,311.93,38.36,37.03,24.45,2025,13
1107,13,Mercedes,307.7,33.28,36.62,32.44,2025,11
1110,15,Alpine,292.36,32.83,42.4,33.29,2025,8
1112,14,Ferrari,333.66,38.07,39.46,33.86,2025,20
1118,2,AlphaTauri,308.53,28.32,38.85,20.11,2025,24
1119,6,Mercedes,329.58,30.37,40.55,31.7,2025,16
1122,11,Williams,338.36,35.58,32.81,33.96,2025,4
1123,14,Ferrari,282.54,26.68,34.74,21.94,2025,18
1130,10,Alpine,341.38,32.51,36.72,31.73,2025,2
1131,16,RedBull,335.51,25.63,44.55,21.76,2025,7
1132,14,Ferrari,303.82,28.8,30.84,28.94,2025,23
1134,1,RedBull,319.01,33.78,37.07,28.39,2025,24
1137,14,Ferrari,318.54,36.12,32.19,23.12,2025,18
1140,14,Ferrari,300.78,33.21,35.11,27.48,2025,9
1143,17,McLaren,304.1,25.46,30.33,34.4,2025,4
1144,1,RedBull,307.74,29.73,35.23,22.76,2025,20
1147,3,McLaren,344.4,39.53,35.16,24.64,2025,20
1153,13,Mercedes,328.84,38.0,41.08,28.29,2025,13
1156,1,RedBull,315.7,36.57,40.55,33.82,2025,10
1157,13,Mercedes,286.67,34.13,37.46,31.09,2025,23
1163,15,Alpine,282.85,33.23,37.95,21.52,2025,20
1173,6,Mercedes,287.85,38.4,34.51,24.65,2025,4
1174,5,Ferrari,330.64,27.32,38.89,20.27,2025,3
1178,17,McLaren,281.41,33.17,34.18,30.09,2025,24
1181,6,Mercedes,314.28,33.5,43.24,25.78,2025,3
1182,2,AlphaTauri,300.2,26.58,35.24,31.38,2025,12
1183,14,Ferrari,322.98,25.19,43.8,22.52,2025,14
1186,15,Alpine,315.58,26.31,44.3,27.87,2025,7
1187,1,RedBull,304.66,34.3,42.84,27.5,2025,18
1191,9,Ferrari,287.35,29.99,36.24,30.55,2025,18
1197,10,Alpine,289.24,25.73,33.15,26.12,2025,15
1203,3,McLaren,310.77,34.89,34.15,21.68,2025,4
1218,4,Williams,281.1,37.51,35.81,27.86,2025,24
1221,18,Ferrari,321.81,36.41,44.07,32.65,2025,16
1223,14,Ferrari,283.04,25.5,34.65,31.65,2025,8
1224,12,RedBull,318.08,25.75,37.03,30.56,2025,13
1243,6,Mercedes,334.09,26.39,35.32,28.78,2025,22
1247,15,Alpine,324.34,27.26,30.37,21.09,2025,2
1252,10,Alpine,290.67,32.92,33.24,29.06,2025,3
1253,5,Ferrari,299.07,36.03,35.76,21.48,2025,15
1257,20,AlphaTauri,281.78,39.59,42.12,25.34,2025,2
1258,16,RedBull,293.75,31.03,43.47,25.48,2025,7
1260,14,Ferrari,309.6,37.76,35.13,24.82,2025,18
1261,20,AlphaTauri,294.08,32.73,38.19,34.12,2025,19
1270,13,Mercedes,337.57,35.35,35.66,24.16,2025,2
1273,20,AlphaTauri,294.04,37.69,37.92,27.63,2025,9
1275,14,Ferrari,341.34,38.77,32.53,25.98,2025,20
1276,13,Mercedes,323.77,39.24,31.86,26.43,2025,2
1281,20,AlphaTauri,310.39,34.02,35.04,32.77,2025,8
1287,9,Ferrari,337.03,38.26,37.3,30.14,2025,2
1288,15,Alpine,305.51,39.69,34.67,20.73,2025,12
1291,16,RedBull,295.02,27.88,35.11,25.86,2025,7
1295,9,Ferrari,302.49,39.03,44.82,25.98,2025,1
1308,17,McLaren,343.16,25.73,32.95,34.14,2025,2
1316,17,McLaren,335.59,30.12,36.11,30.91,2025,24
1318,7,Alpine,319.38,35.01,36.76,23.59,2025,11
1328,4,Williams,332.43,31.75,42.19,20.48,2025,20
1333,10,Alpine,340.15,27.55,32.19,22.19,2025,10
1335,9,Ferrari,307.28,27.14,35.72,30.76,2025,19
1337,4,Williams,338.56,33.57,37.87,24.61,2025,19
1338,2,AlphaTauri,281.04,33.14,41.82,31.12,2025,22
1339,11,Williams,329.88,32.6,30.76,33.16,2025,22
1340,2,AlphaTauri,344.56,36.38,34.52,34.61,2025,18
1342,13,Mercedes,330.49,33.68,41.15,32.37,2025,14
1345,12,RedBull,305.11,26.84,41.34,25.26,2025,5
1350,2,AlphaTauri,299.62,25.04,39.62,20.2,2025,9
1353,3,McLaren,306.32,30.8,37.98,28.14,2025,22
1354,15,Alpine,317.51,31.36,38.87,33.4,2025,18
1357,8,Ferrari,308.93,38.7,42.37,22.48,2025,18
1359,2,AlphaTauri,296.86,38.21,43.38,25.77,2025,10
1364,8,Ferrari,298.33,38.93,40.84,24.72,2025,14
1367,15,Alpine,326.85,27.39,41.69,25.1,2025,10
1369,11,Williams,327.78,33.67,36.08,34.05,2025,6
1374,18,Ferrari,293.1,31.23,30.61,32.35,2025,24
1375,14,Ferrari,301.65,38.17,36.21,28.71,2025,2
1376,12,RedBull,304.95,36.36,35.99,32.57,2025,12
1377,16,RedBull,333.09,33.39,31.08,31.71,2025,17
1378,12,RedBull,299.68,25.65,38.67,21.61,2025,6
1379,10,Alpine,314.55,36.82,39.13,27.65,2025,24
1380,7,Alpine,289.0,28.4,39.91,21.14,2025,1
1381,5,Ferrari,300.24,38.4,39.97,24.25,2025,4
1382,14,Ferrari,302.76,36.02,43.85,33.17,2025,5
1385,1,RedBull,311.4,27.65,32.45,20.55,2025,7
1392,8,Ferrari,289.77,30.48,33.72,26.3,2025,5
1398,15,Alpine,321.8,27.84,31.97,25.93,2025,5
1399,19,McLaren,303.17,36.64,44.24,34.23,2025,16
1400,19,McLaren,296.99,32.8,32.41,34.08,2025,1
1401,8,Ferrari,296.61,38.73,36.04,22.22,2025,19
1405,6,Mercedes,289.93,30.13,42.31,20.97,2025,1
1412,16,RedBull,319.16,36.77,41.12,20.38,2025,16
1415,8,Ferrari,287.34,37.86,44.85,22.33,2025,1
1421,11,Williams,308.26,37.06,30.49,28.47,2025,11
1432,5,Ferrari,328.6,35.31,38.58,32.36,2025,21
1441,15,Alpine,324.78,28.15,32.56,22.25,2025,14
1447,5,Ferrari,327.95,33.87,39.2,28.66,2025,15
1453,16,RedBull,303.34,27.64,44.54,31.02,2025,11
1461,6,Mercedes,301.57,25.82,34.92,33.53,2025,8
1468,11,Williams,311.24,28.76,32.63,25.1,2025,15
1482,7,Alpine,290.96,39.93,34.58,33.44,2025,18
1486,1,RedBull,308.51,38.16,38.84,34.46,2025,14
1493,3,McLaren,286.83,39.93,31.01,20.73,2025,19
1496,10,Alpine,309.36,36.75,41.41,22.88,2025,2
1502,17,McLaren,286.31,26.0,40.09,28.58,2025,24
1505,11,Williams,319.64,33.17,41.6,32.25,2025,8
1514,20,AlphaTauri,331.36,35.54,30.7,25.89,2025,1
1517,1,RedBull,324.3,35.6,38.72,26.49,2025,21
1518,3,McLaren,325.12,37.67,39.81,23.85,2025,22
1519,6,Mercedes,304.88,31.41,41.58,31.63,2025,16
1521,16,RedBull,286.12,32.08,33.18,20.78,2025,18
1522,13,Mercedes,327.09,33.76,36.76,28.77,2025,4
1523,15,Alpine,319.94,33.74,31.06,27.22,2025,2
1524,8,Ferrari,282.35,35.53,35.08,28.48,2025,8
1525,4,Williams,300.56,27.94,38.33,27.58,2025,15
1526,20,AlphaTauri,314.97,29.74,31.79,25.2,2025,11
1530,2,AlphaTauri,280.18,37.55,39.32,20.55,2025,6
1533,16,RedBull,304.99,32.83,44.57,21.86,2025,21
1536,3,McLaren,298.51,25.48,32.44,32.78,2025,6
1537,3,McLaren,319.26,38.5,37.25,23.16,2025,18
1538,4,Williams,339.92,25.67,35.95,21.97,2025,12
1541,1,RedBull,282.67,34.79,41.53,29.55,2025,23
1542,13,Mercedes,281.69,37.84,37.59,25.88,2025,9
1555,15,Alpine,327.34,34.91,31.19,27.41,2025,15
1558,15,Alpine,328.65,33.26,42.61,27.31,2025,11
1563,2,AlphaTauri,295.36,33.74,43.45,26.67,2025,2
1564,3,McLaren,286.74,25.86,31.83,34.88,2025,13
1565,17,McLaren,341.6,38.87,39.27,26.5,2025,23
1567,14,Ferrari,328.87,37.15,42.49,34.52,2025,11
1570,6,Mercedes,308.97,37.98,38.48,27.23,2025,12
1572,13,Mercedes,284.37,31.39,34.0,22.29,2025,16
1578,6,Mercedes,329.27,38.93,36.23,34.18,2025,1
1585,12,RedBull,297.18,34.75,42.68,23.49,2025,4
1586,17,McLaren,324.44,38.77,36.42,31.87,2025,8
1587,4,Williams,289.15,37.17,39.51,33.38,2025,16
1589,17,McLaren,314.85,39.05,36.85,32.15,2025,7
1590,16,RedBull,317.5,29.24,31.36,21.65,2025,2
1595,7,Alpine,322.72,36.0,43.49,20.89,2025,19
1596,4,Williams,316.29,31.13,34.28,32.68,2025,14
1600,4,Williams,296.35,34.64,40.97,25.29,2025,2
1602,11,Williams,286.03,26.39,38.71,29.78,2025,11
1604,3,McLaren,304.63,28.98,31.69,33.1,2025,4
1608,8,Ferrari,283.54,34.86,36.77,33.66,2025,1
1610,1,RedBull,322.9,35.49,32.14,20.51,2025,12
1617,4,Williams,335.1,34.63,42.43,32.29,2025,10
1623,3,McLaren,333.85,29.91,34.35,32.6,2025,17
1630,10,Alpine,309.18,37.78,40.89,30.94,2025,14
1631,20,AlphaTauri,305.94,28.41,37.86,26.62,2025,7
1632,10,Alpine,305.94,39.62,35.65,23.93,2025,13
1633,15,Alpine,308.15,25.72,31.38,31.38,2025,1
1640,11,Williams,318.04,35.0,33.85,33.6,2025,3
1642,7,Alpine,344.71,36.39,33.53,21.16,2025,21
1644,1,RedBull,304.87,27.03,34.72,24.72,2025,3
1646,14,Ferrari,308.09,26.23,44.84,21.46,2025,17
1650,12,RedBull,331.1,26.35,44.84,24.72,2025,1
1653,18,Ferrari,329.01,32.75,31.06,20.35,2025,18
1655,9,Ferrari,284.7,35.04,39.81,23.78,2025,20
1656,11,Williams,331.36,39.58,44.49,28.63,2025,12
1658,10,Alpine,299.61,25.96,38.45,24.14,2025,9
1662,15,Alpine,317.11,28.13,43.62,20.53,2025,5
1672,7,Alpine,322.26,31.55,32.43,31.83,2025,4
1673,1,RedBull,326.32,33.47,31.34,24.78,2025,23
1675,17,McLaren,342.48,27.48,31.67,34.66,2025,13
1677,13,Mercedes,291.93,34.4,33.25,23.0,2025,24
1688,2,AlphaTauri,299.23,32.55,30.39,32.08,2025,6
1692,7,Alpine,341.25,37.36,43.57,34.4,2025,13
1694,9,Ferrari,344.78,27.55,33.23,27.01,2025,21
1697,3,McLaren,283.43,27.65,40.92,29.44,2025,15
1702,9,Ferrari,295.35,38.33,43.54,32.22,2025,13
1704,18,Ferrari,341.76,36.26,36.3,20.95,2025,24
1706,2,AlphaTauri,308.3,35.88,30.06,32.4,2025,15
1707,20,AlphaTauri,312.81,34.57,40.23,20.5,2025,12
1715,1,RedBull,306.86,28.46,35.06,28.0,2025,19
1716,5,Ferrari,303.71,38.15,31.71,30.67,2025,11
1717,9,Ferrari,297.11,38.33,37.42,31.57,2025,22
1718,2,AlphaTauri,341.65,33.16,35.2,31.82,2025,6
1724,17,McLaren,283.88,37.52,44.17,28.0,2025,15
1728,1,RedBull,336.01,31.94,41.18,31.65,2025,24
1730,17,McLaren,324.91,25.19,40.57,26.8,2025,17
1732,17,McLaren,341.61,26.7,31.24,25.01,2025,22
1736,6,Mercedes,334.61,33.89,37.71,23.51,2025,2
1737,16,RedBull,314.98,31.32,40.05,22.33,2025,24
1740,1,RedBull,315.39,29.3,38.43,26.49,2025,12
1744,5,Ferrari,293.75,38.7,36.92,29.86,2025,4
1748,9,Ferrari,294.89,26.7,35.38,34.68,2025,11
1749,7,Alpine,338.65,26.49,33.55,23.76,2025,24
1752,2,AlphaTauri,302.89,33.06,32.92,33.84,2025,10
1755,13,Mercedes,320.63,28.25,30.49,24.85,2025,13
1762,15,Alpine,298.64,33.68,41.4,30.54,2025,11
1763,10,Alpine,343.21,33.98,32.32,29.36,2025,5
1767,16,RedBull,285.67,31.78,38.64,23.91,2025,19
1769,9,Ferrari,327.24,36.38,39.23,25.01,2025,14
1770,13,Mercedes,293.56,27.39,38.49,32.52,2025,24
1775,11,Williams,340.43,37.83,34.85,23.42,2025,3
1779,6,Mercedes,323.68,29.36,44.46,32.54,2025,2
1784,14,Ferrari,332.41,39.62,37.03,30.15,2025,19
1786,16,RedBull,295.57,30.24,35.11,20.76,2025,11
1787,9,Ferrari,290.81,32.99,31.25,33.38,2025,20
1789,9,Ferrari,314.25,29.06,38.62,30.54,2025,12
1799,16,RedBull,288.56,37.91,35.46,26.88,2025,14
1801,2,AlphaTauri,300.6,26.2,39.27,25.05,2025,19
1804,17,McLaren,293.74,26.73,40.24,22.35,2025,6
1810,5,Ferrari,283.91,33.86,37.63,23.72,2025,13
1811,16,RedBull,304.17,31.1,38.99,22.68,2025,17
1813,6,Mercedes,334.62,25.06,41.35,33.66,2025,19
1814,14,Ferrari,316.68,34.84,42.12,23.67,2025,22
1818,8,Ferrari,281.79,34.52,34.35,20.01,2025,10
1820,13,Mercedes,323.83,31.72,32.67,29.88,2025,12
1825,12,RedBull,282.57,33.26,34.55,33.7,2025,12
1827,5,Ferrari,327.22,27.85,38.05,24.73,2025,23
1829,11,Williams,300.03,35.98,43.43,23.63,2025,7
1833,19,McLaren,297.64,26.38,38.44,31.82,2025,13
1841,2,AlphaTauri,323.05,25.19,44.94,22.9,2025,13
1850,10,Alpine,323.62,30.07,42.29,33.75,2025,5
1854,8,Ferrari,296.2,27.51,33.53,21.87,2025,21
1856,4,Williams,322.78,35.64,37.58,29.12,2025,12
1858,3,McLaren,316.61,39.52,40.13,31.47,2025,6
1862,19,McLaren,298.04,25.63,34.9,26.47,2025,15
1870,20,AlphaTauri,323.8,35.15,31.47,34.19,2025,7
1875,4,Williams,344.15,33.8,41.57,23.69,2025,17
1876,2,AlphaTauri,337.81,39.43,33.23,21.52,2025,21
1879,20,AlphaTauri,342.07,28.41,43.57,32.71,2025,19
1883,6,Mercedes,280.09,32.99,32.64,22.63,2025,2
1885,5,Ferrari,300.91,33.27,43.41,31.66,2025,20
1886,8,Ferrari,300.2,36.63,34.76,22.04,2025,15
1895,5,Ferrari,300.7,30.55,30.6,26.78,2025,1
1897,1,RedBull,304.4,30.99,34.45,26.07,2025,18
1899,2,AlphaTauri,319.36,26.48,33.75,27.51,2025,13
1902,13,Mercedes,331.61,32.49,36.22,33.78,2025,10
1907,19,McLaren,324.32,37.86,44.17,23.67,2025,18
1908,6,Mercedes,311.68,28.75,37.97,28.16,2025,14
1912,10,Alpine,335.19,31.58,32.13,24.82,2025,1
1916,15,Alpine,298.31,27.38,34.67,22.72,2025,24
1919,19,McLaren,325.55,32.11,44.13,26.71,2025,24
1926,14,Ferrari,336.66,39.53,38.78,30.53,2025,19
1928,6,Mercedes,322.66,29.06,31.54,21.38,2025,23
1931,17,McLaren,313.52,30.33,40.44,24.62,2025,14
1937,8,Ferrari,316.97,32.5,30.02,34.24,2025,23
1946,14,Ferrari,310.85,29.49,43.24,21.36,2025,8
1957,11,Williams,310.76,29.12,35.27,22.66,2025,2
1959,3,McLaren,292.71,36.19,30.37,23.32,2025,24
1960,10,Alpine,330.35,34.96,34.02,23.61,2025,11
1964,8,Ferrari,294.38,37.47,40.37,29.61,2025,4
1968,18,Ferrari,304.5,37.52,37.12,32.95,2025,6
1971,18,Ferrari,284.3,38.88,39.26,34.39,2025,6
1977,9,Ferrari,313.79,26.67,38.37,32.37,2025,14
1986,10,Alpine,297.61,38.14,42.36,33.45,2025,23
1997,8,Ferrari,306.02,30.53,31.1,28.4,2025,10
1999,8,Ferrari,285.61,35.6,41.6,32.07,2025,18
2002,2,AlphaTauri,321.33,36.77,39.51,22.82,2025,11
2003,1,RedBull,304.92,26.07,34.31,31.37,2025,6
2004,12,RedBull,306.84,31.5,36.48,32.28,2025,2
2007,7,Alpine,331.6,28.17,30.18,22.88,2025,16
2009,10,Alpine,282.31,27.49,31.13,33.7,2025,4
2010,9,Ferrari,296.68,34.4,40.8,33.66,2025,19
2012,13,Mercedes,320.33,30.58,42.68,25.56,2025,2
2014,10,Alpine,331.17,31.78,44.6,24.48,2025,19
2017,1,RedBull,316.91,36.65,31.68,21.27,2025,14
2039,19,McLaren,310.87,28.04,34.12,20.73,2025,15
2041,12,RedBull,302.64,29.21,37.55,22.18,2025,24
2047,13,Mercedes,307.39,28.53,30.37,22.13,2025,9
2053,11,Williams,313.63,37.6,32.67,20.6,2025,21
2056,15,Alpine,290.19,37.54,41.7,27.94,2025,21
2057,5,Ferrari,288.26,38.6,44.72,26.11,2025,12
2061,7,Alpine,320.29,28.5,36.77,20.28,2025,23
2065,14,Ferrari,320.84,32.12,31.64,20.34,2025,18
2070,5,Ferrari,280.92,30.47,41.59,24.88,2025,7
2080,1,RedBull,295.77,27.19,38.33,33.11,2025,11
2083,17,McLaren,282.18,34.82,40.94,21.93,2025,5
2089,9,Ferrari,306.41,39.44,31.15,22.57,2025,22
2090,19,McLaren,287.63,30.27,37.03,28.61,2025,14
2091,10,Alpine,344.36,32.56,41.83,30.05,2025,21
2092,11,Williams,326.07,38.76,41.43,20.65,2025,13
2094,1,RedBull,340.54,37.96,37.65,26.7,2025,18
2097,2,AlphaTauri,288.54,36.75,36.08,23.38,2025,11
2102,14,Ferrari,329.73,33.88,41.75,25.64,2025,7
2103,8,Ferrari,332.83,31.0,44.1,27.34,2025,17
2106,7,Alpine,295.51,33.4,41.12,30.23,2025,13
2109,12,RedBull,333.02,34.12,42.82,32.64,2025,9
2114,11,Williams,334.13,34.55,34.54,23.65,2025,11
2126,17,McLaren,312.13,35.47,42.96,29.0,2025,24
2134,2,AlphaTauri,341.77,27.44,36.64,24.33,2025,9
2137,18,Ferrari,337.33,34.99,40.08,32.84,2025,19
2138,18,Ferrari,286.01,31.94,32.14,23.54,2025,1
2141,16,RedBull,306.03,39.64,37.18,24.76,2025,7
2145,2,AlphaTauri,285.15,38.84,38.34,32.81,2025,15
2148,10,Alpine,332.69,25.33,37.82,34.97,2025,1
2151,2,AlphaTauri,313.61,25.97,36.37,30.45,2025,19
2152,20,AlphaTauri,333.74,36.95,37.8,25.57,2025,10
2155,1,RedBull,337.39,30.79,37.91,29.67,2025,11
2172,14,Ferrari,285.62,29.81,35.59,28.73,2025,1
2173,4,Williams,333.95,35.22,44.56,34.59,2025,2
2184,9,Ferrari,294.02,32.0,43.5,28.47,2025,2
2189,8,Ferrari,340.33,35.05,36.49,23.7,2025,19
2191,12,RedBull,307.23,25.99,33.92,22.3,2025,12
2204,1,RedBull,287.97,26.36,37.12,22.42,2025,14
2206,4,Williams,289.48,27.0,44.27,23.68,2025,23
2213,12,RedBull,333.25,31.28,32.17,27.24,2025,21
2217,20,AlphaTauri,307.31,28.79,43.08,34.47,2025,20
2220,13,Mercedes,333.51,25.23,39.66,28.28,2025,12
2222,12,RedBull,298.36,31.38,30.82,24.5,2025,9
2224,5,Ferrari,321.72,36.32,43.54,21.56,2025,19
2227,14,Ferrari,303.22,34.09,31.47,31.5,2025,3
2229,14,Ferrari,323.67,33.0,32.71,23.43,2025,6
2231,19,McLaren,281.3,39.64,38.54,29.4,2025,19
2234,7,Alpine,337.61,29.01,35.23,25.31,2025,23
2237,11,Williams,332.04,39.72,36.69,31.24,2025,19
2239,1,RedBull,320.42,26.35,35.82,23.61,2025,9
2246,11,Williams,326.91,26.45,35.19,26.9,2025,22
2252,16,RedBull,295.78,37.1,34.72,21.78,2025,13
2254,6,Mercedes,292.59,30.7,37.1,21.05,2025,18
2258,6,Mercedes,310.01,27.75,33.93,24.48,2025,5
2261,16,RedBull,329.19,37.96,32.49,21.43,2025,6
2264,6,Mercedes,282.44,33.91,36.11,20.38,2025,9
2265,20,AlphaTauri,309.01,29.19,30.67,34.1,2025,16
2270,4,Williams,303.2,33.22,41.67,29.16,2025,17
2276,17,McLaren,317.74,26.06,34.97,26.47,2025,11
2279,20,AlphaTauri,344.89,26.98,36.96,28.08,2025,2
2280,13,Mercedes,329.9,25.76,32.89,29.24,2025,13
2285,20,AlphaTauri,325.66,30.88,33.32,21.2,2025,17
2289,1,RedBull,306.66,33.99,43.07,30.55,2025,14
2290,16,RedBull,290.39,26.02,35.56,28.85,2025,21
2291,14,Ferrari,298.77,26.65,40.47,22.39,2025,24
2296,13,Mercedes,292.16,39.28,43.71,29.97,2025,8
2299,2,AlphaTauri,298.49,25.78,36.25,25.46,2025,17
2301,16,RedBull,287.26,35.33,34.2,34.53,2025,1
2304,16,RedBull,335.64,30.42,42.36,33.24,2025,4
2305,20,AlphaTauri,311.88,33.98,32.08,30.6,2025,14
2309,13,Mercedes,308.01,38.96,37.84,20.35,2025,24
2310,12,RedBull,312.75,32.89,34.22,20.06,2025,20
2311,10,Alpine,285.31,31.5,40.05,20.94,2025,19
2312,17,McLaren,342.12,35.25,33.83,34.5,2025,2
2314,19,McLaren,283.45,27.18,30.28,23.26,2025,6
2320,17,McLaren,309.18,33.23,33.83,25.42,2025,9
2322,8,Ferrari,289.25,37.5,41.47,23.71,2025,3
2328,10,Alpine,303.5,30.19,42.0,31.26,2025,9
2336,5,Ferrari,304.65,30.66,41.92,30.02,2025,18
2348,12,RedBull,301.03,36.15,30.37,31.19,2025,24
2350,16,RedBull,290.94,33.28,38.51,27.45,2025,4
2353,13,Mercedes,316.2,36.49,40.38,34.67,2025,10
2362,6,Mercedes,310.89,37.38,31.77,31.12,2025,9
2365,9,Ferrari,292.38,35.51,31.93,32.49,2025,24
2370,12,RedBull,341.69,34.25,40.02,32.63,2025,22
2373,15,Alpine,299.45,27.57,37.52,33.96,2025,5
2375,20,AlphaTauri,304.34,25.09,41.09,21.95,2025,8
2392,18,Ferrari,296.5,34.72,33.59,24.71,2025,9
2395,7,Alpine,339.31,33.19,42.58,31.51,2025,10
2398,1,RedBull,306.47,34.11,44.2,31.74,2025,11
2403,11,Williams,297.56,28.08,39.44,32.84,2025,21
2410,6,Mercedes,309.95,36.99,42.94,20.42,2025,10
2412,3,McLaren,344.58,32.11,40.97,24.29,2025,23
2413,13,Mercedes,341.27,25.75,31.29,22.6,2025,20
2422,10,Alpine,304.02,31.36,42.7,30.11,2025,23
2424,3,McLaren,306.76,37.78,33.99,31.63,2025,16
2426,8,Ferrari,285.36,32.81,30.55,32.25,2025,24
2429,3,McLaren,284.31,25.53,39.4,20.35,2025,5
2430,9,Ferrari,302.27,28.99,30.48,34.95,2025,1
2435,19,McLaren,307.68,27.19,40.07,32.04,2025,1
2436,2,AlphaTauri,321.69,29.52,44.64,22.43,2025,22
2440,18,Ferrari,343.92,37.87,33.54,30.78,2025,16
2447,10,Alpine,286.06,34.78,44.13,33.2,2025,2
2454,1,RedBull,291.17,30.38,38.37,29.56,2025,14
2455,4,Williams,307.36,38.61,38.27,23.29,2025,7
2456,18,Ferrari,286.47,39.17,37.8,27.15,2025,10
2458,3,McLaren,281.24,29.18,43.09,25.2,2025,23
2459,2,AlphaTauri,311.88,26.11,37.32,26.41,2025,18
2461,1,RedBull,291.71,28.32,30.58,24.53,2025,11
2465,8,Ferrari,281.14,28.11,33.19,25.47,2025,10
2468,7,Alpine,281.08,39.0,30.33,34.73,2025,14
2479,1,RedBull,310.88,37.85,43.36,26.2,2025,4
2485,4,Williams,284.78,25.38,43.79,27.85,2025,23
2495,5,Ferrari,298.64,27.74,33.7,27.55,2025,19
2521,14,Ferrari,302.09,34.4,30.64,33.96,2025,18
2523,7,Alpine,331.27,26.16,42.95,34.91,2025,4
2536,14,Ferrari,284.06,35.52,41.87,26.6,2025,17
2544,5,Ferrari,299.1,26.37,43.18,24.22,2025,24
2545,13,Mercedes,298.6,30.52,41.38,31.98,2025,13
2547,18,Ferrari,313.66,36.33,39.58,31.64,2025,6
2560,3,McLaren,323.37,31.72,32.84,20.33,2025,11
2564,15,Alpine,289.28,39.53,34.92,24.91,2025,13
2569,19,McLaren,297.98,25.76,35.96,34.04,2025,16
2571,2,AlphaTauri,309.56,32.99,35.71,25.02,2025,24
2575,1,RedBull,306.62,29.56,37.09,31.16,2025,5
2577,4,Williams,286.77,32.3,34.1,28.28,2025,22
2588,4,Williams,336.16,35.57,42.53,32.03,2025,21
2591,15,Alpine,291.78,34.7,36.18,28.57,2025,13
2598,11,Williams,334.46,34.84,36.54,23.59,2025,4
2608,10,Alpine,287.9,33.45,33.31,21.66,2025,20
2609,12,RedBull,310.39,27.66,32.31,28.04,2025,4
2611,8,Ferrari,311.61,25.01,34.93,32.04,2025,14
2612,2,AlphaTauri,335.49,30.74,34.66,30.73,2025,14
2622,13,Mercedes,319.67,27.81,36.22,34.4,2025,21
2623,7,Alpine,298.7,34.17,30.08,34.48,2025,14
2627,4,Williams,320.66,35.42,40.56,20.66,2025,11
2631,9,Ferrari,296.5,33.6,33.71,28.16,2025,13
2640,1,RedBull,336.15,29.15,36.69,34.49,2025,7
2645,14,Ferrari,286.45,37.56,44.34,22.68,2025,24
2648,2,AlphaTauri,312.96,33.71,40.18,21.23,2025,15
2663,20,AlphaTauri,323.31,36.55,31.92,20.05,2025,19
2668,8,Ferrari,310.57,27.75,43.91,33.6,2025,19
2671,2,AlphaTauri,307.1,31.12,38.99,31.77,2025,14
2680,18,Ferrari,335.59,38.33,31.22,34.8,2025,22
2682,3,McLaren,298.37,34.58,37.31,28.0,2025,17
2692,2,AlphaTauri,296.56,33.2,30.84,31.52,2025,15
2693,4,Williams,297.27,36.78,32.53,33.82,2025,13
2711,8,Ferrari,337.84,30.5,39.56,21.28,2025,3
2716,10,Alpine,285.87,30.47,36.42,24.97,2025,2
2717,9,Ferrari,340.4,34.08,44.88,22.71,2025,12
2719,4,Williams,297.23,34.26,43.81,33.09,2025,13
2720,13,Mercedes,343.99,25.02,41.07,26.52,2025,6
2722,13,Mercedes,319.3,25.85,40.26,33.06,2025,7
2725,1,RedBull,297.98,26.31,44.36,27.32,2025,15
2729,13,Mercedes,300.86,30.42,33.83,33.56,2025,10
2732,1,RedBull,328.61,39.84,35.7,27.78,2025,21
2735,7,Alpine,309.15,32.97,42.67,24.75,2025,14
2739,8,Ferrari,340.86,26.82,38.26,30.3,2025,19
2748,19,McLaren,308.54,37.7,40.54,29.77,2025,17
2751,13,Mercedes,287.03,34.92,35.94,22.88,2025,19
2754,14,Ferrari,332.94,31.72,40.97,32.71,2025,24
2756,3,McLaren,291.01,31.2,32.5,23.45,2025,9
2757,20,AlphaTauri,284.04,26.29,30.42,32.22,2025,23
2761,1,RedBull,323.1,39.93,42.67,22.14,2025,24
2763,14,Ferrari,341.21,28.37,38.55,22.47,2025,13
2766,16,RedBull,344.82,34.34,41.07,23.21,2025,1
2771,11,Williams,289.48,30.77,36.1,23.17,2025,1
2772,11,Williams,300.79,32.13,35.95,30.58,2025,16
2775,3,McLaren,304.94,29.86,35.72,23.97,2025,13
2777,2,AlphaTauri,340.16,27.71,34.24,23.28,2025,8
2780,16,RedBull,309.62,25.9,44.37,25.63,2025,13
2785,16,RedBull,327.25,37.12,33.12,25.0,2025,8
2786,6,Mercedes,304.81,30.36,30.16,28.33,2025,18
2787,8,Ferrari,285.23,36.05,35.66,21.18,2025,7
2788,6,Mercedes,316.99,28.68,40.12,31.66,2025,12
2790,4,Williams,321.94,31.48,41.15,31.24,2025,9
2792,14,Ferrari,304.01,33.46,32.08,30.57,2025,8
2793,1,RedBull,321.28,39.19,40.08,30.82,2025,11
2805,19,McLaren,328.6,27.0,35.31,22.2,2025,2
2807,20,AlphaTauri,304.95,36.94,41.66,33.81,2025,14
2810,3,McLaren,295.29,39.6,36.06,26.42,2025,9
2819,19,McLaren,295.04,39.01,34.2,21.92,2025,2
2821,5,Ferrari,343.66,35.39,43.52,32.53,2025,1
2831,9,Ferrari,292.57,33.5,36.89,20.91,2025,22
2832,13,Mercedes,325.95,33.33,37.68,20.96,2025,5
2840,14,Ferrari,311.55,26.4,35.02,22.02,2025,21
2844,8,Ferrari,296.31,30.77,37.48,29.6,2025,12
2851,11,Williams,288.35,27.18,40.39,22.8,2025,10
2855,11,Williams,323.3,35.87,30.5,28.96,2025,1
2857,8,Ferrari,282.2,31.81,36.63,20.91,2025,10
2860,19,McLaren,303.08,31.96,36.62,26.87,2025,15
2861,15,Alpine,292.31,35.97,33.67,28.3,2025,3
2863,9,Ferrari,302.2,35.57,36.34,26.57,2025,8
2865,14,Ferrari,284.76,39.21,42.32,28.51,2025,18
2875,14,Ferrari,283.9,27.43,42.58,22.76,2025,6
2877,2,AlphaTauri,290.98,27.08,36.79,20.72,2025,23
2878,20,AlphaTauri,283.99,25.62,32.0,31.46,2025,14
2879,16,RedBull,325.54,37.3,38.72,28.74,2025,7
2882,1,RedBull,309.88,39.77,40.0,30.03,2025,19
2889,10,Alpine,304.11,26.57,44.94,32.45,2025,20
2892,5,Ferrari,294.84,26.04,33.21,32.24,2025,15
2896,10,Alpine,299.84,39.91,42.8,30.49,2025,22
2898,12,RedBull,284.06,29.04,35.94,22.73,2025,15
2899,1,RedBull,320.54,25.14,35.05,24.45,2025,8
2900,4,Williams,295.12,39.02,30.91,22.19,2025,3
2906,17,McLaren,316.33,39.91,31.9,22.13,2025,15
2913,18,Ferrari,290.58,31.88,37.97,33.53,2025,11
2914,15,Alpine,312.67,28.29,40.24,23.36,2025,11
2915,6,Mercedes,330.46,35.02,37.3,25.06,2025,4
2919,8,Ferrari,285.83,32.58,38.91,25.73,2025,16
2922,19,McLaren,340.35,39.34,42.28,31.8,2025,10
2929,2,AlphaTauri,291.29,36.73,43.02,22.58,2025,20
2930,12,RedBull,321.72,35.98,30.99,21.39,2025,21
2932,12,RedBull,341.14,25.98,37.92,23.48,2025,16
2939,3,McLaren,287.17,31.97,40.62,34.58,2025,14
2941,5,Ferrari,332.15,36.54,39.14,28.73,2025,16
2946,2,AlphaTauri,286.21,29.18,40.36,27.63,2025,21
2948,18,Ferrari,313.32,35.82,38.68,32.95,2025,18
2950,19,McLaren,294.14,36.7,43.36,26.52,2025,7
2953,17,McLaren,326.89,34.18,34.3,32.69,2025,4
2956,3,McLaren,340.31,35.79,35.15,28.99,2025,8
2965,2,AlphaTauri,302.52,30.58,35.64,33.87,2025,7
2968,10,Alpine,342.59,31.36,39.34,23.75,2025,23
2969,13,Mercedes,344.7,39.82,38.01,22.16,2025,7
2985,18,Ferrari,324.78,34.06,30.7,29.71,2025,19
2990,16,RedBull,329.83,31.47,35.21,33.61,2025,5
2992,2,AlphaTauri,282.32,38.95,42.85,28.23,2025,24
2995,6,Mercedes,294.5,29.74,33.17,27.07,2025,10
2997,10,Alpine,309.66,29.03,37.11,20.2,2025,6
3002,19,McLaren,334.56,34.54,37.21,31.63,2025,8
3005,14,Ferrari,292.41,25.1,33.92,20.64,2025,23
3007,14,Ferrari,281.17,25.05,43.2,33.12,2025,10
3009,12,RedBull,322.21,38.54,30.94,20.85,2025,4
3015,15,Alpine,343.68,28.91,32.78,29.27,2025,20
3019,3,McLaren,304.75,29.15,43.64,28.36,2025,19
3020,17,McLaren,296.38,28.8,31.57,32.76,2025,14
3022,16,RedBull,307.53,26.02,37.56,29.92,2025,19
3023,5,Ferrari,296.47,38.11,30.61,28.14,2025,19
3025,10,Alpine,286.32,31.09,41.66,28.46,2025,15
3026,5,Ferrari,289.45,30.91,37.69,24.58,2025,20
3028,12,RedBull,313.31,26.11,32.81,23.18,2025,21
3032,2,AlphaTauri,336.79,28.03,32.8,25.19,2025,11
3034,4,Williams,303.98,32.0,42.77,21.69,2025,22
3036,2,AlphaTauri,304.8,36.22,32.03,27.62,2025,10
3039,16,RedBull,285.45,30.45,40.23,29.73,2025,2
3040,4,Williams,298.22,39.66,39.96,21.84,2025,6
3041,9,Ferrari,321.86,27.07,32.09,32.77,2025,12
3045,13,Mercedes,317.64,37.69,38.34,24.28,2025,5
3047,3,McLaren,327.26,31.59,38.58,20.67,2025,7
3052,2,AlphaTauri,296.63,32.17,41.73,31.11,2025,20
3053,5,Ferrari,329.39,27.72,41.12,20.45,2025,5
3058,15,Alpine,334.03,32.44,33.52,23.63,2025,3
3069,6,Mercedes,322.81,28.64,32.9,25.54,2025,2
3070,15,Alpine,296.42,39.11,37.09,29.85,2025,6
3071,5,Ferrari,333.8,38.52,40.69,25.37,2025,15
3076,18,Ferrari,286.5,31.3,37.29,24.21,2025,8
3081,3,McLaren,280.47,38.27,39.18,20.23,2025,18
3092,14,Ferrari,297.98,27.93,30.99,30.53,2025,4
3108,16,RedBull,297.89,33.04,37.83,23.19,2025,19
3119,17,McLaren,344.01,35.9,44.04,27.86,2025,17
3126,20,AlphaTauri,287.92,29.43,42.58,32.55,2025,2
3128,14,Ferrari,305.22,25.51,40.78,24.12,2025,10
3129,2,AlphaTauri,316.58,39.61,44.25,20.65,2025,8
3130,18,Ferrari,344.18,39.98,35.04,27.88,2025,19
3131,18,Ferrari,284.81,37.68,36.83,32.13,2025,20
3135,6,Mercedes,325.9,38.81,34.55,20.5,2025,16
3136,3,McLaren,338.86,37.99,44.43,32.2,2025,10
3139,1,RedBull,287.99,39.67,32.14,26.22,2025,3
3144,10,Alpine,322.09,38.49,36.35,31.47,2025,9
3145,4,Williams,287.15,37.6,42.26,33.85,2025,8
3146,16,RedBull,327.74,37.7,40.15,20.91,2025,22
3149,7,Alpine,305.43,32.57,31.22,28.22,2025,18
3159,5,Ferrari,280.7,34.96,44.54,28.11,2025,11
3166,16,RedBull,313.0,35.5,31.58,33.3,2025,21
3167,6,Mercedes,305.77,30.27,40.42,30.46,2025,18
3168,15,Alpine,299.97,35.49,42.16,20.38,2025,7
3169,18,Ferrari,324.56,25.59,31.91,28.41,2025,9
3170,13,Mercedes,284.78,34.44,37.19,23.03,2025,23
3172,5,Ferrari,298.03,25.52,44.08,24.48,2025,21
3184,14,Ferrari,280.26,27.71,42.78,29.12,2025,1
3185,10,Alpine,289.37,36.02,37.8,33.59,2025,2
3187,1,RedBull,337.21,37.92,36.34,20.62,2025,2
3200,16,RedBull,282.43,30.17,34.05,29.96,2025,19
3203,19,McLaren,310.73,31.74,33.1,30.36,2025,22
3210,13,Mercedes,295.81,30.55,35.14,27.81,2025,19
3212,17,McLaren,281.44,32.8,42.14,22.41,2025,17
3224,12,RedBull,314.22,35.35,40.62,24.74,2025,15
3227,6,Mercedes,281.43,28.49,39.36,34.5,2025,4
3232,4,Williams,319.66,32.97,42.23,25.3,2025,7
3233,16,RedBull,305.73,36.8,44.81,29.22,2025,14
3235,13,Mercedes,321.58,35.26,32.87,28.09,2025,22
3245,3,McLaren,289.41,39.15,31.64,23.05,2025,2
3258,14,Ferrari,302.78,39.27,32.88,30.31,2025,13
3267,2,AlphaTauri,320.52,30.96,44.44,32.76,2025,15
3268,4,Williams,292.47,34.02,37.84,30.21,2025,12
3273,12,RedBull,330.3,27.27,36.11,32.75,2025,3
3274,12,RedBull,332.93,39.59,32.02,31.28,2025,16
3277,1,RedBull,285.32,35.85,38.9,20.22,2025,10
3282,7,Alpine,281.88,36.13,34.82,30.24,2025,11
3292,6,Mercedes,300.12,26.04,34.0,23.65,2025,17
3299,13,Mercedes,292.17,32.89,42.04,22.09,2025,16
3300,1,RedBull,332.01,36.88,30.27,29.46,2025,11
3301,19,McLaren,324.53,39.82,35.27,32.09,2025,3
3302,20,AlphaTauri,306.21,38.8,35.68,23.69,2025,8
3303,5,Ferrari,325.72,37.28,38.21,20.83,2025,3
3309,17,McLaren,316.9,28.55,32.58,27.06,2025,10
3327,16,RedBull,288.62,27.15,36.68,30.39,2025,4
3334,13,Mercedes,319.59,27.61,35.32,20.57,2025,2
3347,14,Ferrari,334.26,31.8,31.29,33.67,2025,3
3355,1,RedBull,289.23,36.6,43.68,34.91,2025,1
3361,10,Alpine,288.16,31.68,33.61,31.76,2025,6
3365,3,McLaren,289.28,27.31,32.6,20.73,2025,20
3366,8,Ferrari,292.11,29.19,44.39,25.65,2025,4
3367,2,AlphaTauri,309.48,26.43,35.33,22.93,2025,20
3368,6,Mercedes,341.95,27.81,32.03,34.72,2025,4
3380,18,Ferrari,305.05,37.32,39.77,31.42,2025,7
3382,12,RedBull,307.8,33.77,33.17,31.52,2025,23
3389,17,McLaren,286.25,30.41,38.77,31.55,2025,5
3395,18,Ferrari,343.61,35.25,34.45,30.86,2025,6
3396,13,Mercedes,298.82,37.38,30.2,25.91,2025,21
3408,5,Ferrari,298.98,34.28,37.77,28.27,2025,12
3410,4,Williams,324.27,29.79,43.06,34.48,2025,10
3413,9,Ferrari,312.65,39.9,31.01,20.21,2025,23
3418,11,Williams,316.52,31.24,34.57,32.85,2025,4
3419,12,RedBull,301.81,36.11,41.82,28.51,2025,4
3429,12,RedBull,309.78,27.49,35.13,31.66,2025,16
3434,7,Alpine,292.15,32.47,37.97,32.54,2025,13
3438,20,AlphaTauri,333.8,27.37,38.8,30.36,2025,4
3446,1,RedBull,328.51,34.13,43.6,27.58,2025,8
3448,19,McLaren,306.17,26.19,42.66,25.97,2025,9
3457,19,McLaren,336.89,29.97,31.54,34.77,2025,21
3472,19,McLaren,301.88,36.96,34.48,21.7,2025,7
3474,19,McLaren,306.49,32.65,33.95,25.19,2025,18
3479,3,McLaren,303.28,26.96,31.37,32.01,2025,12
3489,20,AlphaTauri,297.52,28.91,31.46,22.74,2025,8
3490,9,Ferrari,331.18,26.61,34.25,22.39,2025,2
3502,14,Ferrari,306.18,25.36,33.16,20.76,2025,13
3504,14,Ferrari,291.53,31.04,40.22,31.23,2025,2
3512,10,Alpine,305.6,32.53,43.16,25.11,2025,19
3519,14,Ferrari,289.1,29.36,33.11,32.52,2025,18
3520,9,Ferrari,344.02,25.72,34.2,30.56,2025,10
3525,14,Ferrari,322.9,38.5,38.36,33.17,2025,6
3528,15,Alpine,291.96,29.26,39.31,24.6,2025,20
3533,14,Ferrari,283.51,37.48,31.92,22.93,2025,11
3534,12,RedBull,340.3,30.8,43.84,26.69,2025,10
3541,4,Williams,309.07,30.35,35.56,21.73,2025,7
3545,11,Williams,298.22,28.26,43.01,32.24,2025,4
3547,14,Ferrari,334.0,31.41,35.57,23.56,2025,9
3551,4,Williams,336.05,37.98,39.98,30.4,2025,16
3554,7,Alpine,285.0,29.49,38.79,32.16,2025,10
3563,15,Alpine,334.27,37.42,38.73,28.63,2025,11
3565,9,Ferrari,291.68,38.72,34.01,26.17,2025,13
3567,13,Mercedes,337.11,39.16,42.56,30.66,2025,5
3570,18,Ferrari,282.16,26.96,38.55,22.11,2025,6
3575,1,RedBull,298.82,33.37,35.86,25.83,2025,18
3578,5,Ferrari,327.35,26.14,36.44,25.13,2025,1
3584,6,Mercedes,293.58,34.27,39.56,25.91,2025,23
3587,19,McLaren,333.5,37.36,36.45,32.5,2025,5
3590,1,RedBull,325.51,30.93,32.28,28.23,2025,20
3591,15,Alpine,333.91,29.25,40.14,31.57,2025,12
3593,15,Alpine,312.81,38.61,35.09,30.72,2025,18
3599,16,RedBull,295.12,39.3,40.31,23.95,2025,10
3602,16,RedBull,309.88,37.42,39.45,33.68,2025,13
3603,14,Ferrari,284.3,34.53,37.08,29.81,2025,14
3610,10,Alpine,323.52,29.26,35.62,27.62,2025,20
3613,16,RedBull,284.34,34.02,42.75,28.57,2025,10
3615,3,McLaren,337.07,36.63,32.38,26.17,2025,24
3618,6,Mercedes,293.73,36.07,34.49,25.26,2025,10
3621,4,Williams,286.8,35.21,38.46,20.24,2025,18
3623,2,AlphaTauri,299.14,37.83,38.76,26.78,2025,2
3624,18,Ferrari,323.42,32.52,38.46,34.2,2025,12
3626,20,AlphaTauri,332.57,29.74,39.59,33.0,2025,11
3629,12,RedBull,284.56,37.62,41.49,24.35,2025,10
3632,6,Mercedes,332.45,26.88,35.26,27.88,2025,19
3636,9,Ferrari,299.36,36.37,33.33,31.92,2025,8
3648,3,McLaren,330.24,31.84,43.72,21.23,2025,11
3651,6,Mercedes,338.77,34.55,44.73,33.81,2025,7
3656,16,RedBull,295.31,36.19,38.05,30.67,2025,24
3657,17,McLaren,308.27,29.32,43.24,25.16,2025,12
3658,10,Alpine,288.56,37.2,43.31,22.42,2025,4
3662,19,McLaren,318.48,34.35,31.39,23.03,2025,19
3666,6,Mercedes,308.83,38.29,41.71,33.0,2025,6
3670,9,Ferrari,315.37,27.61,31.35,28.39,2025,7
3681,7,Alpine,297.23,34.46,39.63,28.99,2025,3
3682,11,Williams,305.56,38.98,31.53,31.36,2025,5
3683,7,Alpine,309.87,29.38,42.26,34.54,2025,19
3684,8,Ferrari,293.09,33.52,38.04,22.96,2025,12
3689,11,Williams,287.73,25.71,30.85,29.63,2025,14
3692,6,Mercedes,318.54,33.69,43.48,34.57,2025,20
3697,19,McLaren,304.91,38.55,36.46,20.33,2025,20
3702,20,AlphaTauri,308.99,25.17,44.71,32.37,2025,23
3703,5,Ferrari,334.16,29.38,33.74,24.8,2025,4
3718,1,RedBull,332.33,37.89,34.32,26.03,2025,8
3724,16,RedBull,338.31,26.31,37.86,34.41,2025,7
3729,3,McLaren,283.57,33.68,33.95,28.44,2025,21
3737,20,AlphaTauri,326.35,31.56,38.76,31.18,2025,12
3738,17,McLaren,340.12,25.67,34.72,29.25,2025,8
3744,13,Mercedes,285.49,38.84,33.33,23.06,2025,23
3745,7,Alpine,296.53,38.81,44.44,32.19,2025,8
3747,12,RedBull,314.12,38.68,34.06,26.64,2025,5
3750,16,RedBull,292.98,39.24,38.96,24.38,2025,11
3758,9,Ferrari,289.03,35.15,40.6,32.75,2025,21
3764,9,Ferrari,303.26,36.31,44.73,26.14,2025,22
3766,16,RedBull,337.99,33.39,35.0,28.9,2025,10
3769,11,Williams,284.68,30.27,35.97,31.88,2025,18
3772,17,McLaren,313.48,33.6,40.25,31.51,2025,5
3773,11,Williams,308.98,27.67,40.14,25.22,2025,23
3774,11,Williams,324.08,26.94,39.56,22.88,2025,16
3777,2,AlphaTauri,296.14,29.57,38.68,20.4,2025,11
3785,13,Mercedes,309.04,38.15,41.09,26.3,2025,2
3796,17,McLaren,343.78,31.1,43.18,25.29,2025,12
3801,3,McLaren,286.96,34.97,31.58,27.2,2025,11
3802,5,Ferrari,336.52,38.47,39.86,20.59,2025,9
3803,4,Williams,328.93,31.28,39.55,20.57,2025,6
3807,5,Ferrari,313.02,37.41,39.44,24.07,2025,24
3815,12,RedBull,295.29,30.22,41.35,28.88,2025,11
3824,20,AlphaTauri,298.88,25.16,36.48,31.1,2025,24
3826,3,McLaren,292.18,29.63,31.98,33.49,2025,7
3831,15,Alpine,342.03,31.25,34.59,33.36,2025,11
3833,20,AlphaTauri,313.69,31.75,39.99,30.28,2025,5
3835,1,RedBull,301.88,31.3,40.69,25.07,2025,16
3839,19,McLaren,305.2,34.34,35.36,32.19,2025,24
3841,17,McLaren,332.49,33.89,41.24,20.06,2025,23
3844,6,Mercedes,309.44,32.71,38.96,21.89,2025,24
3845,9,Ferrari,311.25,29.07,44.13,28.75,2025,22
3847,2,AlphaTauri,344.93,26.85,43.61,34.09,2025,12
3848,7,Alpine,302.75,29.83,43.47,24.27,2025,1
3851,7,Alpine,313.13,33.4,38.9,21.25,2025,23
3853,17,McLaren,336.77,27.82,41.84,23.13,2025,19
3859,17,McLaren,344.91,27.66,38.12,34.19,2025,12
3860,13,Mercedes,313.36,34.95,33.4,24.27,2025,20
3865,12,RedBull,305.03,38.95,37.8,20.61,2025,6
3872,4,Williams,328.76,27.7,42.99,32.99,2025,12
3878,12,RedBull,321.55,27.82,37.32,33.21,2025,24
3880,3,McLaren,299.72,32.62,38.73,27.64,2025,7
3883,3,McLaren,313.98,33.51,35.67,23.72,2025,5
3895,17,McLaren,317.9,32.32,31.12,27.47,2025,18
3897,1,RedBull,326.42,30.62,31.76,32.54,2025,5
3902,18,Ferrari,291.16,35.49,37.85,28.78,2025,4
3904,1,RedBull,313.78,32.43,37.58,21.19,2025,19
3905,13,Mercedes,336.65,37.21,33.41,30.32,2025,16
3906,17,McLaren,310.63,30.25,36.53,20.68,2025,21
3909,7,Alpine,283.9,28.19,32.89,32.32,2025,4
3911,15,Alpine,325.38,32.92,31.97,26.09,2025,1
3916,10,Alpine,316.59,33.59,42.32,20.98,2025,19
3918,12,RedBull,340.44,27.89,37.17,22.11,2025,12
3928,5,Ferrari,329.74,28.3,34.45,32.17,2025,16
3929,16,RedBull,317.09,34.81,38.42,28.98,2025,22
3934,6,Mercedes,342.61,36.59,41.27,28.27,2025,23
3935,19,McLaren,310.13,38.64,33.74,22.69,2025,19
3937,7,Alpine,297.99,33.91,31.39,25.17,2025,24
3940,12,RedBull,326.9,36.98,30.97,34.2,2025,14
3949,17,McLaren,295.77,37.89,36.07,26.31,2025,5
3953,16,RedBull,291.97,25.15,30.42,31.07,2025,17
3955,12,RedBull,301.97,29.05,33.69,32.51,2025,24
3957,12,RedBull,297.19,37.43,37.27,22.42,2025,14
3958,6,Mercedes,305.36,34.02,38.39,26.72,2025,13
3968,1,RedBull,288.27,31.4,31.72,30.09,2025,9
3972,10,Alpine,340.72,25.12,42.38,26.08,2025,19
3976,12,RedBull,302.95,29.4,32.23,24.28,2025,16
3981,17,McLaren,280.76,27.8,39.76,25.25,2025,1
3985,2,AlphaTauri,295.72,31.9,44.76,22.69,2025,4
3987,12,RedBull,289.19,26.38,40.64,25.81,2025,11
3988,20,AlphaTauri,307.87,33.48,31.09,30.08,2025,10
3989,4,Williams,321.84,32.36,35.25,26.52,2025,6
4001,10,Alpine,303.58,31.8,42.7,34.86,2025,2
4002,13,Mercedes,286.2,39.61,30.32,23.49,2025,2
4005,10,Alpine,306.59,29.53,35.29,23.54,2025,8
4015,2,AlphaTauri,302.02,29.17,41.59,32.59,2025,8
4018,20,AlphaTauri,338.9,31.19,32.99,26.13,2025,17
4021,19,McLaren,300.67,28.26,34.06,24.68,2025,24
4024,7,Alpine,330.28,27.69,35.91,32.41,2025,4
4027,15,Alpine,306.41,28.49,35.76,20.56,2025,11
4032,2,AlphaTauri,334.92,25.47,41.08,27.81,2025,15
4034,15,Alpine,341.95,29.45,39.71,23.54,2025,15
4036,16,RedBull,323.58,30.07,30.93,28.76,2025,22
4039,17,McLaren,302.92,28.7,43.5,28.59,2025,19
4045,6,Mercedes,315.0,29.3,33.59,32.96,2025,19
4051,20,AlphaTauri,336.06,39.68,38.19,23.62,2025,6
4052,10,Alpine,315.82,27.78,40.66,24.24,2025,16
4053,2,AlphaTauri,339.82,29.66,34.25,27.02,2025,4
4058,7,Alpine,309.05,26.4,40.34,27.66,2025,5
4059,2,AlphaTauri,317.59,30.78,31.75,34.29,2025,22
4063,5,Ferrari,280.36,36.32,43.83,27.94,2025,11
4072,18,Ferrari,280.95,28.99,30.03,29.79,2025,3
4073,6,Mercedes,325.83,39.65,31.48,27.02,2025,1
4075,15,Alpine,293.55,25.26,41.36,26.44,2025,21
4076,20,AlphaTauri,282.33,29.24,38.9,32.75,2025,21
4077,1,RedBull,290.8,36.93,36.52,22.49,2025,23
4086,3,McLaren,321.17,31.98,37.58,22.64,2025,9
4088,18,Ferrari,303.5,28.16,41.36,34.44,2025,7
4091,8,Ferrari,326.73,30.63,34.95,27.5,2025,14
4092,17,McLaren,287.02,25.21,39.15,26.74,2025,19
4101,18,Ferrari,318.8,27.31,32.53,32.58,2025,4
4106,20,AlphaTauri,304.83,26.74,32.27,32.68,2025,5
4113,20,AlphaTauri,339.48,38.07,38.54,22.4,2025,4
4118,15,Alpine,287.0,38.21,44.4,20.45,2025,18
4130,5,Ferrari,328.32,33.74,36.13,25.78,2025,24
4132,16,RedBull,300.97,29.15,36.79,33.56,2025,20
4134,7,Alpine,297.4,35.03,33.65,24.73,2025,17
4137,14,Ferrari,338.61,36.37,37.74,24.36,2025,7
4138,5,Ferrari,328.18,35.82,44.01,27.11,2025,3
4147,5,Ferrari,320.41,29.98,43.37,20.58,2025,23
4152,3,McLaren,316.54,39.86,36.88,30.96,2025,19
4154,3,McLaren,296.76,34.12,35.32,21.61,2025,9
4155,14,Ferrari,301.85,26.15,37.64,32.31,2025,17
4164,15,Alpine,328.87,33.8,31.02,20.54,2025,18
4165,3,McLaren,325.52,39.23,39.09,30.95,2025,15
4166,13,Mercedes,317.28,33.29,39.59,27.65,2025,8
4176,15,Alpine,321.38,26.8,41.17,21.46,2025,4
4178,20,AlphaTauri,280.55,25.34,38.96,32.05,2025,10
4184,12,RedBull,284.83,25.61,33.7,27.54,2025,19
4186,13,Mercedes,342.69,27.51,30.8,24.51,2025,16
4189,11,Williams,344.64,27.04,44.85,26.38,2025,20
4195,7,Alpine,288.22,31.32,39.74,32.07,2025,7
4197,1,RedBull,337.06,32.4,36.97,33.76,2025,8
4199,9,Ferrari,281.97,38.71,31.15,28.56,2025,17
4204,6,Mercedes,282.1,34.17,41.05,33.93,2025,1
4208,12,RedBull,306.34,32.85,39.61,29.65,2025,3
4216,2,AlphaTauri,305.42,38.71,39.93,31.07,2025,4
4217,3,McLaren,286.26,37.84,37.5,24.48,2025,7
4222,7,Alpine,328.15,32.32,34.88,25.28,2025,19
4223,2,AlphaTauri,326.45,26.8,44.1,30.07,2025,3
4225,4,Williams,284.35,35.66,34.98,24.0,2025,4
4231,11,Williams,331.39,25.72,41.64,23.69,2025,9
4233,9,Ferrari,296.72,26.14,38.36,32.66,2025,17
4240,4,Williams,307.1,34.36,40.24,31.37,2025,4
4243,9,Ferrari,286.46,32.87,38.9,23.26,2025,9
4248,16,RedBull,337.78,35.6,43.17,23.44,2025,24
4252,14,Ferrari,342.17,26.46,36.48,28.23,2025,14
4257,11,Williams,327.64,28.13,30.44,30.6,2025,1
4259,1,RedBull,343.57,35.7,39.19,34.73,2025,16
4266,7,Alpine,332.73,25.92,33.17,24.3,2025,7
4268,2,AlphaTauri,330.4,34.22,43.43,30.75,2025,7
4269,12,RedBull,287.36,27.19,43.05,31.87,2025,23
4272,11,Williams,315.06,27.13,44.41,33.32,2025,9
4275,18,Ferrari,324.47,28.64,38.04,30.06,2025,21
4278,5,Ferrari,304.57,30.39,33.24,33.7,2025,4
4281,17,McLaren,318.63,27.04,32.78,30.66,2025,8
4283,3,McLaren,341.9,38.85,43.21,25.25,2025,14
4289,19,McLaren,304.36,27.08,37.69,34.69,2025,14
4290,7,Alpine,338.04,27.64,34.97,24.93,2025,24
4293,11,Williams,325.38,29.5,39.44,27.81,2025,22
4299,12,RedBull,296.89,26.34,44.68,28.36,2025,14
4301,1,RedBull,287.01,27.18,38.52,29.32,2025,23
4314,12,RedBull,334.88,35.13,43.19,23.03,2025,19
4315,15,Alpine,335.84,26.33,30.53,34.02,2025,2
4320,13,Mercedes,290.62,35.09,36.05,33.94,2025,17
4321,9,Ferrari,284.63,38.67,38.03,34.8,2025,16
4331,11,Williams,294.31,27.3,31.7,30.05,2025,16
4332,15,Alpine,316.66,30.57,35.76,23.82,2025,18
4335,10,Alpine,333.39,39.39,33.79,33.83,2025,17
4337,10,Alpine,281.92,25.35,32.81,30.48,2025,14
4349,18,Ferrari,289.97,35.69,36.81,30.38,2025,7
4352,1,RedBull,288.72,39.25,35.58,33.46,2025,15
4353,14,Ferrari,297.2,36.6,31.21,26.47,2025,19
4355,11,Williams,332.58,25.83,44.42,29.83,2025,17
4362,4,Williams,289.32,34.95,42.16,24.18,2025,6
4363,13,Mercedes,335.84,35.62,43.74,32.73,2025,18
4371,1,RedBull,322.1,26.53,44.57,27.47,2025,22
4372,1,RedBull,291.12,28.95,36.22,26.81,2025,23
4376,19,McLaren,310.41,34.64,43.22,28.94,2025,21
4378,17,McLaren,318.69,27.14,38.7,23.27,2025,18
4382,13,Mercedes,304.53,29.78,41.34,31.61,2025,4
4383,11,Williams,331.17,39.68,43.1,22.5,2025,19
4384,1,RedBull,285.38,29.5,41.1,29.19,2025,20
4385,3,McLaren,332.79,28.51,43.23,26.36,2025,12
4390,1,RedBull,321.03,32.54,36.3,23.49,2025,17
4393,5,Ferrari,300.92,38.49,35.56,26.92,2025,8
4396,8,Ferrari,332.9,35.67,38.3,28.4,2025,9
4399,6,Mercedes,310.89,37.64,44.11,33.52,2025,3
4400,5,Ferrari,286.32,29.27,35.16,32.29,2025,13
4401,4,Williams,318.16,26.71,39.37,27.72,2025,12
4402,19,McLaren,343.1,39.53,30.11,27.63,2025,17
4413,17,McLaren,341.44,29.22,38.84,34.6,2025,23
4419,10,Alpine,328.73,28.63,32.91,28.95,2025,7
4422,17,McLaren,327.79,29.19,33.84,29.03,2025,9
4423,12,RedBull,337.19,26.6,40.47,24.88,2025,20
4424,17,McLaren,305.07,35.83,30.44,22.87,2025,2
4427,1,RedBull,280.59,35.84,35.29,29.53,2025,13
4429,17,McLaren,319.8,26.31,43.69,25.99,2025,15
4430,12,RedBull,336.61,30.49,40.73,20.11,2025,13
4432,8,Ferrari,285.66,28.64,34.87,30.54,2025,24
4441,12,RedBull,305.71,30.33,43.77,30.38,2025,6
4442,18,Ferrari,325.36,33.29,39.25,30.09,2025,16
4448,13,Mercedes,285.17,36.93,37.79,34.96,2025,17
4450,8,Ferrari,316.26,35.6,42.07,24.6,2025,15
4452,4,Williams,293.65,25.41,40.69,33.87,2025,2
4453,20,AlphaTauri,320.08,29.24,32.2,31.31,2025,20
4463,3,McLaren,309.3,25.24,34.51,34.96,2025,17
4464,12,RedBull,332.74,37.85,41.95,31.4,2025,11
4465,14,Ferrari,335.93,38.48,38.28,22.52,2025,13
4466,7,Alpine,290.84,30.06,32.79,32.38,2025,22
4467,3,McLaren,296.62,25.97,38.28,23.92,2025,1
4468,1,RedBull,333.62,32.82,40.99,30.86,2025,23
4472,5,Ferrari,340.11,35.47,34.45,27.98,2025,1
4487,11,Williams,332.45,30.2,36.17,33.19,2025,17
4490,5,Ferrari,322.86,26.63,44.58,29.43,2025,23
4497,17,McLaren,303.62,28.75,39.26,27.27,2025,15
4499,19,McLaren,311.77,28.87,36.36,26.76,2025,11
4501,8,Ferrari,305.35,27.17,43.68,23.63,2025,13
4504,2,AlphaTauri,339.81,31.35,32.52,24.97,2025,18
4511,9,Ferrari,337.39,27.53,31.91,27.22,2025,11
4519,2,AlphaTauri,322.96,31.85,32.4,33.68,2025,9
4523,20,AlphaTauri,307.31,34.09,38.92,23.08,2025,3
4526,8,Ferrari,318.73,31.1,43.91,20.41,2025,16
4527,18,Ferrari,295.69,39.22,32.09,24.49,2025,5
4534,1,RedBull,305.27,35.83,36.63,32.43,2025,8
4536,6,Mercedes,296.45,34.72,37.0,27.13,2025,24
4541,3,McLaren,300.96,30.63,40.79,33.78,2025,5
4543,10,Alpine,319.98,28.05,30.8,34.89,2025,2
4547,15,Alpine,296.15,25.23,36.53,20.7,2025,4
4549,2,AlphaTauri,338.09,37.45,32.97,26.81,2025,4
4552,4,Williams,308.41,32.93,34.45,20.77,2025,9
4555,3,McLaren,294.17,39.47,33.01,29.01,2025,8
4556,16,RedBull,343.62,26.58,39.54,21.43,2025,6
4560,20,AlphaTauri,322.55,26.7,44.29,23.51,2025,24
4563,14,Ferrari,309.14,26.62,30.62,21.74,2025,6
4568,10,Alpine,333.82,25.1,31.41,20.92,2025,17
4570,19,McLaren,287.93,28.12,39.13,21.97,2025,12
4571,8,Ferrari,331.07,29.77,42.2,26.45,2025,10
4574,1,RedBull,331.98,33.38,44.83,32.57,2025,22
4578,8,Ferrari,313.56,27.75,41.4,23.6,2025,4
4586,11,Williams,337.22,29.45,38.28,24.86,2025,10
4587,15,Alpine,319.63,38.37,42.99,22.34,2025,16
4588,2,AlphaTauri,302.13,25.29,37.39,31.8,2025,10
4590,20,AlphaTauri,301.57,36.93,32.02,30.42,2025,5
4593,15,Alpine,329.84,29.71,33.9,32.27,2025,16
4597,11,Williams,338.79,33.26,33.74,33.93,2025,17
4598,18,Ferrari,329.92,34.77,39.81,24.51,2025,21
4599,10,Alpine,292.81,25.25,32.19,31.58,2025,12
4601,10,Alpine,341.74,26.16,34.62,27.62,2025,14
4604,20,AlphaTauri,303.5,39.34,37.82,28.96,2025,15
4610,19,McLaren,300.56,38.7,41.53,34.45,2025,11
4612,9,Ferrari,327.95,39.59,44.36,28.24,2025,21
4617,17,McLaren,324.5,25.12,42.73,28.88,2025,13
4624,6,Mercedes,296.08,26.69,32.22,23.04,2025,10
4629,14,Ferrari,295.36,26.26,32.37,25.33,2025,2
4630,19,McLaren,326.06,39.61,30.13,22.46,2025,10
4634,10,Alpine,325.86,32.4,31.63,31.34,2025,4
4638,16,RedBull,306.21,34.98,42.22,34.79,2025,9
4644,17,McLaren,282.01,29.46,33.09,30.31,2025,2
4649,15,Alpine,306.38,26.41,42.51,31.03,2025,2
4659,3,McLaren,329.68,32.4,32.5,20.97,2025,5
4665,9,Ferrari,310.71,29.89,37.7,22.84,2025,7
4670,15,Alpine,307.32,30.44,40.94,21.96,2025,16
4671,14,Ferrari,296.32,38.49,43.52,24.25,2025,6
4672,20,AlphaTauri,321.31,32.59,42.66,28.47,2025,12
4673,6,Mercedes,303.85,36.26,37.19,23.34,2025,11
4678,16,RedBull,307.14,35.11,35.81,23.2,2025,20
4681,10,Alpine,292.76,29.27,34.11,26.56,2025,22
4682,3,McLaren,344.22,29.61,39.92,34.42,2025,11
4683,17,McLaren,330.13,26.31,41.43,20.57,2025,24
4700,5,Ferrari,295.91,35.28,39.1,20.11,2025,23
4702,9,Ferrari,300.69,27.07,30.88,21.85,2025,12
4708,7,Alpine,325.7,27.01,37.83,24.78,2025,24
4713,20,AlphaTauri,322.97,32.77,37.95,27.87,2025,7
4715,11,Williams,288.8,27.51,38.51,29.04,2025,15
4721,1,RedBull,304.47,31.03,36.06,23.59,2025,2
4725,1,RedBull,313.51,29.81,33.3,21.65,2025,24
4726,3,McLaren,324.52,38.13,37.2,34.49,2025,5
4728,19,McLaren,321.68,33.76,42.02,30.77,2025,10
4734,18,Ferrari,340.74,27.48,35.53,34.35,2025,5
4739,16,RedBull,324.94,33.82,44.74,31.09,2025,24
4744,1,RedBull,329.14,38.37,36.2,26.95,2025,14
4746,8,Ferrari,338.59,34.81,31.86,30.77,2025,20
4747,8,Ferrari,283.12,37.86,43.57,24.84,2025,3
4749,18,Ferrari,306.5,29.2,30.42,30.1,2025,9
4753,5,Ferrari,294.9,37.28,31.12,27.89,2025,21
4756,4,Williams,286.12,34.95,43.72,34.99,2025,18
4760,18,Ferrari,285.3,27.46,38.12,22.21,2025,7
4770,4,Williams,303.08,33.43,37.63,34.14,2025,9
4771,14,Ferrari,312.98,28.07,37.4,26.55,2025,15
4775,7,Alpine,284.05,36.79,32.07,27.98,2025,17
4780,19,McLaren,285.42,31.79,42.72,23.44,2025,15
4787,6,Mercedes,302.84,39.09,41.9,23.64,2025,23
4802,9,Ferrari,293.48,30.77,41.92,20.31,2025,20
4807,17,McLaren,302.95,37.32,35.96,29.51,2025,5
4808,2,AlphaTauri,319.21,35.21,31.43,28.13,2025,14
4810,6,Mercedes,341.53,37.83,37.85,24.53,2025,15
4817,1,RedBull,285.26,27.66,39.19,24.31,2025,20
4824,5,Ferrari,306.52,25.88,35.62,21.96,2025,16
4825,18,Ferrari,303.28,39.85,41.62,27.77,2025,17
4827,16,RedBull,322.79,27.02,36.39,24.89,2025,9
4841,1,RedBull,294.07,34.22,31.06,23.79,2025,18
4842,5,Ferrari,341.41,27.7,31.93,28.22,2025,17
4845,5,Ferrari,305.34,29.37,32.69,20.83,2025,20
4852,1,RedBull,292.8,27.55,31.77,31.84,2025,14
4853,6,Mercedes,318.6,38.79,30.99,20.03,2025,6
4858,12,RedBull,299.48,39.99,40.49,32.8,2025,2
4859,7,Alpine,291.49,30.33,31.67,30.09,2025,7
4862,3,McLaren,291.09,28.13,41.49,20.1,2025,21
4868,13,Mercedes,333.57,27.26,32.86,23.18,2025,3
4870,15,Alpine,327.09,34.0,41.45,28.82,2025,9
4871,5,Ferrari,328.25,35.75,36.26,30.13,2025,11
4877,16,RedBull,323.63,29.47,38.19,26.01,2025,4
4886,8,Ferrari,297.61,38.04,33.13,31.92,2025,5
4888,14,Ferrari,320.34,35.67,37.34,27.66,2025,17
4890,8,Ferrari,321.43,34.6,36.99,28.38,2025,22
4892,9,Ferrari,329.38,27.46,43.53,33.37,2025,7
4893,9,Ferrari,290.34,29.56,43.79,33.45,2025,14
4895,6,Mercedes,289.66,27.92,34.48,24.03,2025,11
4896,15,Alpine,308.05,25.72,39.71,31.2,2025,23
4897,8,Ferrari,323.01,34.11,33.26,24.61,2025,1
4900,2,AlphaTauri,324.3,30.79,40.48,31.69,2025,13
4906,8,Ferrari,321.1,27.3,34.55,23.69,2025,13
4907,5,Ferrari,298.17,35.3,37.28,21.24,2025,22
4915,8,Ferrari,295.13,37.46,32.7,28.04,2025,9
4917,7,Alpine,296.69,27.82,34.74,32.67,2025,9
4921,12,RedBull,331.43,33.96,43.12,33.48,2025,20
4924,4,Williams,294.53,32.98,38.71,27.13,2025,7
4929,12,RedBull,305.33,38.61,32.63,20.1,2025,19
4939,19,McLaren,337.21,30.38,41.65,23.74,2025,8
4941,16,RedBull,302.73,27.05,34.73,27.41,2025,24
4943,11,Williams,307.12,37.45,42.83,33.1,2025,20
4952,20,AlphaTauri,280.98,25.4,33.37,28.18,2025,15
4958,2,AlphaTauri,306.86,25.42,33.16,25.45,2025,19
4969,4,Williams,288.74,34.94,31.31,33.02,2025,15
4970,11,Williams,317.71,34.51,31.06,29.97,2025,18
4973,18,Ferrari,342.57,31.53,33.75,26.62,2025,9
4987,10,Alpine,319.02,25.73,31.38,21.46,2025,20
4992,11,Williams,317.89,34.57,40.92,28.28,2025,20
4994,3,McLaren,311.86,38.6,35.6,34.76,2025,22
4995,14,Ferrari,281.67,25.79,43.77,29.2,2025,3
4999,4,Williams,288.12,25.87,40.39,22.14,2025,17
5000,8,Ferrari,317.25,36.8,36.09,25.45,2025,23
5002,1,RedBull,286.22,36.78,33.16,32.99,2025,13
5003,20,AlphaTauri,310.37,33.17,34.32,29.23,2025,24
5008,10,Alpine,308.03,37.03,32.18,34.71,2025,20
5009,2,AlphaTauri,307.16,31.45,33.93,33.28,2025,4
5014,1,RedBull,283.09,31.16,39.59,22.8,2025,12
5018,15,Alpine,306.87,28.54,40.87,23.85,2025,22
5019,13,Mercedes,301.13,37.78,36.12,33.09,2025,19
5025,16,RedBull,325.51,36.42,35.35,24.67,2025,11
5027,14,Ferrari,315.02,28.67,33.36,34.6,2025,12
5028,1,RedBull,295.38,38.84,42.19,25.52,2025,9
5029,18,Ferrari,335.36,31.09,42.84,23.9,2025,1
5031,14,Ferrari,340.96,29.58,45.0,32.72,2025,23
5032,1,RedBull,296.27,38.66,39.19,31.71,2025,21
5033,4,Williams,286.48,25.23,42.58,31.51,2025,8
5034,8,Ferrari,309.18,30.44,40.64,31.58,2025,12
5038,9,Ferrari,323.12,29.75,31.11,23.57,2025,12
5040,5,Ferrari,341.12,38.36,32.85,32.69,2025,18
5044,16,RedBull,322.29,29.17,44.56,29.95,2025,3
5048,1,RedBull,296.23,29.35,42.7,29.59,2025,23
5050,7,Alpine,285.6,27.66,40.86,24.95,2025,23
5053,11,Williams,334.41,37.32,34.99,26.51,2025,8
5055,20,AlphaTauri,339.23,33.77,37.42,27.07,2025,19
5063,17,McLaren,296.9,31.33,36.54,25.63,2025,14
5069,12,RedBull,300.87,33.94,36.75,28.31,2025,18
5073,7,Alpine,335.25,36.19,34.49,34.04,2025,9
5087,15,Alpine,280.55,37.07,37.52,24.2,2025,2
5089,11,Williams,318.61,28.88,36.85,24.81,2025,21
5092,18,Ferrari,325.82,38.0,42.45,34.56,2025,13
5095,9,Ferrari,339.48,38.94,41.59,26.02,2025,20
5096,12,RedBull,332.17,37.05,34.24,31.01,2025,11
5106,10,Alpine,280.7,36.96,44.75,29.03,2025,20
5116,6,Mercedes,319.07,29.15,31.34,28.19,2025,19
5117,1,RedBull,309.01,34.83,32.53,34.6,2025,18
5125,4,Williams,316.68,27.57,33.71,28.33,2025,12
5129,15,Alpine,311.75,25.34,37.86,28.88,2025,13
5131,16,RedBull,293.36,27.98,31.0,28.38,2025,5
5137,3,McLaren,291.44,37.14,30.93,24.4,2025,21
5138,11,Williams,320.04,30.05,31.2,22.26,2025,16
5139,17,McLaren,317.62,34.61,32.8,34.24,2025,20
5141,5,Ferrari,285.32,34.45,41.03,25.05,2025,5
5148,2,AlphaTauri,316.95,37.53,31.9,27.98,2025,5
5156,5,Ferrari,287.51,31.48,44.66,29.47,2025,5
5165,5,Ferrari,322.82,32.48,42.15,21.12,2025,2
5167,11,Williams,344.74,38.97,43.38,27.55,2025,3
5171,13,Mercedes,281.0,26.02,42.98,33.42,2025,12
5175,15,Alpine,337.9,37.39,31.42,34.97,2025,16
5177,19,McLaren,287.65,39.54,42.04,34.92,2025,24
5179,11,Williams,282.8,36.32,34.41,24.47,2025,11
5180,18,Ferrari,305.69,37.33,32.84,21.0,2025,24
5184,20,AlphaTauri,310.54,27.47,41.11,26.01,2025,8
5185,19,McLaren,319.43,25.2,35.66,31.71,2025,3
5187,6,Mercedes,296.02,29.32,37.69,32.33,2025,22
5191,1,RedBull,318.26,36.4,39.47,31.21,2025,23
5196,17,McLaren,292.56,29.53,31.67,20.57,2025,2
5197,12,RedBull,324.26,27.75,35.21,28.38,2025,6
5211,10,Alpine,281.41,38.17,33.33,24.25,2025,9
5212,11,Williams,323.47,33.1,35.1,33.35,2025,4
5216,15,Alpine,326.59,35.62,41.47,33.39,2025,18
5223,7,Alpine,343.81,25.44,44.62,22.97,2025,11
5226,2,AlphaTauri,298.8,39.58,30.7,25.74,2025,23
5231,6,Mercedes,312.08,37.72,43.62,26.2,2025,22
5236,13,Mercedes,312.99,34.06,43.26,20.85,2025,10
5237,19,McLaren,343.32,39.25,37.29,22.84,2025,2
5242,1,RedBull,297.34,33.98,33.91,21.47,2025,1
5251,9,Ferrari,332.01,38.27,42.75,21.36,2025,21
5252,6,Mercedes,281.71,30.74,42.88,31.88,2025,19
5253,8,Ferrari,305.6,31.23,43.92,26.14,2025,2
5261,6,Mercedes,307.78,30.11,31.41,29.49,2025,9
5265,1,RedBull,315.93,31.72,30.09,23.94,2025,6
5268,14,Ferrari,326.95,36.79,41.69,27.57,2025,13
5279,15,Alpine,329.45,27.09,30.22,20.08,2025,7
5280,8,Ferrari,325.92,34.93,32.17,23.18,2025,13
5282,2,AlphaTauri,302.27,35.1,41.41,29.37,2025,17
5283,19,McLaren,325.23,26.43,30.6,29.59,2025,18
5284,10,Alpine,326.98,29.21,33.31,21.49,2025,11
5291,11,Williams,316.89,28.14,33.64,25.96,2025,4
5293,16,RedBull,323.92,31.92,43.51,31.65,2025,21
5312,12,RedBull,314.5,30.29,38.09,32.73,2025,1
5314,20,AlphaTauri,339.23,32.65,44.33,28.02,2025,5
5317,9,Ferrari,308.57,33.75,32.35,24.18,2025,22
5326,11,Williams,304.77,28.29,31.7,31.8,2025,6
5327,11,Williams,285.93,25.72,31.24,31.12,2025,8
5334,7,Alpine,313.82,26.71,30.8,32.13,2025,4
5335,16,RedBull,292.64,34.16,38.53,31.67,2025,14
5338,12,RedBull,297.02,25.36,40.18,22.43,2025,22
5340,4,Williams,314.57,29.69,39.54,26.52,2025,21
5341,18,Ferrari,286.41,35.96,33.92,31.57,2025,3
5343,17,McLaren,325.19,35.82,34.14,23.58,2025,12
5345,5,Ferrari,337.1,31.18,34.66,34.74,2025,6
5349,20,AlphaTauri,310.23,39.05,44.48,34.54,2025,16
5351,1,RedBull,283.28,30.16,34.25,27.52,2025,12
5353,16,RedBull,285.73,25.09,35.36,31.98,2025,15
5357,9,Ferrari,334.87,25.59,38.05,31.72,2025,16
5359,1,RedBull,333.83,33.72,39.04,32.04,2025,11
5360,17,McLaren,294.24,30.67,44.53,28.95,2025,1
5372,14,Ferrari,334.42,30.17,30.17,23.61,2025,19
5375,17,McLaren,291.58,36.21,44.52,29.77,2025,13
5391,19,McLaren,337.64,36.79,36.51,21.02,2025,1
5392,6,Mercedes,327.39,26.73,34.07,25.53,2025,15
5397,11,Williams,318.63,35.69,37.65,20.13,2025,16
5401,19,McLaren,341.09,36.24,37.63,34.94,2025,23
5402,11,Williams,306.59,27.86,38.19,30.25,2025,18
5406,9,Ferrari,301.76,35.4,31.66,29.56,2025,11
5410,6,Mercedes,318.65,37.55,34.03,32.69,2025,7
5413,5,Ferrari,335.06,27.7,34.84,31.19,2025,15
5416,6,Mercedes,302.51,36.37,31.48,25.47,2025,5
5417,20,AlphaTauri,288.43,35.6,43.49,20.36,2025,15
5431,20,AlphaTauri,319.2,26.06,37.68,31.58,2025,12
5434,6,Mercedes,280.37,36.95,44.3,27.8,2025,17
5437,14,Ferrari,325.53,35.14,35.81,22.03,2025,9
5440,12,RedBull,312.34,25.32,38.84,31.2,2025,9
5445,8,Ferrari,286.48,26.8,44.78,28.82,2025,3
5446,6,Mercedes,332.04,37.68,38.57,22.37,2025,19
5448,18,Ferrari,304.02,25.21,31.29,21.28,2025,20
5451,15,Alpine,336.02,25.22,35.38,34.96,2025,12
5456,2,AlphaTauri,293.42,32.2,44.04,21.76,2025,20
5457,10,Alpine,288.48,27.28,39.29,29.64,2025,1
5462,13,Mercedes,342.88,27.32,42.98,25.98,2025,24
5464,16,RedBull,305.39,33.34,39.93,26.11,2025,11
5466,4,Williams,326.31,31.66,32.15,26.71,2025,18
5468,7,Alpine,317.37,34.57,38.56,28.08,2025,16
5470,5,Ferrari,320.27,27.27,40.78,22.24,2025,5
5472,12,RedBull,311.29,31.39,43.65,30.94,2025,5
5473,12,RedBull,282.85,36.86,32.14,26.39,2025,20
5475,18,Ferrari,341.12,35.14,36.15,32.37,2025,18
5478,12,RedBull,290.59,26.66,33.35,23.56,2025,12
5483,1,RedBull,339.95,25.27,35.15,25.07,2025,4
5487,10,Alpine,328.95,33.19,37.89,26.53,2025,15
5498,8,Ferrari,325.83,32.66,32.09,34.87,2025,14
5503,1,RedBull,294.6,31.7,37.23,24.29,2025,24
5504,15,Alpine,295.05,30.47,44.29,29.74,2025,6
5506,12,RedBull,339.48,25.35,30.08,27.49,2025,3
5510,10,Alpine,303.63,28.57,33.57,24.31,2025,23
5517,13,Mercedes,323.13,35.16,41.28,33.47,2025,12
5521,12,RedBull,291.43,35.15,40.91,29.57,2025,21
5522,18,Ferrari,341.36,38.02,33.86,31.75,2025,16
5528,2,AlphaTauri,317.99,39.45,41.93,32.71,2025,20
5531,9,Ferrari,341.92,29.25,43.93,23.71,2025,12
5536,8,Ferrari,320.44,38.19,30.09,24.29,2025,10
5542,7,Alpine,339.42,30.07,41.37,24.86,2025,5
5544,8,Ferrari,308.54,28.14,38.12,25.14,2025,18
5545,20,AlphaTauri,310.42,29.92,32.86,34.64,2025,15
5547,16,RedBull,317.29,37.98,30.45,22.83,2025,16
5548,12,RedBull,282.01,30.0,33.47,32.14,2025,9
5550,5,Ferrari,336.56,25.04,42.71,25.19,2025,10
5553,14,Ferrari,307.65,34.62,35.99,23.27,2025,14
5560,20,AlphaTauri,331.03,25.61,41.93,28.69,2025,6
5562,1,RedBull,287.55,38.89,37.55,22.53,2025,5
5564,14,Ferrari,323.14,29.49,40.29,25.52,2025,19
5571,16,RedBull,337.99,25.76,31.36,20.88,2025,8
5572,20,AlphaTauri,327.39,26.27,34.2,20.15,2025,13
5576,2,AlphaTauri,281.43,34.82,40.7,26.02,2025,2
5577,6,Mercedes,298.52,28.09,31.86,30.97,2025,2
5584,15,Alpine,282.92,37.76,36.68,22.86,2025,21
5589,20,AlphaTauri,309.42,31.06,44.66,23.48,2025,9
5590,19,McLaren,318.07,39.25,37.67,26.54,2025,14
5595,19,McLaren,336.03,25.63,37.88,30.44,2025,19
5601,6,Mercedes,320.62,30.08,36.07,27.97,2025,2
5618,9,Ferrari,282.93,33.52,42.24,34.32,2025,1
5620,10,Alpine,317.88,39.63,31.81,25.15,2025,5
5624,9,Ferrari,288.5,34.76,38.67,33.08,2025,14
5625,1,RedBull,330.57,29.95,38.11,28.71,2025,6
5626,13,Mercedes,322.9,33.24,34.42,28.7,2025,10
5646,5,Ferrari,284.97,30.34,38.2,29.77,2025,19
5649,8,Ferrari,308.86,25.07,30.93,26.79,2025,22
5654,18,Ferrari,305.08,38.24,35.46,28.31,2025,22
5655,15,Alpine,305.96,39.26,34.21,27.66,2025,16
5656,7,Alpine,295.52,37.76,37.28,29.18,2025,11
5657,17,McLaren,284.06,35.19,32.73,32.83,2025,17
5658,6,Mercedes,320.87,34.1,36.81,26.53,2025,10
5659,10,Alpine,296.25,28.74,37.53,20.13,2025,9
5660,13,Mercedes,341.25,39.52,32.9,34.25,2025,23
5662,8,Ferrari,314.07,34.66,43.29,31.6,2025,20
5664,17,McLaren,297.16,36.6,34.32,21.54,2025,18
5667,20,AlphaTauri,309.32,36.61,30.79,31.6,2025,21
5676,1,RedBull,339.42,28.85,39.41,34.09,2025,19
5677,6,Mercedes,326.33,34.48,42.75,22.16,2025,20
5679,10,Alpine,322.75,26.86,31.55,33.9,2025,8
5680,14,Ferrari,330.54,29.02,44.55,34.55,2025,20
5683,2,AlphaTauri,302.47,29.78,38.29,24.39,2025,7
5691,3,McLaren,325.65,37.85,33.58,27.58,2025,12
5695,19,McLaren,318.26,29.81,32.62,26.1,2025,1
5698,3,McLaren,309.84,27.77,34.91,21.5,2025,21
5706,20,AlphaTauri,295.74,39.91,34.58,31.68,2025,3
5708,18,Ferrari,293.86,39.29,38.52,32.68,2025,16
5710,7,Alpine,280.89,36.63,43.17,29.7,2025,7
5712,14,Ferrari,299.67,38.96,34.44,20.14,2025,19
5716,18,Ferrari,301.75,25.34,37.1,34.74,2025,11
5725,5,Ferrari,284.36,39.38,40.03,30.04,2025,14
5731,4,Williams,298.95,31.77,36.71,34.59,2025,12
5735,10,Alpine,319.43,29.31,34.6,27.86,2025,3
5737,6,Mercedes,336.63,27.86,36.03,27.31,2025,23
5740,18,Ferrari,325.68,35.54,42.09,28.34,2025,2
5745,2,AlphaTauri,295.88,29.96,40.45,26.41,2025,19
5746,4,Williams,318.24,36.14,35.66,24.17,2025,6
5748,13,Mercedes,281.64,34.71,41.09,33.24,2025,14
5750,3,McLaren,322.47,31.94,44.94,34.12,2025,14
5753,17,McLaren,297.63,28.98,42.11,20.21,2025,22
5756,14,Ferrari,305.91,37.56,31.56,26.37,2025,11
5769,17,McLaren,282.92,37.75,31.81,31.26,2025,6
5773,18,Ferrari,301.16,27.0,36.28,32.23,2025,24
5774,5,Ferrari,336.8,31.08,42.78,28.52,2025,1
5784,14,Ferrari,328.36,34.09,32.86,33.23,2025,21
5785,11,Williams,341.0,39.09,37.45,31.83,2025,8
5786,9,Ferrari,302.34,34.41,31.5,29.39,2025,24
5796,9,Ferrari,314.66,34.52,34.35,32.03,2025,11
5798,10,Alpine,318.4,34.69,35.42,27.31,2025,6
5799,2,AlphaTauri,301.14,35.76,38.69,22.65,2025,10
5801,12,RedBull,303.81,36.41,34.24,32.97,2025,1
5804,5,Ferrari,283.35,26.08,42.43,32.79,2025,23
5808,16,RedBull,289.64,35.62,35.81,30.08,2025,8
5810,18,Ferrari,313.18,29.54,44.22,20.7,2025,20
5812,17,McLaren,335.74,27.16,33.79,33.29,2025,18
5813,13,Mercedes,280.19,36.88,37.01,24.03,2025,12
5815,12,RedBull,337.89,39.7,32.84,28.98,2025,2
5817,5,Ferrari,314.93,33.98,32.65,20.62,2025,6
5821,1,RedBull,334.28,32.98,36.09,30.47,2025,14
5824,12,RedBull,312.21,32.16,39.06,20.89,2025,7
5830,11,Williams,317.19,39.9,40.02,23.45,2025,7
5837,9,Ferrari,282.75,38.63,34.51,29.01,2025,24
5852,3,McLaren,331.84,30.33,36.69,29.96,2025,3
5868,1,RedBull,320.23,37.53,42.57,31.16,2025,21
5871,1,RedBull,339.76,33.2,41.59,29.03,2025,10
5877,17,McLaren,286.19,34.13,30.21,27.17,2025,20
5881,13,Mercedes,291.13,27.29,31.69,23.97,2025,12
5883,6,Mercedes,285.23,35.78,34.97,30.1,2025,10
5887,8,Ferrari,342.99,25.99,36.59,23.62,2025,1
5888,3,McLaren,334.92,38.92,37.51,24.0,2025,1
5889,8,Ferrari,291.02,28.66,34.04,32.31,2025,8
5900,19,McLaren,303.18,38.74,44.89,32.33,2025,16
5901,20,AlphaTauri,341.83,36.25,38.3,32.86,2025,4
5902,20,AlphaTauri,326.84,34.02,41.02,29.09,2025,4
5909,7,Alpine,340.64,36.67,39.33,21.15,2025,21
5911,4,Williams,334.23,33.7,32.2,34.73,2025,10
5918,1,RedBull,299.49,28.7,34.92,30.15,2025,18
5919,8,Ferrari,282.43,30.15,33.06,23.71,2025,13
5933,12,RedBull,318.83,28.39,41.45,23.28,2025,4
5935,18,Ferrari,282.08,33.84,34.27,27.57,2025,24
5937,15,Alpine,305.0,35.08,30.23,28.18,2025,8
5941,14,Ferrari,292.31,30.08,32.83,31.46,2025,12
5942,1,RedBull,327.81,29.16,37.41,21.51,2025,19
5949,17,McLaren,293.53,33.64,44.68,21.58,2025,20
5956,3,McLaren,280.28,25.28,30.43,30.52,2025,17
5959,5,Ferrari,304.97,39.09,42.77,24.14,2025,14
5960,20,AlphaTauri,321.46,38.99,44.04,28.7,2025,18
5962,16,RedBull,308.4,31.14,31.5,28.9,2025,3
5964,4,Williams,317.05,31.77,37.8,30.18,2025,1
5965,19,McLaren,302.45,30.91,31.17,25.07,2025,6
5967,17,McLaren,341.08,37.68,39.06,32.79,2025,16
5968,18,Ferrari,343.14,31.19,30.1,24.91,2025,12
5973,8,Ferrari,297.64,29.79,42.06,32.25,2025,1
5975,12,RedBull,300.58,36.57,33.6,22.92,2025,1
5977,8,Ferrari,307.12,28.53,44.45,31.65,2025,20
5978,18,Ferrari,300.42,37.72,43.45,30.17,2025,20
5981,17,McLaren,301.43,32.32,42.3,34.53,2025,13
5984,19,McLaren,311.4,34.03,34.38,20.84,2025,21
5989,14,Ferrari,290.07,34.81,42.5,33.7,2025,21
5990,19,McLaren,329.71,26.56,41.31,33.29,2025,13
5992,7,Alpine,317.44,37.68,42.52,28.04,2025,12
5993,9,Ferrari,309.79,29.74,37.69,26.79,2025,16
5995,19,McLaren,328.63,35.46,33.83,31.41,2025,16
5997,6,Mercedes,299.01,39.29,34.43,26.13,2025,3
6002,4,Williams,327.55,30.5,41.42,26.28,2025,13
6004,18,Ferrari,307.79,35.22,44.09,24.36,2025,10
6010,9,Ferrari,318.75,38.0,35.65,34.08,2025,20
6011,2,AlphaTauri,327.91,31.01,44.84,24.74,2025,4
6013,4,Williams,299.62,33.4,39.74,23.27,2025,7
6022,16,RedBull,281.9,35.43,35.5,27.47,2025,17
6028,16,RedBull,316.4,27.39,39.23,25.13,2025,12
6031,5,Ferrari,323.17,32.54,35.83,23.23,2025,8
6050,17,McLaren,293.41,35.28,40.16,24.98,2025,11
6057,3,McLaren,330.22,37.27,35.4,28.93,2025,15
6060,12,RedBull,329.29,28.92,34.48,20.91,2025,8
6061,2,AlphaTauri,318.7,30.82,38.84,25.39,2025,12
6067,2,AlphaTauri,320.1,33.73,31.71,31.35,2025,22
6069,4,Williams,321.52,33.8,33.41,25.95,2025,24
6073,11,Williams,288.19,31.19,41.69,33.0,2025,16
6075,15,Alpine,293.33,33.18,31.74,26.37,2025,9
6079,8,Ferrari,314.51,25.19,32.77,34.41,2025,5
6082,8,Ferrari,337.63,36.37,40.44,32.38,2025,4
6083,2,AlphaTauri,344.78,27.77,32.39,24.81,2025,17
6087,12,RedBull,341.03,32.69,35.91,21.22,2025,24
6093,5,Ferrari,318.7,35.24,36.78,26.85,2025,19
6097,8,Ferrari,291.54,30.64,41.11,27.55,2025,5
6100,5,Ferrari,323.67,37.46,38.28,25.62,2025,23
6106,3,McLaren,299.41,28.37,38.48,25.88,2025,11
6110,15,Alpine,310.03,35.72,30.67,22.0,2025,23
6112,3,McLaren,344.31,34.91,42.17,32.53,2025,11
6117,10,Alpine,322.41,38.02,37.81,27.82,2025,20
6126,12,RedBull,309.48,33.62,35.31,29.51,2025,8
6127,2,AlphaTauri,335.02,29.75,39.66,31.36,2025,18
6128,7,Alpine,283.5,31.53,32.19,30.88,2025,22
6129,18,Ferrari,320.45,25.88,32.68,28.07,2025,10
6130,13,Mercedes,332.72,31.01,44.58,29.97,2025,16
6133,11,Williams,339.72,39.72,40.06,26.44,2025,11
6141,16,RedBull,295.96,37.0,37.96,29.33,2025,15
6144,14,Ferrari,322.77,25.75,41.49,31.22,2025,2
6149,16,RedBull,336.08,28.33,44.61,33.03,2025,10
6151,2,AlphaTauri,311.84,29.47,32.56,20.84,2025,19
6155,18,Ferrari,281.29,34.32,30.13,27.53,2025,1
6165,18,Ferrari,337.05,28.06,35.13,33.46,2025,8
6166,10,Alpine,323.39,25.61,36.62,24.05,2025,13
6169,1,RedBull,331.05,39.09,31.6,25.63,2025,20
6170,20,AlphaTauri,310.57,29.69,35.33,30.51,2025,1
6172,9,Ferrari,292.23,38.56,32.28,26.28,2025,9
6174,17,McLaren,285.84,28.6,35.74,31.83,2025,16
6178,9,Ferrari,285.7,30.17,33.65,26.89,2025,13
6182,3,McLaren,327.94,25.67,40.0,29.02,2025,20
6191,10,Alpine,315.11,32.13,41.45,23.16,2025,4
6195,4,Williams,307.24,26.44,35.78,29.57,2025,15
6201,20,AlphaTauri,336.67,32.56,37.49,26.08,2025,11
6203,15,Alpine,315.05,25.73,41.18,24.03,2025,2
6205,1,RedBull,316.72,37.92,43.71,21.32,2025,12
6221,15,Alpine,321.26,37.73,37.43,25.06,2025,17
6222,2,AlphaTauri,312.32,34.95,39.14,31.9,2025,3
6225,8,Ferrari,317.89,39.22,37.18,22.09,2025,24
6227,14,Ferrari,337.86,35.74,34.45,32.93,2025,19
6228,8,Ferrari,304.84,34.2,34.13,21.32,2025,4
6230,9,Ferrari,307.14,34.85,37.9,20.23,2025,4
6232,3,McLaren,304.78,30.63,32.82,27.48,2025,1
6236,14,Ferrari,286.13,34.81,41.98,34.93,2025,14
6237,20,AlphaTauri,342.99,39.48,44.43,29.68,2025,1
6242,16,RedBull,334.93,34.59,42.47,25.65,2025,18
6253,1,RedBull,281.85,33.39,42.16,27.47,2025,17
6254,15,Alpine,280.73,28.36,35.86,25.29,2025,13
6257,1,RedBull,311.05,25.25,36.29,21.21,2025,18
6263,1,RedBull,334.02,32.27,35.5,21.57,2025,6
6268,14,Ferrari,282.48,37.09,43.13,32.56,2025,21
6279,7,Alpine,326.31,34.05,37.28,21.54,2025,20
6281,7,Alpine,287.42,39.6,30.58,23.21,2025,7
6288,8,Ferrari,326.94,27.26,38.6,30.33,2025,21
6291,9,Ferrari,320.59,36.11,31.22,28.53,2025,23
6292,9,Ferrari,299.38,37.57,31.56,20.71,2025,20
6293,9,Ferrari,338.21,32.88,39.45,23.7,2025,20
6299,19,McLaren,306.2,30.95,43.33,20.87,2025,16
6300,8,Ferrari,325.71,39.0,40.16,27.19,2025,21
6301,2,AlphaTauri,309.41,28.22,40.13,21.15,2025,12
6303,18,Ferrari,343.65,34.43,43.09,24.34,2025,14
6304,13,Mercedes,325.83,39.55,33.59,20.63,2025,14
6309,3,McLaren,342.07,36.39,33.13,30.02,2025,11
6314,6,Mercedes,332.22,36.76,43.3,30.72,2025,15
6320,15,Alpine,297.34,27.66,41.37,20.5,2025,11
6329,1,RedBull,304.78,39.35,39.09,20.29,2025,9
6331,14,Ferrari,299.9,29.99,38.84,26.23,2025,18
6332,14,Ferrari,317.67,33.5,30.51,26.63,2025,12
6340,6,Mercedes,316.13,35.21,34.53,20.09,2025,9
6343,13,Mercedes,341.28,39.47,31.27,26.01,2025,1
6349,17,McLaren,288.38,31.95,44.63,31.85,2025,23
6350,2,AlphaTauri,300.85,35.54,43.79,22.47,2025,24
6351,12,RedBull,289.32,29.51,30.39,21.2,2025,1
6352,17,McLaren,307.99,35.14,42.73,24.2,2025,5
6353,18,Ferrari,321.79,33.52,44.05,26.51,2025,5
6382,18,Ferrari,315.8,29.84,31.7,30.22,2025,16
6397,16,RedBull,339.53,38.45,32.93,25.16,2025,9
6404,2,AlphaTauri,342.65,39.88,33.4,20.5,2025,3
6407,10,Alpine,303.93,31.6,43.53,31.55,2025,2
6409,13,Mercedes,331.89,37.83,43.38,27.84,2025,2
6411,12,RedBull,330.19,31.32,32.66,34.05,2025,18
6414,1,RedBull,288.08,36.54,42.86,33.37,2025,15
6417,19,McLaren,308.54,38.37,32.96,22.95,2025,22
6421,18,Ferrari,285.81,38.27,34.51,27.88,2025,24
6423,15,Alpine,314.22,33.73,32.09,25.75,2025,20
6427,15,Alpine,331.8,27.67,35.13,33.26,2025,15
6430,13,Mercedes,341.19,33.14,32.3,25.56,2025,5
6435,13,Mercedes,300.81,26.24,41.22,21.05,2025,18
6437,18,Ferrari,338.62,26.26,41.6,22.6,2025,18
6439,8,Ferrari,312.46,27.52,30.32,20.34,2025,8
6440,1,RedBull,292.05,37.16,43.85,33.82,2025,15
6441,17,McLaren,341.15,25.42,35.91,28.55,2025,6
6446,20,AlphaTauri,322.68,38.91,42.83,25.09,2025,6
6448,8,Ferrari,297.33,30.51,38.54,33.64,2025,7
6453,8,Ferrari,308.93,30.72,40.09,28.87,2025,10
6456,11,Williams,307.49,35.58,35.71,26.49,2025,23
6472,19,McLaren,317.12,37.92,44.71,23.75,2025,1
6473,15,Alpine,303.16,37.21,31.7,33.55,2025,17
6475,5,Ferrari,295.24,37.92,35.74,21.15,2025,15
6477,9,Ferrari,303.07,38.76,39.38,29.95,2025,20
6480,17,McLaren,320.24,26.0,31.89,29.42,2025,10
6487,19,McLaren,337.42,29.44,33.34,31.95,2025,24
6489,17,McLaren,330.86,38.62,36.61,29.79,2025,10
6492,5,Ferrari,304.88,31.78,39.48,33.82,2025,10
6496,15,Alpine,308.67,26.82,41.15,26.14,2025,20
6498,12,RedBull,332.55,28.21,33.68,33.64,2025,9
6501,6,Mercedes,291.53,31.59,42.08,33.84,2025,4
6502,14,Ferrari,310.74,33.86,41.06,24.1,2025,7
6504,15,Alpine,314.26,31.36,31.23,26.39,2025,15
6507,6,Mercedes,331.45,27.12,35.2,23.12,2025,17
6511,17,McLaren,303.99,27.66,34.7,29.18,2025,5
6514,19,McLaren,335.6,33.26,43.44,25.7,2025,10
6520,7,Alpine,341.81,36.62,31.14,33.58,2025,16
6521,14,Ferrari,297.36,30.6,36.84,32.64,2025,9
6522,10,Alpine,321.36,26.18,38.44,24.91,2025,3
6528,11,Williams,311.64,35.69,32.18,23.74,2025,12
6530,12,RedBull,330.29,26.69,36.72,20.34,2025,5
6533,14,Ferrari,288.53,34.71,38.05,29.99,2025,11
6538,20,AlphaTauri,329.51,32.07,41.46,24.98,2025,2
6553,4,Williams,328.4,33.15,30.33,22.01,2025,3
6557,17,McLaren,331.59,28.01,31.99,32.88,2025,15
6561,7,Alpine,331.06,39.55,41.42,20.33,2025,22
6566,12,RedBull,337.08,29.12,31.23,20.28,2025,2
6569,10,Alpine,322.73,29.82,32.64,31.09,2025,7
6570,17,McLaren,302.21,36.35,44.01,25.66,2025,9
6572,1,RedBull,306.97,27.51,35.61,22.02,2025,11
6582,1,RedBull,312.67,32.2,36.09,25.68,2025,11
6591,4,Williams,289.39,28.67,40.95,34.67,2025,17
6594,1,RedBull,336.99,29.71,30.3,26.87,2025,24
6597,13,Mercedes,318.15,31.93,37.58,21.15,2025,19
6604,4,Williams,299.52,35.57,34.59,29.24,2025,16
6606,15,Alpine,304.89,33.96,36.99,29.54,2025,19
6610,2,AlphaTauri,294.65,35.01,33.59,27.1,2025,11
6613,5,Ferrari,302.18,30.09,31.61,26.84,2025,19
6614,12,RedBull,281.57,26.45,30.59,22.03,2025,5
6619,6,Mercedes,331.99,31.39,33.98,28.06,2025,5
6622,16,RedBull,343.94,36.18,38.76,24.22,2025,12
6624,4,Williams,320.41,32.51,41.3,29.36,2025,11
6630,19,McLaren,336.66,37.96,36.73,34.98,2025,4
6634,18,Ferrari,336.07,26.97,40.76,27.98,2025,18
6639,10,Alpine,338.61,37.97,36.16,29.36,2025,7
6650,19,McLaren,302.06,38.93,43.68,29.1,2025,6
6651,6,Mercedes,302.86,36.25,43.29,29.9,2025,20
6654,15,Alpine,322.22,33.33,39.93,27.81,2025,16
6664,6,Mercedes,301.83,34.75,35.49,29.7,2025,20
6665,5,Ferrari,285.47,25.68,42.68,30.47,2025,22
6671,17,McLaren,319.9,36.91,35.4,23.24,2025,17
6672,13,Mercedes,328.9,37.65,33.42,20.79,2025,21
6673,1,RedBull,293.2,29.31,36.34,31.42,2025,4
6677,5,Ferrari,305.73,28.66,32.91,26.2,2025,1
6680,2,AlphaTauri,309.33,37.96,30.81,28.21,2025,2
6681,7,Alpine,314.13,27.86,44.37,32.12,2025,24
6684,17,McLaren,339.76,34.94,32.89,33.25,2025,8
6687,10,Alpine,294.08,28.13,34.38,33.57,2025,14
6688,19,McLaren,327.85,27.38,37.52,29.83,2025,10
6690,19,McLaren,320.81,32.75,36.21,32.39,2025,4
6695,17,McLaren,305.9,38.77,37.25,29.48,2025,6
6697,12,RedBull,294.01,29.88,32.47,31.94,2025,5
6699,10,Alpine,285.89,35.62,39.44,29.92,2025,12
6700,6,Mercedes,320.01,36.85,33.61,24.08,2025,4
6703,14,Ferrari,300.74,35.73,38.26,31.16,2025,7
6704,19,McLaren,335.09,27.88,31.62,27.02,2025,21
6710,7,Alpine,313.84,32.66,43.43,23.2,2025,16
6711,20,AlphaTauri,344.07,38.2,42.53,31.48,2025,13
6721,17,McLaren,317.83,29.72,33.97,31.95,2025,3
6725,12,RedBull,328.43,33.9,33.01,22.49,2025,2
6733,10,Alpine,297.01,31.55,41.74,34.27,2025,6
6742,9,Ferrari,298.99,27.12,32.8,28.4,2025,18
6743,1,RedBull,305.51,32.24,36.83,28.22,2025,18
6744,13,Mercedes,323.35,36.59,39.19,21.02,2025,5
6748,4,Williams,331.25,27.45,38.37,22.01,2025,13
6749,2,AlphaTauri,344.57,27.85,32.18,22.18,2025,21
6750,7,Alpine,307.31,36.21,36.62,22.64,2025,8
6754,7,Alpine,336.38,33.78,36.34,26.54,2025,10
6757,1,RedBull,316.4,27.62,41.77,32.31,2025,24
6758,20,AlphaTauri,327.02,25.52,41.13,33.01,2025,15
6763,15,Alpine,286.7,33.81,43.11,33.54,2025,3
6764,12,RedBull,330.97,38.73,35.35,29.6,2025,14
6766,14,Ferrari,340.23,31.88,38.78,32.67,2025,23
6767,12,RedBull,308.73,26.86,36.83,33.49,2025,12
6776,9,Ferrari,309.4,36.54,36.5,21.02,2025,1
6780,1,RedBull,320.97,25.53,37.42,30.83,2025,20
6783,4,Williams,297.62,34.51,32.51,20.77,2025,12
6786,5,Ferrari,340.86,32.45,32.85,33.79,2025,1
6790,11,Williams,344.65,29.48,38.8,25.73,2025,16
6794,17,McLaren,280.96,25.27,34.98,24.13,2025,15
6801,3,McLaren,336.44,35.86,44.06,25.11,2025,4
6802,16,RedBull,286.96,27.46,36.94,31.21,2025,6
6803,18,Ferrari,322.63,39.98,31.17,26.31,2025,10
6807,1,RedBull,293.06,36.09,32.92,29.44,2025,19
6809,18,Ferrari,323.44,32.89,38.91,25.92,2025,12
6817,6,Mercedes,313.28,26.0,39.07,24.59,2025,2
6819,9,Ferrari,318.3,32.12,31.15,31.36,2025,10
6826,1,RedBull,280.36,30.23,38.95,28.24,2025,2
6830,15,Alpine,330.53,28.24,44.39,28.3,2025,20
6835,20,AlphaTauri,317.81,37.06,42.75,27.88,2025,16
6840,18,Ferrari,318.63,34.42,31.36,31.56,2025,19
6849,14,Ferrari,309.47,38.48,39.06,27.15,2025,23
6852,12,RedBull,327.35,38.43,36.35,20.32,2025,2
6857,18,Ferrari,342.56,25.38,36.19,22.59,2025,21
6858,12,RedBull,294.41,36.45,38.31,22.2,2025,22
6859,17,McLaren,343.67,37.35,30.61,26.27,2025,20
6860,9,Ferrari,309.7,32.48,42.95,28.2,2025,1
6877,2,AlphaTauri,281.7,29.66,38.42,22.76,2025,21
6888,2,AlphaTauri,309.45,36.14,32.83,23.96,2025,20
6896,8,Ferrari,298.61,34.75,38.51,34.17,2025,14
6900,17,McLaren,287.11,35.65,35.41,22.37,2025,11
6905,5,Ferrari,337.38,38.75,36.2,22.87,2025,10
6912,15,Alpine,288.49,37.92,37.62,34.07,2025,8
6914,15,Alpine,337.31,33.8,32.02,21.91,2025,4
6919,17,McLaren,301.77,31.14,30.2,31.71,2025,21
6921,3,McLaren,317.62,36.78,37.37,23.36,2025,11
6929,2,AlphaTauri,317.19,37.69,32.72,20.38,2025,20
6939,6,Mercedes,289.66,39.89,40.47,30.37,2025,7
6941,12,RedBull,331.89,39.81,44.53,21.0,2025,14
6947,16,RedBull,341.13,25.41,33.68,32.08,2025,18
6951,8,Ferrari,305.29,27.63,37.62,26.52,2025,24
6957,1,RedBull,329.59,31.18,43.09,20.49,2025,14
6962,11,Williams,291.99,25.15,41.44,32.83,2025,2
6973,10,Alpine,316.68,34.76,40.32,26.25,2025,23
6974,7,Alpine,293.02,34.84,34.45,32.66,2025,18
6976,13,Mercedes,292.32,37.48,39.8,20.38,2025,16
6979,2,AlphaTauri,288.96,28.68,43.37,28.32,2025,18
6981,12,RedBull,318.25,28.75,37.37,26.48,2025,21
6986,20,AlphaTauri,334.4,33.4,30.4,29.24,2025,19
6991,6,Mercedes,298.91,35.9,36.53,27.05,2025,11
6992,18,Ferrari,305.94,32.59,32.97,23.53,2025,17
6995,12,RedBull,301.3,27.5,35.06,34.7,2025,8
6996,6,Mercedes,316.3,37.63,44.54,26.23,2025,11
6999,20,AlphaTauri,329.51,25.86,42.55,31.39,2025,11
7002,11,Williams,320.66,35.82,30.01,25.39,2025,2
7005,17,McLaren,280.77,37.66,44.82,27.7,2025,12
7006,8,Ferrari,317.16,38.27,40.28,23.18,2025,20
7012,10,Alpine,300.01,35.72,30.9,34.64,2025,7
7013,1,RedBull,333.01,26.59,33.75,20.26,2025,19
7016,8,Ferrari,332.69,28.95,37.25,32.6,2025,5
7018,2,AlphaTauri,311.7,34.97,42.08,21.06,2025,9
7025,18,Ferrari,336.89,27.43,33.21,22.44,2025,14
7028,2,AlphaTauri,325.68,28.46,40.45,25.46,2025,22
7032,20,AlphaTauri,307.09,28.54,44.76,22.3,2025,9
7035,6,Mercedes,300.55,36.11,37.68,25.71,2025,8
7037,18,Ferrari,302.63,26.1,38.08,29.47,2025,19
7040,20,AlphaTauri,281.13,38.98,38.97,34.87,2025,14
7041,7,Alpine,329.1,33.85,41.7,32.32,2025,14
7044,19,McLaren,298.42,28.84,37.34,24.99,2025,5
7045,8,Ferrari,331.43,37.41,33.89,22.35,2025,9
7049,6,Mercedes,344.57,37.35,34.86,31.24,2025,6
7050,18,Ferrari,340.63,36.89,39.86,30.52,2025,17
7054,3,McLaren,344.16,35.8,30.31,23.99,2025,12
7058,7,Alpine,309.76,30.96,36.63,25.34,2025,10
7059,11,Williams,300.63,27.63,41.23,31.53,2025,22
7063,11,Williams,343.17,38.9,32.84,33.21,2025,6
7064,8,Ferrari,325.37,34.38,41.79,33.39,2025,2
7066,12,RedBull,329.16,31.26,44.42,33.93,2025,5
7067,11,Williams,343.57,32.76,39.64,25.42,2025,11
7071,12,RedBull,326.11,38.81,43.13,29.42,2025,20
7079,11,Williams,342.99,34.35,34.25,22.42,2025,15
7080,15,Alpine,315.31,25.57,42.31,33.54,2025,9
7083,13,Mercedes,302.57,32.34,30.75,24.66,2025,24
7084,3,McLaren,282.88,28.97,34.37,34.68,2025,14
7088,2,AlphaTauri,303.9,37.4,39.75,34.41,2025,17
7090,13,Mercedes,329.06,29.09,43.87,26.23,2025,24
7092,15,Alpine,321.37,33.43,37.16,24.38,2025,9
7094,10,Alpine,328.9,29.07,44.48,22.82,2025,2
7097,16,RedBull,317.81,26.65,37.9,25.18,2025,9
7101,3,McLaren,338.83,37.24,38.56,29.11,2025,17
7106,18,Ferrari,327.6,31.46,43.35,29.08,2025,15
7108,4,Williams,283.13,25.68,41.99,21.64,2025,21
7123,13,Mercedes,333.47,27.73,34.27,25.05,2025,11
7136,17,McLaren,344.17,26.76,40.96,27.28,2025,6
7140,6,Mercedes,343.42,33.82,39.47,28.32,2025,14
7142,19,McLaren,288.46,34.03,43.66,33.68,2025,1
7143,8,Ferrari,309.07,36.49,32.85,27.95,2025,18
7148,3,McLaren,293.63,27.88,35.1,32.66,2025,5
7152,15,Alpine,326.36,25.35,38.18,28.8,2025,11
7154,3,McLaren,292.14,29.58,32.05,23.58,2025,5
7156,5,Ferrari,284.43,28.29,36.72,23.59,2025,1
7161,4,Williams,307.89,38.92,36.81,29.35,2025,20
7162,1,RedBull,288.6,29.36,30.68,22.1,2025,2
7164,10,Alpine,311.62,28.78,30.43,25.29,2025,11
7172,10,Alpine,302.91,25.21,36.25,26.41,2025,9
7176,2,AlphaTauri,304.09,34.25,36.6,32.24,2025,3
7179,17,McLaren,283.35,31.91,31.29,26.35,2025,19
7185,14,Ferrari,319.72,26.55,44.08,29.13,2025,6
7190,3,McLaren,323.12,36.55,35.33,22.96,2025,22
7196,11,Williams,301.44,31.15,38.95,25.65,2025,12
7202,17,McLaren,333.24,31.52,38.18,22.91,2025,22
7205,20,AlphaTauri,314.78,35.74,36.47,21.09,2025,18
7209,15,Alpine,298.15,37.54,30.12,20.95,2025,15
7211,13,Mercedes,321.55,28.53,33.1,23.63,2025,16
7212,18,Ferrari,302.62,33.69,38.45,25.32,2025,5
7213,1,RedBull,280.09,29.71,42.19,28.74,2025,2
7221,16,RedBull,296.06,29.22,38.29,23.26,2025,1
7231,15,Alpine,340.58,34.54,37.28,30.04,2025,5
7232,18,Ferrari,304.91,34.54,38.13,33.48,2025,12
7233,3,McLaren,288.71,27.41,34.66,20.94,2025,9
7235,11,Williams,287.66,31.2,30.1,20.58,2025,18
7238,14,Ferrari,317.13,32.56,43.32,29.1,2025,15
7242,14,Ferrari,298.89,29.26,44.25,21.06,2025,19
7244,10,Alpine,341.82,36.95,32.9,31.37,2025,8
7245,9,Ferrari,333.98,31.47,34.5,28.84,2025,21
7247,16,RedBull,330.6,30.55,42.31,27.32,2025,18
7249,18,Ferrari,288.9,36.69,35.53,29.62,2025,8
7259,3,McLaren,284.45,34.59,40.62,29.1,2025,15
7261,1,RedBull,310.06,37.41,38.52,27.36,2025,22
7276,13,Mercedes,285.79,39.43,38.14,23.27,2025,11
7280,9,Ferrari,296.0,36.75,44.64,24.79,2025,13
7281,7,Alpine,316.09,35.2,39.19,23.16,2025,9
7283,9,Ferrari,305.29,36.78,33.32,22.28,2025,15
7284,7,Alpine,344.48,31.1,31.63,30.82,2025,14
7287,18,Ferrari,316.25,25.05,41.12,28.27,2025,19
7297,20,AlphaTauri,293.93,31.45,33.2,33.33,2025,21
7309,2,AlphaTauri,337.6,25.65,35.57,20.94,2025,18
7314,11,Williams,280.26,34.65,30.21,28.0,2025,13
7316,4,Williams,281.67,36.31,41.43,23.51,2025,1
7317,6,Mercedes,284.09,26.26,30.84,24.37,2025,16
7320,16,RedBull,326.2,35.14,30.23,23.45,2025,19
7323,8,Ferrari,303.38,25.31,38.68,20.06,2025,12
7325,6,Mercedes,334.28,38.35,35.51,32.44,2025,1
7326,16,RedBull,302.96,35.56,36.6,27.8,2025,24
7333,16,RedBull,316.82,25.96,31.77,29.71,2025,6
7338,1,RedBull,341.36,28.68,40.9,33.4,2025,18
7341,5,Ferrari,301.22,27.43,37.19,29.25,2025,12
7347,11,Williams,293.72,39.82,31.59,26.62,2025,9
7349,4,Williams,283.29,34.48,40.09,21.98,2025,8
7357,4,Williams,327.17,37.69,35.44,32.39,2025,22
7359,12,RedBull,293.54,29.25,36.11,26.53,2025,23
7366,9,Ferrari,330.25,38.72,39.78,28.31,2025,5
7371,3,McLaren,311.64,38.63,32.49,30.9,2025,18
7377,3,McLaren,291.35,32.21,43.92,27.03,2025,15
7379,5,Ferrari,311.94,38.13,36.38,34.97,2025,7
7380,3,McLaren,307.11,28.52,31.56,30.91,2025,7
7385,19,McLaren,317.56,37.26,43.24,20.37,2025,17
7390,10,Alpine,344.3,31.06,36.47,33.93,2025,19
7395,6,Mercedes,329.98,38.91,30.94,34.88,2025,19
7399,10,Alpine,287.91,31.77,37.34,34.1,2025,6
7401,20,AlphaTauri,321.07,29.66,32.86,27.12,2025,3
7402,16,RedBull,325.01,38.14,41.95,32.98,2025,1
7403,13,Mercedes,316.96,25.26,34.43,22.94,2025,24
7404,13,Mercedes,311.36,34.63,44.85,25.07,2025,11
7406,3,McLaren,283.29,28.32,41.6,20.67,2025,16
7410,17,McLaren,320.48,36.42,41.09,27.01,2025,14
7411,10,Alpine,284.88,28.06,37.27,26.16,2025,5
7412,19,McLaren,325.61,35.65,32.45,34.42,2025,11
7417,1,RedBull,343.23,27.97,32.65,32.4,2025,15
7418,6,Mercedes,288.47,28.46,42.7,25.13,2025,19
7421,19,McLaren,335.68,37.39,44.5,21.47,2025,13
7424,11,Williams,329.5,36.85,34.32,30.05,2025,20
7428,4,Williams,294.75,29.78,43.73,21.34,2025,21
7429,3,McLaren,286.71,30.4,36.72,26.97,2025,13
7432,13,Mercedes,298.72,32.15,35.47,31.25,2025,16
7433,1,RedBull,334.54,36.7,32.32,22.38,2025,4
7437,19,McLaren,339.76,38.17,40.13,34.04,2025,12
7439,6,Mercedes,321.17,36.88,43.19,29.7,2025,23
7443,12,RedBull,283.68,37.86,33.79,31.59,2025,18
7447,15,Alpine,316.69,28.86,35.34,21.06,2025,1
7448,14,Ferrari,302.83,27.02,34.84,21.14,2025,11
7451,13,Mercedes,298.07,30.04,43.12,23.07,2025,23
7454,3,McLaren,306.34,33.12,39.42,28.4,2025,17
7460,17,McLaren,288.25,30.18,36.65,27.36,2025,4
7461,16,RedBull,310.16,31.42,40.32,27.38,2025,22
7467,5,Ferrari,294.69,31.98,37.71,28.43,2025,1
7469,20,AlphaTauri,295.16,31.2,32.41,31.94,2025,7
7479,2,AlphaTauri,290.87,30.04,32.53,31.44,2025,13
7483,4,Williams,307.12,29.97,37.51,34.05,2025,21
7488,8,Ferrari,334.94,25.8,30.07,24.96,2025,6
7492,2,AlphaTauri,286.22,34.96,41.07,29.9,2025,21
7494,19,McLaren,305.42,39.41,43.17,30.62,2025,6
7502,3,McLaren,280.77,38.62,36.08,26.47,2025,19
7504,7,Alpine,326.13,27.23,38.91,24.41,2025,11
7507,18,Ferrari,325.94,27.96,44.33,21.63,2025,6
7523,8,Ferrari,323.83,33.69,42.1,20.5,2025,7
7537,9,Ferrari,324.09,36.98,31.85,33.6,2025,7
7538,1,RedBull,324.34,26.8,32.8,22.64,2025,9
7546,12,RedBull,299.62,38.84,41.31,20.24,2025,3
7548,3,McLaren,315.52,27.88,30.39,33.37,2025,8
7553,2,AlphaTauri,333.58,35.53,30.06,20.04,2025,18
7555,10,Alpine,340.52,29.58,43.37,26.26,2025,16
7556,5,Ferrari,323.29,36.19,39.03,23.07,2025,13
7569,8,Ferrari,325.03,35.68,38.93,28.13,2025,22
7571,11,Williams,297.65,26.66,32.02,23.11,2025,15
7573,14,Ferrari,295.99,36.96,35.74,33.61,2025,16
7577,5,Ferrari,324.68,31.89,40.2,29.7,2025,9
7583,20,AlphaTauri,300.22,32.79,36.37,27.75,2025,20
7584,2,AlphaTauri,339.63,39.96,38.9,26.47,2025,5
7590,16,RedBull,303.77,35.98,40.12,29.78,2025,2
7597,6,Mercedes,316.87,32.85,41.82,26.04,2025,21
7599,1,RedBull,288.01,38.95,32.37,29.57,2025,14
7601,7,Alpine,313.45,36.22,44.92,34.09,2025,18
7604,1,RedBull,342.05,28.75,39.32,20.71,2025,9
7605,10,Alpine,322.17,25.79,35.46,21.04,2025,19
7606,2,AlphaTauri,310.27,34.73,44.09,31.88,2025,18
7608,13,Mercedes,321.29,35.07,41.83,31.63,2025,1
7610,8,Ferrari,311.35,35.93,34.35,32.65,2025,16
7615,16,RedBull,296.94,30.1,42.37,25.9,2025,3
7618,2,AlphaTauri,329.58,27.0,31.51,29.84,2025,21
7625,14,Ferrari,311.54,38.29,37.66,32.57,2025,8
7627,5,Ferrari,297.86,33.74,42.87,31.33,2025,15
7630,14,Ferrari,282.61,34.59,34.87,34.88,2025,10
7631,13,Mercedes,309.49,39.88,32.59,26.46,2025,23
7646,13,Mercedes,313.83,38.54,35.82,28.26,2025,16
7647,15,Alpine,331.34,29.25,32.43,25.05,2025,13
7649,13,Mercedes,343.73,25.39,42.91,23.53,2025,4
7656,10,Alpine,300.05,30.39,30.18,23.72,2025,20
7667,3,McLaren,332.26,30.06,40.62,27.21,2025,5
7668,19,McLaren,340.4,28.92,38.18,20.99,2025,5
7669,16,RedBull,293.45,28.23,35.57,24.6,2025,18
7670,6,Mercedes,323.57,35.6,42.23,25.04,2025,7
7672,18,Ferrari,285.66,37.73,38.78,27.27,2025,11
7673,3,McLaren,311.3,28.96,43.37,30.18,2025,20
7675,8,Ferrari,286.17,29.79,44.62,27.51,2025,1
7678,5,Ferrari,291.26,28.26,36.48,29.31,2025,23
7685,7,Alpine,315.66,25.92,36.74,29.13,2025,24
7689,9,Ferrari,287.27,32.35,44.12,34.17,2025,9
7690,6,Mercedes,320.99,25.82,44.33,32.89,2025,21
7693,18,Ferrari,325.78,39.28,30.49,26.86,2025,10
7695,20,AlphaTauri,308.37,31.78,37.01,30.76,2025,9
7698,11,Williams,337.56,27.71,34.95,25.77,2025,16
7701,3,McLaren,285.74,28.8,31.84,31.1,2025,16
7702,2,AlphaTauri,282.69,37.22,39.1,24.95,2025,7
7709,8,Ferrari,299.85,35.26,42.32,25.63,2025,24
7710,7,Alpine,319.92,25.08,35.66,20.81,2025,17
7716,7,Alpine,300.88,28.57,30.97,28.9,2025,13
7718,19,McLaren,343.75,27.32,43.38,21.74,2025,9
7725,11,Williams,286.91,30.55,43.89,22.36,2025,21
7731,14,Ferrari,295.74,28.42,34.6,26.59,2025,13
7738,4,Williams,286.52,31.48,33.76,24.76,2025,17
7740,5,Ferrari,319.59,30.91,41.27,24.25,2025,4
7749,2,AlphaTauri,325.51,32.45,31.64,28.31,2025,20
7754,8,Ferrari,322.19,26.9,42.09,26.65,2025,14
7763,20,AlphaTauri,304.43,26.58,33.52,20.89,2025,13
7765,12,RedBull,303.24,26.32,43.79,26.79,2025,7
7767,8,Ferrari,300.04,30.28,34.03,30.33,2025,22
7768,8,Ferrari,292.19,29.71,32.47,22.68,2025,13
7771,5,Ferrari,315.66,30.97,34.73,32.41,2025,6
7775,10,Alpine,336.42,27.18,36.28,34.04,2025,10
7781,6,Mercedes,292.35,26.17,37.0,27.37,2025,10
7786,10,Alpine,313.65,28.96,33.62,28.39,2025,8
7788,15,Alpine,318.37,32.9,36.03,21.97,2025,7
7791,5,Ferrari,296.84,37.03,32.14,32.57,2025,9
7798,3,McLaren,300.19,36.98,38.01,22.74,2025,12
7799,3,McLaren,305.35,35.03,33.51,34.1,2025,3
7805,4,Williams,287.74,31.48,30.95,21.02,2025,20
7811,20,AlphaTauri,339.53,30.98,35.33,30.89,2025,1
7813,13,Mercedes,335.24,29.64,35.87,22.23,2025,15
7828,2,AlphaTauri,342.78,35.65,42.05,26.8,2025,21
7829,6,Mercedes,312.57,27.7,36.09,26.92,2025,7
7830,19,McLaren,331.31,32.06,30.62,27.49,2025,20
7833,11,Williams,337.61,32.87,31.71,20.71,2025,4
7846,6,Mercedes,288.68,31.24,31.06,25.53,2025,6
7847,17,McLaren,338.1,26.21,31.51,31.22,2025,23
7851,8,Ferrari,333.34,30.42,40.6,25.14,2025,16
7858,14,Ferrari,341.04,25.69,41.94,21.34,2025,24
7859,20,AlphaTauri,316.67,31.44,31.92,29.77,2025,6
7861,1,RedBull,324.6,38.96,33.44,29.19,2025,5
7864,13,Mercedes,311.78,30.19,38.31,25.52,2025,18
7865,4,Williams,341.55,29.47,38.34,31.47,2025,24
7866,9,Ferrari,321.59,27.28,34.59,32.2,2025,10
7869,12,RedBull,292.19,25.27,37.51,29.93,2025,5
7870,20,AlphaTauri,315.48,31.26,35.41,32.5,2025,19
7878,10,Alpine,321.74,28.66,42.01,27.1,2025,21
7879,17,McLaren,296.41,27.01,43.62,28.93,2025,16
7888,13,Mercedes,331.41,33.78,39.26,30.24,2025,15
7890,1,RedBull,341.24,29.04,34.26,33.57,2025,14
7892,18,Ferrari,292.12,28.64,43.57,34.38,2025,3
7893,7,Alpine,283.87,33.71,42.39,26.65,2025,19
7894,4,Williams,341.9,29.46,35.63,34.6,2025,2
7895,11,Williams,319.63,28.34,35.86,34.18,2025,5
7898,16,RedBull,335.96,31.8,31.05,27.43,2025,1
7901,11,Williams,316.0,31.95,42.44,21.92,2025,17
7902,2,AlphaTauri,336.02,30.84,34.98,20.65,2025,23
7913,10,Alpine,280.4,39.02,37.19,25.94,2025,18
7915,6,Mercedes,315.62,36.04,44.16,26.22,2025,7
7918,19,McLaren,303.61,34.43,42.05,25.82,2025,22
7926,2,AlphaTauri,343.41,35.62,40.87,32.36,2025,12
7927,13,Mercedes,336.94,33.73,44.4,25.66,2025,16
7928,12,RedBull,330.48,34.78,40.23,21.24,2025,13
7929,17,McLaren,286.05,37.57,43.99,33.03,2025,22
7935,19,McLaren,311.52,28.54,41.71,26.82,2025,14
7940,4,Williams,293.71,37.81,38.37,31.24,2025,10
7945,3,McLaren,283.79,25.49,30.13,20.54,2025,16
7946,16,RedBull,332.58,33.17,37.57,30.1,2025,7
7950,12,RedBull,333.08,32.18,30.2,28.98,2025,18
7954,9,Ferrari,283.88,37.89,33.77,33.27,2025,21
7956,18,Ferrari,297.53,36.54,33.29,25.49,2025,17
7957,18,Ferrari,307.57,31.46,43.27,23.53,2025,9
7965,18,Ferrari,309.19,37.8,34.36,25.8,2025,10
7975,18,Ferrari,315.11,25.22,42.87,29.59,2025,9
7980,4,Williams,289.14,33.26,31.1,31.12,2025,15
7981,11,Williams,318.89,33.87,43.98,26.97,2025,19
7991,12,RedBull,343.12,34.17,30.59,20.09,2025,17
7999,2,AlphaTauri,319.03,38.91,38.77,27.03,2025,13
8007,12,RedBull,342.95,39.58,30.19,28.96,2025,12
8009,11,Williams,291.0,31.69,35.12,31.53,2025,9
8015,7,Alpine,296.5,36.33,38.54,32.26,2025,14
8018,19,McLaren,335.72,34.88,32.59,20.16,2025,24
8025,18,Ferrari,299.68,29.7,35.79,32.11,2025,1
8027,16,RedBull,285.44,27.64,44.07,33.67,2025,18
8038,8,Ferrari,308.99,29.13,30.03,30.75,2025,2
8047,11,Williams,283.22,26.16,31.87,20.6,2025,1
8048,3,McLaren,296.53,37.67,40.92,33.99,2025,13
8052,13,Mercedes,296.11,31.98,41.09,27.35,2025,3
8053,8,Ferrari,294.97,25.68,40.25,32.86,2025,18
8071,12,RedBull,342.68,30.11,40.46,27.38,2025,7
8082,20,AlphaTauri,312.75,39.08,37.49,21.85,2025,7
8095,9,Ferrari,303.62,28.04,30.86,29.9,2025,15
8097,3,McLaren,300.5,28.68,41.82,29.05,2025,9
8098,5,Ferrari,280.51,26.91,41.35,23.86,2025,5
8099,12,RedBull,323.11,27.74,42.38,30.89,2025,7
8108,18,Ferrari,344.05,27.35,30.17,22.62,2025,8
8109,5,Ferrari,316.15,30.53,34.49,22.64,2025,12
8111,8,Ferrari,337.41,25.12,30.45,21.1,2025,17
8115,11,Williams,286.36,33.6,35.34,22.66,2025,21
8116,15,Alpine,324.44,35.84,41.83,21.43,2025,20
8129,2,AlphaTauri,315.48,39.82,40.92,29.43,2025,20
8134,19,McLaren,326.01,31.84,31.36,27.4,2025,9
8137,1,RedBull,329.64,28.48,41.33,21.95,2025,8
8138,8,Ferrari,340.32,25.19,42.22,24.36,2025,6
8140,12,RedBull,281.69,28.7,30.6,28.38,2025,23
8141,4,Williams,344.52,35.84,39.48,21.13,2025,3
8142,13,Mercedes,317.23,32.09,35.89,29.44,2025,12
8143,17,McLaren,280.36,34.08,33.06,25.97,2025,15
8147,7,Alpine,319.53,30.41,38.05,30.78,2025,3
8153,19,McLaren,344.98,37.95,43.76,25.78,2025,17
8155,20,AlphaTauri,308.37,38.1,41.4,22.22,2025,11
8159,6,Mercedes,335.46,27.46,38.11,27.09,2025,13
8163,9,Ferrari,330.82,34.15,34.43,29.51,2025,19
8171,13,Mercedes,333.15,37.32,43.95,31.0,2025,16
8174,18,Ferrari,291.12,35.32,37.32,23.81,2025,8
8176,10,Alpine,328.85,34.52,42.9,33.14,2025,21
8179,7,Alpine,327.83,26.5,41.19,23.39,2025,19
8187,11,Williams,315.64,28.21,33.45,29.33,2025,12
8189,10,Alpine,308.63,34.29,44.8,31.75,2025,15
8193,14,Ferrari,299.26,28.63,44.84,32.7,2025,15
8195,3,McLaren,322.7,31.27,38.87,22.86,2025,10
8205,9,Ferrari,310.11,29.48,36.12,33.49,2025,11
8210,1,RedBull,328.03,37.94,33.23,25.0,2025,1
8211,9,Ferrari,318.65,38.73,30.76,33.82,2025,12
8213,12,RedBull,330.16,36.5,37.0,27.06,2025,14
8218,18,Ferrari,288.62,37.07,41.63,25.28,2025,10
8219,16,RedBull,292.07,35.63,40.2,29.21,2025,13
8220,11,Williams,317.06,39.42,39.34,25.72,2025,11
8235,3,McLaren,319.78,39.21,41.45,25.62,2025,5
8238,20,AlphaTauri,322.71,25.52,36.25,29.79,2025,20
8245,1,RedBull,287.68,28.9,36.13,21.3,2025,9
8249,6,Mercedes,286.51,37.29,34.23,28.07,2025,13
8257,3,McLaren,288.13,25.69,43.2,20.17,2025,19
8258,1,RedBull,299.06,30.01,32.04,30.76,2025,7
8259,4,Williams,338.47,31.43,44.08,24.18,2025,24
8260,11,Williams,330.85,31.97,41.45,25.06,2025,19
8263,19,McLaren,329.17,33.91,30.98,28.31,2025,19
8264,3,McLaren,302.58,32.61,41.84,22.92,2025,9
8266,10,Alpine,296.87,34.53,36.7,22.27,2025,21
8268,19,McLaren,302.06,36.75,36.1,23.26,2025,17
8272,18,Ferrari,284.09,39.94,40.41,23.95,2025,12
8277,16,RedBull,284.78,31.85,33.0,22.65,2025,23
8278,2,AlphaTauri,326.06,32.47,38.98,24.89,2025,6
8282,6,Mercedes,301.19,26.68,39.66,24.78,2025,14
8283,16,RedBull,324.67,25.06,36.68,30.31,2025,21
8284,10,Alpine,331.16,34.17,41.27,27.88,2025,2
8287,4,Williams,288.52,26.49,41.96,31.8,2025,2
8304,11,Williams,321.93,34.81,44.46,22.25,2025,4
8305,14,Ferrari,340.81,36.42,45.0,20.91,2025,18
8311,6,Mercedes,331.65,36.89,41.64,31.46,2025,7
8313,15,Alpine,297.58,35.88,43.62,31.4,2025,22
8315,8,Ferrari,301.46,30.0,35.6,26.35,2025,4
8316,14,Ferrari,337.1,39.44,35.25,28.73,2025,11
8317,2,AlphaTauri,309.64,29.52,38.16,31.62,2025,15
8330,19,McLaren,300.81,28.86,36.21,33.86,2025,23
8340,17,McLaren,323.78,25.44,41.83,28.3,2025,9
8342,2,AlphaTauri,314.06,25.56,36.25,21.54,2025,15
8343,11,Williams,330.1,37.54,30.68,32.42,2025,12
8353,3,McLaren,285.5,30.37,30.67,27.37,2025,24
8362,2,AlphaTauri,336.05,35.96,39.02,25.75,2025,13
8376,10,Alpine,291.19,28.41,42.29,29.42,2025,18
8380,12,RedBull,317.52,38.11,37.11,22.75,2025,22
8390,5,Ferrari,285.51,36.98,44.17,24.14,2025,23
8398,2,AlphaTauri,309.55,37.95,40.24,25.14,2025,2
8399,19,McLaren,332.51,31.86,40.28,21.87,2025,21
8401,16,RedBull,286.87,37.33,38.33,26.09,2025,14
8402,15,Alpine,331.99,37.59,41.32,28.77,2025,23
8405,13,Mercedes,321.73,36.51,42.47,24.81,2025,15
8418,7,Alpine,309.34,31.83,43.77,22.18,2025,7
8424,13,Mercedes,306.95,27.17,39.6,30.99,2025,13
8426,14,Ferrari,343.07,25.01,32.58,33.01,2025,15
8431,1,RedBull,303.38,34.17,42.63,28.24,2025,11
8438,6,Mercedes,310.61,31.22,34.32,32.67,2025,2
8460,3,McLaren,314.98,29.19,38.2,30.75,2025,12
8468,8,Ferrari,315.73,26.75,40.1,34.5,2025,12
8469,19,McLaren,285.19,36.93,43.64,32.27,2025,8
8470,20,AlphaTauri,282.21,38.31,43.61,21.12,2025,14
8478,1,RedBull,291.28,27.73,41.85,32.31,2025,16
8479,19,McLaren,326.46,26.11,42.56,32.37,2025,3
8480,8,Ferrari,289.33,34.79,33.83,22.0,2025,15
8488,17,McLaren,310.58,27.42,30.6,33.52,2025,8
8490,11,Williams,325.56,38.72,38.05,34.76,2025,4
8497,12,RedBull,342.08,25.36,30.47,23.17,2025,10
8504,14,Ferrari,311.98,25.33,38.85,34.86,2025,13
8509,3,McLaren,303.17,35.27,38.49,34.83,2025,24
8527,14,Ferrari,296.65,25.73,36.32,24.46,2025,8
8531,1,RedBull,286.38,29.7,37.87,24.54,2025,8
8539,14,Ferrari,336.53,32.47,33.55,28.51,2025,15
8541,7,Alpine,299.92,26.39,44.45,26.49,2025,11
8543,18,Ferrari,307.97,37.65,38.89,27.24,2025,7
8547,14,Ferrari,293.36,27.74,44.41,31.26,2025,13
8552,14,Ferrari,282.77,36.72,40.01,33.54,2025,18
8553,9,Ferrari,290.8,26.7,43.65,28.67,2025,18
8554,13,Mercedes,344.55,30.59,40.71,30.15,2025,12
8555,1,RedBull,293.3,38.92,30.6,26.07,2025,1
8559,3,McLaren,342.51,29.44,31.0,24.03,2025,6
8561,16,RedBull,289.33,30.24,32.44,33.56,2025,15
8576,13,Mercedes,307.29,36.86,31.81,25.02,2025,23
8579,8,Ferrari,289.16,34.62,36.71,31.86,2025,3
8581,1,RedBull,307.15,30.49,38.31,25.36,2025,9
8584,1,RedBull,320.78,35.18,37.78,20.0,2025,14
8586,16,RedBull,302.06,28.15,41.43,28.32,2025,7
8607,11,Williams,303.98,27.19,35.87,22.87,2025,17
8609,2,AlphaTauri,289.5,29.14,33.51,26.43,2025,24
8612,4,Williams,338.28,29.61,43.44,25.59,2025,6
8615,19,McLaren,316.79,37.44,40.89,26.16,2025,4
8619,7,Alpine,287.18,27.71,31.85,28.28,2025,17
8622,16,RedBull,329.83,39.76,37.28,34.59,2025,1
8623,5,Ferrari,324.92,37.8,30.3,33.21,2025,4
8624,5,Ferrari,334.43,39.69,44.62,21.76,2025,1
8627,16,RedBull,320.19,30.81,42.45,31.38,2025,15
8636,18,Ferrari,317.78,36.52,38.11,30.25,2025,16
8645,2,AlphaTauri,307.81,36.4,39.26,27.24,2025,2
8648,15,Alpine,285.09,35.78,40.86,20.31,2025,14
8653,7,Alpine,317.01,29.98,32.9,26.68,2025,21
8655,8,Ferrari,331.67,36.28,35.01,34.6,2025,11
8663,5,Ferrari,310.03,30.37,41.7,29.18,2025,19
8664,13,Mercedes,285.6,33.53,35.9,25.07,2025,5
8668,12,RedBull,332.31,37.39,31.75,20.46,2025,23
8675,19,McLaren,291.39,32.2,44.21,22.29,2025,6
8677,4,Williams,286.76,34.99,38.25,26.4,2025,12
8682,4,Williams,341.39,35.56,40.5,23.3,2025,1
8683,14,Ferrari,316.82,27.11,38.5,29.47,2025,16
8684,7,Alpine,311.62,31.9,43.8,23.07,2025,8
8686,18,Ferrari,343.78,26.89,36.7,23.38,2025,21
8687,12,RedBull,298.61,33.12,30.58,29.68,2025,20
8689,12,RedBull,331.35,34.5,31.55,31.52,2025,7
8691,16,RedBull,337.16,26.14,41.39,33.91,2025,16
8692,7,Alpine,308.47,35.4,36.86,22.45,2025,7
8700,18,Ferrari,310.58,27.98,30.15,28.69,2025,3
8701,3,McLaren,315.55,27.15,38.36,34.9,2025,22
8703,20,AlphaTauri,322.32,27.52,37.4,29.08,2025,2
8707,18,Ferrari,295.93,34.85,44.81,32.03,2025,7
8709,2,AlphaTauri,329.27,28.45,37.9,21.57,2025,18
8729,3,McLaren,316.54,25.59,35.84,27.8,2025,9
8734,14,Ferrari,307.67,26.36,40.56,21.54,2025,9
8736,8,Ferrari,308.98,37.92,41.4,33.81,2025,9
8738,1,RedBull,343.02,33.0,32.84,32.38,2025,9
8740,1,RedBull,337.89,28.9,30.67,34.11,2025,15
8741,12,RedBull,328.04,34.44,43.81,24.35,2025,20
8745,7,Alpine,327.99,26.15,42.68,30.31,2025,17
8746,5,Ferrari,321.99,27.18,39.18,21.5,2025,16
8748,18,Ferrari,310.06,32.3,44.35,29.74,2025,6
8753,9,Ferrari,331.51,33.85,32.25,29.65,2025,17
8756,1,RedBull,327.0,28.42,38.78,26.82,2025,14
8761,3,McLaren,340.56,31.04,38.76,22.83,2025,6
8762,8,Ferrari,310.22,34.68,31.97,26.85,2025,6
8764,6,Mercedes,286.1,31.57,33.84,29.49,2025,6
8769,20,AlphaTauri,310.28,26.56,41.56,33.51,2025,4
8774,20,AlphaTauri,335.71,31.82,44.62,21.61,2025,9
8777,16,RedBull,341.61,27.71,34.15,25.91,2025,2
8781,14,Ferrari,328.29,34.2,42.76,23.92,2025,18
8785,12,RedBull,280.91,33.43,43.68,31.84,2025,22
8786,14,Ferrari,320.76,37.7,30.14,29.61,2025,18
8788,11,Williams,314.23,26.89,30.02,20.57,2025,5
8793,9,Ferrari,342.25,29.38,44.45,25.99,2025,16
8796,18,Ferrari,302.33,26.37,33.6,20.81,2025,2
8797,10,Alpine,317.14,35.61,37.29,23.0,2025,16
8799,14,Ferrari,293.71,38.12,41.21,20.83,2025,19
8803,12,RedBull,316.21,28.61,43.65,28.51,2025,7
8807,15,Alpine,325.58,28.91,41.49,32.41,2025,9
8813,17,McLaren,329.41,34.26,41.38,25.61,2025,21
8815,12,RedBull,331.77,35.68,43.16,32.47,2025,17
8818,13,Mercedes,305.11,26.38,34.6,33.34,2025,20
8820,8,Ferrari,325.64,25.51,39.97,33.87,2025,12
8823,5,Ferrari,320.95,30.68,31.28,24.99,2025,9
8825,12,RedBull,308.68,35.46,44.38,32.84,2025,9
8831,20,AlphaTauri,332.3,28.14,38.52,24.97,2025,17
8835,19,McLaren,325.55,29.78,42.94,23.31,2025,20
8837,10,Alpine,303.7,37.48,42.16,26.58,2025,6
8838,2,AlphaTauri,327.68,25.77,40.09,20.29,2025,3
8839,4,Williams,330.89,35.06,35.51,25.04,2025,2
8842,2,AlphaTauri,291.64,28.27,43.62,34.37,2025,3
8844,5,Ferrari,309.3,25.52,42.29,30.25,2025,6
8846,7,Alpine,339.87,26.06,40.87,30.56,2025,5
8849,19,McLaren,285.0,33.24,34.34,31.44,2025,10
8856,16,RedBull,315.22,26.89,41.54,24.34,2025,20
8860,12,RedBull,339.7,29.11,35.59,30.1,2025,19
8862,13,Mercedes,281.48,34.58,39.01,33.44,2025,24
8864,4,Williams,280.44,30.39,34.02,23.26,2025,12
8870,8,Ferrari,305.28,35.24,39.82,29.99,2025,21
8871,15,Alpine,323.69,26.3,36.15,23.12,2025,17
8873,7,Alpine,333.82,30.03,41.48,21.35,2025,1
8876,2,AlphaTauri,342.41,31.67,42.23,29.74,2025,7
8880,2,AlphaTauri,295.99,33.94,41.98,33.57,2025,23
8891,8,Ferrari,293.02,30.57,30.14,27.89,2025,19
8897,3,McLaren,287.45,38.91,36.45,29.32,2025,16
8903,12,RedBull,328.19,36.38,41.56,32.15,2025,11
8905,16,RedBull,337.66,28.47,38.55,34.86,2025,16
8910,1,RedBull,332.99,26.88,39.42,27.17,2025,12
8916,7,Alpine,316.28,33.27,43.15,26.62,2025,12
8919,12,RedBull,329.99,31.02,31.45,34.97,2025,11
8920,17,McLaren,289.6,25.99,31.97,22.19,2025,6
8922,5,Ferrari,323.35,30.29,41.88,29.41,2025,18
8925,8,Ferrari,305.26,38.82,42.0,22.49,2025,13
8928,20,AlphaTauri,288.89,36.46,41.43,20.84,2025,1
8938,20,AlphaTauri,326.36,39.07,38.72,33.16,2025,22
8939,14,Ferrari,315.01,37.92,43.29,34.88,2025,21
8940,16,RedBull,324.1,30.81,31.45,23.06,2025,1
8941,9,Ferrari,319.7,31.32,32.71,33.91,2025,6
8947,19,McLaren,283.04,37.34,43.25,30.24,2025,4
8953,16,RedBull,311.19,39.78,31.86,26.3,2025,23
8957,7,Alpine,304.5,34.73,38.17,28.18,2025,22
8960,13,Mercedes,332.05,34.5,32.28,21.75,2025,14
8967,10,Alpine,328.95,33.3,35.67,26.36,2025,19
8971,16,RedBull,327.7,39.81,32.48,20.19,2025,24
8973,1,RedBull,318.05,38.82,39.11,29.36,2025,3
8975,12,RedBull,313.09,28.86,40.32,28.88,2025,24
8977,15,Alpine,302.67,30.68,30.38,32.1,2025,4
8984,8,Ferrari,280.53,32.29,31.75,23.47,2025,24
8992,20,AlphaTauri,323.95,32.34,40.77,26.44,2025,14
8994,16,RedBull,325.86,25.28,36.01,21.63,2025,16
8995,1,RedBull,284.17,39.9,34.3,33.16,2025,9
8998,3,McLaren,339.57,35.09,33.35,33.7,2025,6
9001,3,McLaren,285.76,30.7,36.46,30.89,2025,21
9002,10,Alpine,343.06,29.28,38.62,33.36,2025,8
9004,12,RedBull,331.02,31.89,32.86,24.13,2025,5
9008,14,Ferrari,316.1,30.94,34.44,26.7,2025,4
9010,9,Ferrari,341.59,34.37,42.88,33.34,2025,13
9015,19,McLaren,305.07,28.66,44.24,29.67,2025,15
9018,16,RedBull,311.73,27.84,42.97,22.49,2025,16
9020,7,Alpine,335.04,31.26,41.3,27.47,2025,15
9021,10,Alpine,335.38,31.12,42.94,26.78,2025,20
9027,8,Ferrari,300.04,28.56,40.09,20.25,2025,12
9028,1,RedBull,310.47,39.48,34.34,34.18,2025,4
9030,17,McLaren,311.49,38.18,42.08,29.34,2025,4
9039,9,Ferrari,306.53,35.21,32.85,25.06,2025,15
9041,18,Ferrari,331.01,27.24,36.33,33.99,2025,23
9045,13,Mercedes,316.86,30.22,34.94,20.62,2025,13
9046,13,Mercedes,332.67,35.15,36.89,31.61,2025,19
9047,20,AlphaTauri,340.67,36.3,41.71,20.53,2025,20
9049,5,Ferrari,303.24,31.49,41.83,31.2,2025,18
9052,16,RedBull,314.75,36.31,42.69,22.8,2025,13
9068,14,Ferrari,301.53,25.81,32.7,27.79,2025,7
9070,9,Ferrari,340.07,32.54,35.86,27.83,2025,2
9083,20,AlphaTauri,281.14,32.25,32.71,32.11,2025,1
9086,19,McLaren,295.79,33.7,39.61,23.02,2025,19
9089,10,Alpine,309.1,36.33,35.81,25.79,2025,1
9095,3,McLaren,338.26,28.68,40.99,34.5,2025,23
9100,9,Ferrari,344.11,29.85,35.33,28.26,2025,24
9112,11,Williams,301.46,29.54,38.81,25.68,2025,7
9113,5,Ferrari,296.65,29.97,30.35,28.19,2025,2
9115,19,McLaren,305.6,30.99,32.11,24.5,2025,9
9117,6,Mercedes,325.0,25.05,37.85,21.16,2025,6
9121,9,Ferrari,329.04,35.62,41.58,29.01,2025,10
9122,16,RedBull,303.5,38.2,44.93,31.31,2025,1
9131,8,Ferrari,309.63,31.91,37.2,29.42,2025,3
9140,16,RedBull,341.49,37.7,34.39,21.71,2025,4
9141,12,RedBull,296.04,28.78,40.75,29.04,2025,12
9145,17,McLaren,330.84,33.58,38.39,32.77,2025,22
9148,10,Alpine,306.21,36.18,33.9,22.01,2025,18
9156,2,AlphaTauri,292.92,26.89,44.02,26.1,2025,18
9159,1,RedBull,281.82,39.26,33.77,32.76,2025,1
9163,2,AlphaTauri,334.95,27.68,39.94,24.87,2025,14
9166,3,McLaren,319.16,39.33,41.87,20.6,2025,1
9169,9,Ferrari,311.82,26.91,36.85,25.95,2025,3
9170,16,RedBull,320.92,30.89,37.38,25.33,2025,23
9180,5,Ferrari,314.74,30.2,43.48,20.76,2025,17
9196,20,AlphaTauri,284.41,34.43,38.97,29.19,2025,21
9198,3,McLaren,321.77,31.34,30.1,32.71,2025,18
9212,14,Ferrari,296.6,37.21,38.8,21.5,2025,8
9218,6,Mercedes,317.27,26.77,36.19,28.96,2025,10
9220,7,Alpine,330.37,33.65,36.91,32.67,2025,17
9230,9,Ferrari,297.0,25.55,32.44,20.95,2025,9
9234,13,Mercedes,329.52,33.16,36.79,26.39,2025,10
9246,12,RedBull,313.38,28.93,32.8,20.55,2025,16
9247,15,Alpine,307.59,37.26,44.54,21.12,2025,21
9258,14,Ferrari,283.02,32.57,44.25,23.2,2025,16
9262,5,Ferrari,312.95,31.0,34.14,22.87,2025,22
9266,6,Mercedes,283.2,33.15,44.94,28.17,2025,18
9271,15,Alpine,344.75,26.37,36.28,21.32,2025,13
9275,12,RedBull,338.86,28.9,30.72,21.13,2025,14
9281,13,Mercedes,344.5,33.47,35.53,30.81,2025,16
9284,17,McLaren,334.28,33.96,36.97,33.58,2025,4
9286,17,McLaren,337.33,26.84,33.17,31.3,2025,17
9287,7,Alpine,280.66,35.38,33.2,20.62,2025,19
9288,13,Mercedes,340.2,30.5,31.1,32.87,2025,4
9292,5,Ferrari,329.7,27.4,43.82,31.99,2025,1
9295,8,Ferrari,293.93,28.98,33.57,34.79,2025,23
9299,13,Mercedes,280.29,31.26,42.53,28.86,2025,8
9305,17,McLaren,301.26,25.68,35.5,34.6,2025,8
9307,15,Alpine,294.59,36.44,35.38,29.68,2025,20
9309,1,RedBull,287.84,35.01,40.04,22.39,2025,8
9311,19,McLaren,314.38,25.67,43.12,29.7,2025,2
9313,18,Ferrari,280.98,39.5,35.25,24.65,2025,16
9314,1,RedBull,307.39,33.96,39.55,25.67,2025,5
9318,19,McLaren,336.54,34.06,40.68,29.31,2025,11
9320,17,McLaren,288.14,37.79,43.17,33.02,2025,13
9325,5,Ferrari,327.34,25.46,30.54,20.66,2025,19
9330,2,AlphaTauri,344.45,29.29,43.56,34.61,2025,2
9331,12,RedBull,292.13,33.0,31.86,23.33,2025,22
9332,14,Ferrari,326.44,35.12,43.77,33.11,2025,17
9334,19,McLaren,316.5,30.44,41.24,26.31,2025,8
9336,16,RedBull,296.84,25.08,43.16,23.04,2025,15
9340,18,Ferrari,342.81,35.09,43.17,28.08,2025,15
9341,19,McLaren,336.33,33.68,44.19,28.64,2025,5
9343,10,Alpine,335.94,29.17,35.49,30.37,2025,2
9347,4,Williams,294.94,36.46,38.37,25.72,2025,10
9348,18,Ferrari,338.07,37.6,42.1,29.07,2025,10
9349,18,Ferrari,317.82,29.74,39.12,25.57,2025,8
9358,9,Ferrari,283.47,35.15,44.57,31.73,2025,2
9359,7,Alpine,287.91,30.27,33.85,25.69,2025,11
9361,12,RedBull,296.75,29.88,33.17,34.85,2025,7
9365,6,Mercedes,301.03,33.27,39.13,25.26,2025,16
9367,3,McLaren,335.4,25.58,38.76,27.6,2025,19
9373,14,Ferrari,313.75,31.77,32.39,26.35,2025,7
9383,4,Williams,334.5,28.42,32.92,31.15,2025,18
9385,5,Ferrari,321.74,28.32,32.71,34.44,2025,17
9386,7,Alpine,338.68,36.87,38.45,24.07,2025,20
9388,8,Ferrari,338.64,31.42,36.63,28.02,2025,7
9394,15,Alpine,286.82,29.02,36.93,33.75,2025,6
9395,2,AlphaTauri,325.64,34.35,43.14,23.9,2025,7
9396,11,Williams,291.51,38.33,37.61,30.34,2025,21
9399,13,Mercedes,280.03,32.26,37.53,28.01,2025,9
9403,16,RedBull,309.63,26.81,37.24,20.25,2025,24
9405,15,Alpine,280.72,31.57,42.66,28.18,2025,6
9412,2,AlphaTauri,297.04,36.04,33.49,30.03,2025,9
9415,5,Ferrari,337.79,26.77,44.16,24.26,2025,8
9417,3,McLaren,319.29,39.2,44.73,27.16,2025,12
9421,2,AlphaTauri,323.2,39.58,41.46,34.87,2025,1
9435,2,AlphaTauri,322.89,38.87,30.32,28.95,2025,13
9438,7,Alpine,342.23,29.47,40.66,29.83,2025,4
9447,19,McLaren,285.57,39.05,39.25,31.29,2025,8
9448,17,McLaren,340.92,32.1,37.94,28.52,2025,10
9449,11,Williams,293.83,32.12,35.27,26.28,2025,14
9452,18,Ferrari,308.25,31.28,33.43,31.58,2025,3
9455,10,Alpine,302.71,35.31,43.1,27.53,2025,3
9460,11,Williams,306.73,32.98,44.09,32.39,2025,12
9462,5,Ferrari,340.35,36.1,30.99,25.31,2025,16
9463,6,Mercedes,339.31,30.59,35.39,23.49,2025,15
9473,17,McLaren,322.1,30.0,44.11,33.31,2025,19
9476,9,Ferrari,322.72,39.49,44.81,32.47,2025,15
9478,10,Alpine,311.98,33.71,43.39,27.05,2025,8
9482,3,McLaren,313.24,25.73,37.64,31.16,2025,12
9486,18,Ferrari,307.81,34.82,37.78,33.54,2025,23
9488,3,McLaren,304.25,35.9,42.54,28.62,2025,17
9489,11,Williams,305.28,29.16,42.75,33.01,2025,15
9496,14,Ferrari,334.99,37.76,36.15,25.29,2025,4
9510,8,Ferrari,340.93,28.79,32.5,31.58,2025,15
9512,7,Alpine,291.04,27.45,42.02,32.59,2025,21
9513,14,Ferrari,302.3,33.47,36.78,33.33,2025,1
9520,1,RedBull,321.48,27.47,43.0,24.89,2025,18
9528,12,RedBull,338.75,28.74,38.44,25.93,2025,18
9529,5,Ferrari,334.08,39.16,36.5,34.12,2025,22
9538,18,Ferrari,296.39,33.05,38.29,27.64,2025,2
9539,3,McLaren,310.56,39.0,42.36,31.47,2025,10
9541,9,Ferrari,321.67,27.14,36.98,26.07,2025,20
9543,10,Alpine,310.83,25.5,34.17,23.14,2025,7
9547,17,McLaren,315.45,34.17,38.87,29.09,2025,14
9554,16,RedBull,344.22,25.99,35.33,32.71,2025,19
9555,9,Ferrari,291.28,35.11,44.95,34.59,2025,21
9557,10,Alpine,342.89,26.76,39.24,26.59,2025,2
9561,14,Ferrari,310.21,26.01,35.03,23.99,2025,23
9565,12,RedBull,312.03,30.04,43.96,27.65,2025,11
9567,6,Mercedes,295.5,29.96,35.34,33.39,2025,8
9569,17,McLaren,281.63,38.02,43.5,23.24,2025,24
9570,4,Williams,327.59,28.55,30.21,29.64,2025,9
9573,3,McLaren,303.25,25.56,30.04,23.26,2025,18
9574,19,McLaren,322.6,32.14,44.34,30.73,2025,20
9580,15,Alpine,280.86,28.56,32.42,33.04,2025,18
9581,1,RedBull,310.74,30.56,44.39,21.29,2025,9
9584,10,Alpine,286.91,34.0,38.33,28.7,2025,9
9588,6,Mercedes,322.54,37.33,36.21,23.73,2025,20
9589,12,RedBull,325.57,27.29,34.34,21.59,2025,14
9594,20,AlphaTauri,319.31,33.08,44.72,27.43,2025,16
9596,9,Ferrari,303.47,25.77,38.82,33.16,2025,2
9597,19,McLaren,281.82,37.08,32.43,28.41,2025,23
9598,6,Mercedes,338.5,27.26,35.12,25.64,2025,18
9599,8,Ferrari,319.2,37.78,31.68,26.18,2025,18
9603,14,Ferrari,292.08,34.4,34.99,20.39,2025,2
9610,18,Ferrari,342.11,38.72,30.29,23.17,2025,10
9613,16,RedBull,324.71,39.1,34.12,25.69,2025,4
9614,13,Mercedes,338.59,25.75,30.18,22.63,2025,13
9618,8,Ferrari,336.49,36.6,33.54,32.79,2025,3
9624,9,Ferrari,305.67,27.76,40.11,26.72,2025,21
9626,11,Williams,322.22,26.32,38.02,34.61,2025,4
9629,3,McLaren,315.2,28.28,38.91,28.59,2025,16
9632,10,Alpine,280.96,33.19,41.85,28.47,2025,8
9633,11,Williams,318.15,28.0,32.91,20.93,2025,11
9642,5,Ferrari,287.9,28.21,31.52,29.48,2025,13
9646,17,McLaren,327.35,38.88,36.7,33.54,2025,4
9650,14,Ferrari,295.23,27.78,34.48,30.17,2025,9
9655,18,Ferrari,333.99,37.12,31.8,30.3,2025,18
9658,7,Alpine,340.93,28.05,38.91,20.31,2025,7
9660,2,AlphaTauri,296.04,39.19,33.82,23.55,2025,9
9661,1,RedBull,310.93,32.97,40.14,28.87,2025,20
9666,17,McLaren,327.86,39.49,32.0,32.61,2025,6
9672,7,Alpine,316.58,28.85,44.11,33.3,2025,4
9676,19,McLaren,297.4,37.86,39.95,30.67,2025,22
9680,8,Ferrari,328.51,38.68,30.23,26.72,2025,2
9681,9,Ferrari,336.69,27.1,39.28,25.32,2025,22
9682,1,RedBull,343.04,35.68,36.56,27.49,2025,20
9700,8,Ferrari,280.62,30.41,33.39,27.21,2025,14
9702,6,Mercedes,302.12,39.89,32.02,27.93,2025,14
9704,17,McLaren,309.02,36.16,37.53,26.11,2025,9
9705,17,McLaren,303.32,27.65,33.47,25.0,2025,20
9711,13,Mercedes,309.87,34.4,33.77,25.3,2025,16
9713,5,Ferrari,329.85,37.74,37.73,24.24,2025,19
9721,4,Williams,327.61,32.67,41.43,22.16,2025,14
9730,5,Ferrari,336.65,29.03,32.32,33.21,2025,13
9731,17,McLaren,326.52,39.62,36.14,31.69,2025,19
9732,6,Mercedes,336.18,32.43,40.54,28.89,2025,12
9742,2,AlphaTauri,280.53,37.31,35.4,33.37,2025,24
9751,5,Ferrari,340.2,32.99,43.87,25.77,2025,10
9752,17,McLaren,336.35,35.69,41.96,26.29,2025,14
9762,6,Mercedes,303.9,26.1,30.91,26.9,2025,18
9763,20,AlphaTauri,340.11,38.6,43.09,28.76,2025,12
9766,20,AlphaTauri,296.39,27.7,31.05,27.8,2025,8
9771,20,AlphaTauri,307.14,30.8,37.7,27.31,2025,18
9775,9,Ferrari,305.36,32.56,36.9,21.13,2025,8
9777,11,Williams,312.84,36.71,31.76,21.21,2025,22
9780,20,AlphaTauri,309.68,33.17,30.41,30.95,2025,11
9783,15,Alpine,329.41,26.63,39.02,34.12,2025,10
9789,20,AlphaTauri,337.18,39.13,42.39,28.15,2025,24
9790,5,Ferrari,343.02,27.04,44.78,20.41,2025,15
9801,19,McLaren,341.56,32.0,31.47,30.92,2025,14
9805,5,Ferrari,326.42,29.75,31.9,31.35,2025,11
9808,13,Mercedes,283.01,32.59,40.88,31.14,2025,5
9810,3,McLaren,326.31,32.84,42.67,22.4,2025,21
9812,5,Ferrari,314.28,25.4,40.18,26.48,2025,7
9817,2,AlphaTauri,330.38,27.29,35.82,32.99,2025,5
9820,11,Williams,316.09,27.05,35.73,27.81,2025,9
9824,12,RedBull,294.9,26.94,42.22,27.52,2025,2
9825,13,Mercedes,300.59,27.93,38.11,22.73,2025,12
9828,14,Ferrari,339.67,39.53,32.51,24.13,2025,18
9833,13,Mercedes,334.68,38.77,37.92,32.9,2025,21
9835,16,RedBull,301.41,28.17,30.96,32.81,2025,19
9839,9,Ferrari,330.86,32.05,43.09,32.52,2025,5
9841,11,Williams,320.33,30.09,32.17,26.96,2025,17
9844,10,Alpine,313.08,37.03,36.33,23.58,2025,1
9849,7,Alpine,309.26,30.67,30.54,32.51,2025,3
9850,19,McLaren,298.7,39.21,41.15,31.07,2025,5
9855,9,Ferrari,281.92,34.88,42.85,31.71,2025,21
9858,11,Williams,308.28,35.98,36.46,34.01,2025,21
9859,5,Ferrari,341.02,37.96,39.31,30.73,2025,6
9861,19,McLaren,343.51,25.05,31.1,25.04,2025,2
9863,16,RedBull,342.42,27.13,44.33,20.59,2025,4
9880,18,Ferrari,313.38,38.29,35.62,21.02,2025,1
9881,12,RedBull,306.48,27.69,33.92,21.64,2025,14
9883,2,AlphaTauri,327.23,38.27,41.29,24.55,2025,22
9886,18,Ferrari,289.92,29.25,38.88,32.68,2025,23
9887,18,Ferrari,295.32,37.49,41.07,28.21,2025,17
9897,15,Alpine,293.53,28.28,35.17,25.32,2025,8
9904,15,Alpine,318.42,25.57,34.82,29.32,2025,5
9920,14,Ferrari,333.01,31.68,37.25,24.51,2025,5
9921,14,Ferrari,326.56,36.18,35.66,30.05,2025,1
9924,14,Ferrari,322.04,25.67,44.72,34.82,2025,17
9932,13,Mercedes,287.16,25.54,33.0,32.47,2025,9
9934,5,Ferrari,296.63,29.89,38.0,28.35,2025,24
9942,16,RedBull,320.39,37.36,39.43,31.29,2025,20
9947,1,RedBull,297.97,39.62,42.36,29.35,2025,7
9951,14,Ferrari,289.22,32.93,39.15,27.47,2025,17
9952,6,Mercedes,289.93,31.77,42.75,23.7,2025,12
9953,13,Mercedes,313.59,33.68,37.13,28.83,2025,1
9954,11,Williams,284.64,31.8,36.58,29.08,2025,23
9956,10,Alpine,342.71,28.38,42.2,31.01,2025,3
9963,16,RedBull,344.75,36.71,39.7,24.44,2025,8
9969,13,Mercedes,309.32,26.32,39.36,25.16,2025,7
9979,13,Mercedes,316.55,32.88,36.45,22.89,2025,22
9984,13,Mercedes,295.0,35.64,32.71,28.86,2025,16
9985,11,Williams,333.19,27.52,36.21,28.04,2025,9
9992,3,McLaren,297.27,35.76,40.84,23.83,2025,21
9993,19,McLaren,320.98,34.13,42.13,30.4,2025,13
9999,4,Williams,297.62,27.75,40.84,21.61,2025,22
10000,1,RedBull,335.13,28.86,33.43,25.93,2025,2
